stage,view,frame,frame_ms,render_ms,shadow_refreshed,shadow_ms,world_ms,forest_ms,post_ms,end_drawing_ms,brick_ms,steel_ms,water_ms,trunks_ms
1,spawn,0,8.496792,7.084667,1,1.126125,3.741041,0.002167,0.173167,1.531041,2.760665,0.171209,0.000000,0.000000
1,spawn,1,8.806750,4.590334,0,0.000167,3.530625,0.001416,0.085917,0.534750,2.632369,0.131501,0.000000,0.000000
1,spawn,2,9.378417,9.378209,1,1.157417,3.506666,0.002125,0.104333,3.869250,2.589076,0.135582,0.000000,0.000000
1,spawn,3,8.827708,4.464167,0,0.000042,3.336042,0.001958,0.083750,0.540292,2.443295,0.129168,0.000000,0.000000
1,spawn,4,8.506625,6.993375,1,1.248250,3.479958,0.001584,0.082125,1.697542,2.587627,0.132626,0.000000,0.000000
1,spawn,5,8.828291,4.452875,0,0.000000,3.396625,0.001500,0.079708,0.569750,2.482997,0.136333,0.000000,0.000000
1,spawn,6,8.593208,6.301125,1,1.186375,3.709417,0.002042,0.118416,0.729709,2.737835,0.141541,0.000000,0.000000
1,spawn,7,8.826417,4.451958,0,0.000042,3.415792,0.001583,0.077167,0.538042,2.522826,0.132333,0.000000,0.000000
1,spawn,8,8.402625,7.909708,1,1.170792,3.590792,0.001791,0.089500,2.583709,2.697498,0.133832,0.000000,0.000000
1,spawn,9,11.049417,11.049125,0,0.000125,3.597500,0.001583,0.091625,6.845708,2.611044,0.131499,0.000000,0.000000
1,spawn,10,8.341875,8.330709,1,1.242500,3.411416,0.001875,0.229916,2.873417,2.415466,0.138541,0.000000,0.000000
1,spawn,11,8.900750,8.900583,0,0.000000,3.538167,0.001709,0.080750,4.816458,2.586797,0.134375,0.000000,0.000000
1,spawn,12,8.425541,5.784625,1,1.177542,3.486833,0.001542,0.074709,0.569375,2.595459,0.126333,0.000000,0.000000
1,spawn,13,8.339208,8.338167,0,0.000125,3.478541,0.002000,0.090125,4.269333,2.531207,0.135041,0.000000,0.000000
1,spawn,14,8.638917,5.937000,1,1.165375,3.678166,0.001417,0.083458,0.554541,2.752834,0.131000,0.000000,0.000000
1,spawn,15,8.368541,8.104417,0,0.000042,3.474708,0.001583,0.140833,3.992334,2.549466,0.137334,0.000000,0.000000
1,spawn,16,8.406750,8.406417,1,1.121375,3.367208,0.001750,0.140459,3.265875,2.470587,0.138125,0.000000,0.000000
1,spawn,17,8.382500,7.980667,0,0.000000,3.562750,0.001792,0.152417,3.774875,2.612923,0.142042,0.000000,0.000000
1,spawn,18,8.566750,6.526791,1,1.373500,3.273750,0.001500,0.081333,1.304250,2.385835,0.124791,0.000000,0.000000
1,spawn,19,8.382917,8.006292,0,0.000041,3.608834,0.001667,0.092708,3.821167,2.607455,0.144542,0.000000,0.000000
1,spawn,20,15.105083,15.104834,1,1.223500,3.333875,0.001417,0.079250,10.005208,2.421625,0.135874,0.000000,0.000000
1,spawn,21,8.766708,4.919916,0,0.000042,3.586792,0.002292,0.165333,0.642500,2.689628,0.140792,0.000000,0.000000
1,spawn,22,8.676250,8.676000,1,1.091542,3.655333,0.002167,0.102125,3.339333,2.590418,0.159333,0.000000,0.000000
1,spawn,23,8.789291,4.758417,0,0.000000,3.401000,0.001542,0.109458,0.804500,2.523074,0.134250,0.000000,0.000000
1,spawn,24,10.270042,10.269791,1,1.119875,3.442583,0.001917,0.092125,5.145458,2.504335,0.133250,0.000000,0.000000
1,spawn,25,8.689708,5.537167,0,0.000125,3.537625,0.001292,0.077042,1.425292,2.518960,0.129416,0.000000,0.000000
1,spawn,26,8.440125,8.439833,1,1.193292,3.632750,0.001958,0.090625,2.995667,2.679453,0.135207,0.000000,0.000000
1,spawn,27,13.770458,13.770167,0,0.000042,3.661583,0.002000,0.129709,9.458375,2.652540,0.152000,0.000000,0.000000
1,spawn,28,8.612333,6.198750,1,1.325541,3.457542,0.001625,0.126042,0.665833,2.525584,0.132625,0.000000,0.000000
1,spawn,29,8.385333,7.990375,0,0.000125,3.468125,0.001500,0.082667,3.961500,2.528833,0.136708,0.000000,0.000000
1,spawn,30,8.368375,8.106541,1,1.284500,3.320000,0.001333,0.082792,2.951458,2.432379,0.124333,0.000000,0.000000
1,spawn,31,8.434958,8.434708,0,0.000042,3.530750,0.001416,0.099500,4.221875,2.520210,0.141000,0.000000,0.000000
1,spawn,32,15.909375,15.909208,1,1.343334,3.307459,0.001500,0.073416,10.721459,2.425126,0.127709,0.000000,0.000000
1,spawn,33,8.749541,5.054458,0,0.000000,3.654375,0.002208,0.160875,0.768625,2.751587,0.139500,0.000000,0.000000
1,spawn,34,8.655583,8.655208,1,1.112500,3.540334,0.002125,0.095542,3.400459,2.638085,0.132541,0.000000,0.000000
1,spawn,35,8.768833,4.940834,0,0.000000,3.422959,0.001417,0.086166,0.908375,2.508376,0.138374,0.000000,0.000000
1,spawn,36,8.475375,7.308875,1,1.125875,3.508334,0.001834,0.232917,1.925458,2.550956,0.138541,0.000000,0.000000
1,spawn,37,8.651000,5.895917,0,0.000209,3.501542,0.001750,0.109042,1.816416,2.561918,0.128249,0.000000,0.000000
1,spawn,38,8.484333,7.355208,1,1.203917,3.506042,0.002375,0.103834,2.018417,2.561784,0.131708,0.000000,0.000000
1,spawn,39,8.629792,6.004208,0,0.000083,3.692958,0.001459,0.089542,1.756083,2.790373,0.136000,0.000000,0.000000
1,spawn,40,9.144375,9.143792,1,1.117375,3.470542,0.001875,0.088916,3.867333,2.543341,0.127542,0.000000,0.000000
1,spawn,41,8.779584,4.850250,0,0.000041,3.640584,0.001334,0.195166,0.446542,2.627879,0.164082,0.000000,0.000000
1,spawn,42,8.489542,7.136000,1,1.135625,3.633875,0.001959,0.092875,1.783750,2.652664,0.141958,0.000000,0.000000
1,spawn,43,8.821000,4.482000,0,0.000042,3.398500,0.001292,0.219708,0.391292,2.454877,0.149834,0.000000,0.000000
1,spawn,44,8.582375,6.426792,1,1.157958,3.633500,0.001708,0.107667,1.012625,2.677833,0.131292,0.000000,0.000000
1,spawn,45,8.829000,4.413917,0,0.000000,3.362041,0.001625,0.076666,0.539250,2.420258,0.134124,0.000000,0.000000
1,spawn,46,8.600708,6.368584,1,1.223833,3.572958,0.001916,0.104375,0.840625,2.514875,0.204000,0.000000,0.000000
1,spawn,47,8.813625,4.568750,0,0.000083,3.407375,0.001750,0.090541,0.589459,2.513513,0.136542,0.000000,0.000000
1,spawn,48,8.556916,6.652416,1,1.165500,3.534417,0.001583,0.096083,1.367333,2.553208,0.126000,0.000000,0.000000
1,spawn,49,41.722708,41.722208,0,0.000042,3.631375,0.001417,0.104500,37.523292,2.660998,0.139625,0.000000,0.000000
1,spawn,50,8.563875,6.563708,1,1.471500,3.775709,0.001917,0.088542,0.647583,2.757254,0.143417,0.000000,0.000000
1,spawn,51,19.675417,19.675125,0,0.000084,3.668459,0.001667,0.085834,15.465750,2.595412,0.153332,0.000000,0.000000
1,spawn,52,10.003084,10.002584,1,1.264834,3.593209,0.002125,0.091167,4.520417,2.635000,0.126958,0.000000,0.000000
1,spawn,53,8.764416,4.957875,0,0.000042,3.681541,0.001750,0.234250,0.488292,2.681621,0.139334,0.000000,0.000000
1,spawn,54,8.478792,7.219791,1,1.136083,3.627291,0.001917,0.100042,1.806042,2.704706,0.132332,0.000000,0.000000
1,spawn,55,8.816958,4.555208,0,0.000041,3.345042,0.001417,0.109583,0.603875,2.418915,0.135583,0.000000,0.000000
1,spawn,56,13.165041,13.164583,1,1.214667,3.554708,0.002042,0.106458,7.741750,2.561495,0.134791,0.000000,0.000000
1,spawn,57,15.256458,15.256167,0,0.000000,3.900208,0.002166,0.097708,10.731833,2.869259,0.145875,0.000000,0.000000
1,spawn,58,9.347542,9.346916,1,1.427167,3.754959,0.002250,0.120666,3.445000,2.789046,0.147708,0.000000,0.000000
1,spawn,59,8.483292,7.194666,0,0.000041,3.439458,0.001875,0.114583,3.203125,2.508583,0.139167,0.000000,0.000000
1,spawn,60,14.916917,14.916459,1,1.111625,3.743625,0.001708,0.086458,9.442166,2.684297,0.149169,0.000000,0.000000
1,spawn,61,10.263500,10.263209,0,0.000041,3.953292,0.002000,0.088625,5.743542,2.874746,0.137290,0.000000,0.000000
1,spawn,62,8.654000,5.839334,1,1.147083,3.521292,0.001625,0.102042,0.521334,2.595783,0.125250,0.000000,0.000000
1,spawn,63,21.289666,21.288583,0,0.000209,3.595459,0.001583,0.095917,17.027708,2.637720,0.158292,0.000000,0.000000
1,spawn,64,8.719584,8.719292,1,1.458708,3.702125,0.002292,0.110000,2.832042,2.608426,0.131791,0.000000,0.000000
1,spawn,65,11.900208,11.899959,0,0.000042,3.721500,0.001666,0.121583,7.497500,2.736581,0.176457,0.000000,0.000000
1,spawn,66,8.636542,5.957958,1,1.228208,3.585833,0.001583,0.117292,0.479583,2.659082,0.125250,0.000000,0.000000
1,spawn,67,15.095958,15.095625,0,0.000000,3.633667,0.001916,0.110375,10.880791,2.650664,0.135335,0.000000,0.000000
1,spawn,68,12.044667,12.044375,1,1.358041,3.821375,0.002250,0.088542,6.252792,2.841210,0.136458,0.000000,0.000000
1,spawn,69,8.777208,5.125375,0,0.000000,3.591417,0.001875,0.111500,0.994583,2.575753,0.124833,0.000000,0.000000
1,spawn,70,8.524167,6.861542,1,1.229167,3.376667,0.002250,0.096917,1.595959,2.424123,0.126792,0.000000,0.000000
1,spawn,71,8.789875,4.766959,0,0.000042,3.599791,0.001333,0.082083,0.596917,2.640574,0.125042,0.000000,0.000000
1,spawn,72,8.373708,6.182417,1,1.124834,3.434166,0.001500,0.085167,1.035834,2.488951,0.126625,0.000000,0.000000
1,spawn,73,8.834875,4.407959,0,0.000041,3.363750,0.001458,0.073750,0.554625,2.453838,0.136708,0.000000,0.000000
1,spawn,74,8.514875,6.932542,1,1.326958,3.518375,0.001916,0.107000,1.477375,2.521168,0.136416,0.000000,0.000000
1,spawn,75,8.811333,4.560292,0,0.000041,3.261375,0.001583,0.081792,0.773959,2.374629,0.133916,0.000000,0.000000
1,spawn,76,8.432416,7.587000,1,1.167584,3.303208,0.001583,0.081167,2.535042,2.390703,0.125167,0.000000,0.000000
1,spawn,77,8.499625,7.115708,0,0.000000,3.373041,0.002041,0.095458,3.195166,2.393336,0.137041,0.000000,0.000000
1,spawn,78,8.665458,5.801166,1,1.127875,3.222959,0.001500,0.077208,0.905959,2.321959,0.124083,0.000000,0.000000
1,spawn,79,8.551208,6.642500,0,0.000083,3.438375,0.001459,0.088208,2.634292,2.519494,0.138333,0.000000,0.000000
1,spawn,80,8.685542,5.553584,1,1.078709,3.399250,0.001625,0.077166,0.494333,2.450920,0.126250,0.000000,0.000000
1,spawn,81,8.566541,6.521416,0,0.000042,3.648500,0.001792,0.086250,2.315125,2.694075,0.131167,0.000000,0.000000
1,spawn,82,8.682292,5.608375,1,1.077125,3.462833,0.001500,0.082125,0.523625,2.537537,0.133916,0.000000,0.000000
1,spawn,83,8.671875,5.686834,0,0.000042,3.301541,0.001583,0.082458,1.870583,2.401622,0.136042,0.000000,0.000000
1,spawn,84,8.686041,5.655166,1,1.166250,3.438917,0.001417,0.076708,0.522792,2.494329,0.126916,0.000000,0.000000
1,spawn,85,8.437333,7.605000,0,0.000083,3.477083,0.001916,0.135625,3.469458,2.509999,0.133125,0.000000,0.000000
1,spawn,86,8.662875,5.836459,1,1.369042,3.344666,0.001458,0.091875,0.563542,2.453505,0.125833,0.000000,0.000000
1,spawn,87,8.592542,6.311875,0,0.000083,3.570291,0.001542,0.090708,2.121875,2.646706,0.134708,0.000000,0.000000
1,spawn,88,8.669792,5.762416,1,1.135083,3.452916,0.001375,0.078500,0.605125,2.531500,0.128625,0.000000,0.000000
1,spawn,89,8.708625,5.390958,0,0.000042,3.547416,0.001667,0.100250,1.289000,2.610002,0.151500,0.000000,0.000000
1,spawn,90,8.661542,5.778750,1,1.141791,3.515250,0.001375,0.074833,0.573792,2.620335,0.126333,0.000000,0.000000
1,spawn,91,8.490583,7.153208,0,0.000000,3.500791,0.001416,0.084917,3.138125,2.618870,0.133249,0.000000,0.000000
1,spawn,92,8.657750,5.815917,1,1.250917,3.443833,0.001750,0.076000,0.583292,2.527248,0.151207,0.000000,0.000000
1,spawn,93,8.486083,7.159750,0,0.000000,3.405583,0.002000,0.087417,3.151375,2.467254,0.128416,0.000000,0.000000
1,spawn,94,8.665209,5.756583,1,1.229333,3.391125,0.001458,0.089625,0.579459,2.444882,0.126458,0.000000,0.000000
1,spawn,95,8.392458,8.392167,0,0.000000,3.501291,0.001750,0.083000,4.382083,2.559135,0.156792,0.000000,0.000000
1,spawn,96,8.663541,5.776750,1,1.084083,3.387542,0.001709,0.154916,0.668375,2.503922,0.124417,0.000000,0.000000
1,spawn,97,8.516959,6.919292,0,0.000042,3.547375,0.001833,0.087916,2.829583,2.631998,0.127750,0.000000,0.000000
1,spawn,98,8.581000,5.708458,1,1.057292,3.467500,0.001542,0.093209,0.617375,2.569000,0.124958,0.000000,0.000000
1,spawn,99,8.721125,5.309875,0,0.000042,3.487084,0.001583,0.091000,1.242708,2.497744,0.139876,0.000000,0.000000
1,spawn,100,8.644083,5.894709,1,1.071791,3.504917,0.001500,0.080292,0.648417,2.615377,0.128750,0.000000,0.000000
1,spawn,101,8.701625,5.500917,0,0.000000,3.302500,0.001667,0.094125,1.494000,2.413624,0.126043,0.000000,0.000000
1,spawn,102,8.500542,8.499709,1,1.129667,3.338958,0.001292,0.075791,3.488542,2.437372,0.137625,0.000000,0.000000
1,spawn,103,8.831916,4.461291,0,0.000000,3.304541,0.002000,0.079625,0.581917,2.411585,0.124333,0.000000,0.000000
1,spawn,104,8.365750,7.496750,1,1.099917,3.294875,0.001375,0.071833,2.592125,2.349419,0.137416,0.000000,0.000000
1,spawn,105,8.795291,4.767875,0,0.000042,3.643750,0.001709,0.079625,0.623625,2.732583,0.128959,0.000000,0.000000
1,spawn,106,8.462000,7.459333,1,1.108666,3.429875,0.001959,0.078875,2.389125,2.500416,0.133624,0.000000,0.000000
1,spawn,107,8.733709,5.179167,0,0.000084,3.355083,0.001292,0.076250,1.293500,2.443924,0.126792,0.000000,0.000000
1,spawn,108,11.892709,11.892417,1,1.084291,3.551917,0.001916,0.080167,6.673167,2.613169,0.152124,0.000000,0.000000
1,spawn,109,8.807500,4.617583,0,0.000041,3.566000,0.001500,0.076209,0.549542,2.675956,0.131002,0.000000,0.000000
1,spawn,110,10.653584,10.653291,1,1.189208,3.427416,0.001834,0.079375,5.456458,2.525167,0.130749,0.000000,0.000000
1,spawn,111,8.828750,4.434916,0,0.000042,3.391291,0.001208,0.140208,0.438917,2.443166,0.149874,0.000000,0.000000
1,spawn,112,8.543083,6.704875,1,1.141542,3.279167,0.001459,0.090791,1.574459,2.366291,0.126749,0.000000,0.000000
1,spawn,113,8.820917,4.519500,0,0.000041,3.381375,0.001500,0.078750,0.620708,2.482788,0.136041,0.000000,0.000000
1,spawn,114,8.396917,7.864833,1,1.171375,3.479208,0.001750,0.101416,2.630833,2.553621,0.125251,0.000000,0.000000
1,spawn,115,8.489125,7.227167,0,0.000042,3.627084,0.001875,0.081084,3.045291,2.711293,0.145167,0.000000,0.000000
1,spawn,116,8.637625,5.949709,1,1.154042,3.474833,0.001583,0.080292,0.782333,2.554123,0.145459,0.000000,0.000000
1,spawn,117,8.477750,7.311458,0,0.000125,3.320709,0.001625,0.085125,3.453000,2.369996,0.144417,0.000000,0.000000
1,spawn,118,8.514500,6.955083,1,1.162292,3.587375,0.001917,0.079000,1.661667,2.684791,0.143251,0.000000,0.000000
1,spawn,119,8.556208,6.679583,0,0.000042,3.599958,0.001750,0.086250,2.518542,2.612623,0.156042,0.000000,0.000000
1,spawn,120,8.591417,6.319042,1,1.360459,3.545791,0.001666,0.086958,0.847292,2.659665,0.127375,0.000000,0.000000
1,spawn,121,11.144333,11.143458,0,0.000125,3.618834,0.001708,0.085958,6.863000,2.628837,0.157250,0.000000,0.000000
1,spawn,122,8.664250,5.728250,1,1.153458,3.363583,0.001250,0.073458,0.695250,2.435168,0.168501,0.000000,0.000000
1,spawn,123,8.754584,5.007958,0,0.000000,3.609041,0.001334,0.097708,0.833334,2.645834,0.147375,0.000000,0.000000
1,spawn,124,8.463458,7.346916,1,1.182208,3.237250,0.001333,0.084625,2.289375,2.333085,0.126041,0.000000,0.000000
1,spawn,125,8.775542,4.859708,0,0.000042,3.659125,0.001500,0.083000,0.694500,2.686162,0.158791,0.000000,0.000000
1,spawn,126,8.616000,6.167000,1,1.191125,3.377375,0.001292,0.091042,0.979667,2.426372,0.124833,0.000000,0.000000
1,spawn,127,8.777375,4.924333,0,0.000000,3.516625,0.001917,0.078958,0.878000,2.591244,0.134041,0.000000,0.000000
1,spawn,128,8.628709,6.047375,1,1.117083,3.472833,0.001250,0.075250,0.916292,2.565375,0.144166,0.000000,0.000000
1,spawn,129,8.450458,7.442417,0,0.000000,3.238708,0.001458,0.101042,3.650917,2.323257,0.124167,0.000000,0.000000
1,spawn,130,9.562542,9.562291,1,1.228166,3.666333,0.001333,0.089791,4.107917,2.688497,0.153791,0.000000,0.000000
1,spawn,131,8.796291,4.774125,0,0.000000,3.528250,0.001542,0.137041,0.589084,2.570245,0.124375,0.000000,0.000000
1,spawn,132,12.607792,12.607458,1,1.221709,3.312833,0.001833,0.072333,7.456500,2.399701,0.133125,0.000000,0.000000
1,spawn,133,8.784542,4.766208,0,0.000042,3.403000,0.001333,0.076958,0.849000,2.432950,0.125041,0.000000,0.000000
1,spawn,134,11.538083,11.537875,1,1.106250,3.166250,0.001333,0.085125,6.699084,2.310134,0.124333,0.000000,0.000000
1,spawn,135,9.114958,9.114792,0,0.000000,3.290875,0.001875,0.077166,5.316709,2.381255,0.124125,0.000000,0.000000
1,spawn,136,9.120667,9.120500,1,1.160500,3.202708,0.001542,0.082042,4.009541,2.344917,0.125583,0.000000,0.000000
1,spawn,137,10.084416,10.084250,0,0.000000,3.422417,0.001666,0.069792,6.162500,2.501920,0.133541,0.000000,0.000000
1,spawn,138,8.624458,6.078500,1,1.234375,3.578625,0.001791,0.084625,0.642375,2.648082,0.134876,0.000000,0.000000
1,spawn,139,8.773125,8.772875,0,0.000042,3.405125,0.001667,0.082708,4.842750,2.532379,0.137250,0.000000,0.000000
1,spawn,140,8.667667,5.694833,1,1.167584,3.374875,0.001833,0.073042,0.594333,2.413537,0.152542,0.000000,0.000000
1,spawn,141,8.543458,6.718834,0,0.000000,3.316417,0.001416,0.069833,2.928333,2.382334,0.142374,0.000000,0.000000
1,spawn,142,8.487042,7.140792,1,1.199958,3.286708,0.001333,0.097459,2.057667,2.368495,0.134251,0.000000,0.000000
1,spawn,143,9.259167,9.259000,0,0.000042,3.427667,0.001334,0.071250,5.361417,2.517792,0.130459,0.000000,0.000000
1,spawn,144,8.366875,5.858500,1,1.136916,3.555917,0.001250,0.079916,0.600833,2.561374,0.155083,0.000000,0.000000
1,spawn,145,8.520125,6.919000,0,0.000000,3.216708,0.001375,0.072625,3.165334,2.330159,0.124291,0.000000,0.000000
1,spawn,146,8.653792,5.902125,1,1.122417,3.551666,0.001291,0.158125,0.583834,2.566243,0.144458,0.000000,0.000000
1,spawn,147,8.540959,6.723125,0,0.000208,3.218042,0.001375,0.092209,2.956792,2.352161,0.131041,0.000000,0.000000
1,spawn,148,8.664000,5.811375,1,1.084625,3.494250,0.001792,0.105208,0.560458,2.532418,0.166334,0.000000,0.000000
1,spawn,149,8.698333,5.453750,0,0.000083,3.495459,0.001292,0.093125,1.387500,2.392159,0.132042,0.000000,0.000000
1,spawn,150,12.301333,12.301208,1,1.159166,3.299458,0.001417,0.092459,7.315375,2.409082,0.129917,0.000000,0.000000
1,spawn,151,8.540417,4.588000,0,0.000042,3.434167,0.001625,0.092083,0.567416,2.489704,0.135250,0.000000,0.000000
1,spawn,152,8.739458,8.738750,1,1.306208,3.578083,0.001667,0.092166,3.227416,2.643081,0.150375,0.000000,0.000000
1,spawn,153,8.773125,4.898500,0,0.000042,3.575708,0.001417,0.071375,0.796166,2.626504,0.163833,0.000000,0.000000
1,spawn,154,9.017750,9.017375,1,1.116125,3.306750,0.001375,0.072291,4.067500,2.364748,0.124417,0.000000,0.000000
1,spawn,155,8.802458,4.719625,0,0.000042,3.584500,0.001375,0.080375,0.618833,2.602119,0.139750,0.000000,0.000000
1,spawn,156,8.520709,6.879375,1,1.125000,3.384625,0.001292,0.079833,1.788625,2.448207,0.156459,0.000000,0.000000
1,spawn,157,8.675250,4.673875,0,0.000042,3.463458,0.002125,0.089792,0.647958,2.472587,0.135625,0.000000,0.000000
1,spawn,158,8.617167,6.111625,1,1.152792,3.597959,0.001583,0.090417,0.799041,2.622205,0.151543,0.000000,0.000000
1,spawn,159,14.289542,14.289333,0,0.000000,3.528042,0.001459,0.077500,10.157875,2.508668,0.133167,0.000000,0.000000
1,spawn,160,8.651417,5.844500,1,1.318292,3.417834,0.002166,0.094333,0.500667,2.459119,0.124335,0.000000,0.000000
1,spawn,161,8.433958,7.593542,0,0.000000,3.507375,0.001792,0.089583,3.546250,2.563249,0.132710,0.000000,0.000000
1,spawn,162,8.615042,6.143500,1,1.309709,3.721208,0.001334,0.083667,0.534541,2.763213,0.141042,0.000000,0.000000
1,spawn,163,8.661167,5.891125,0,0.000000,3.497750,0.001459,0.082292,1.866833,2.519296,0.136875,0.000000,0.000000
1,spawn,164,14.385458,14.384500,1,1.103166,3.683666,0.001500,0.081792,9.032375,2.652874,0.176874,0.000000,0.000000
1,spawn,165,8.786875,4.766000,0,0.000041,3.581250,0.001583,0.077709,0.676583,2.649587,0.148669,0.000000,0.000000
1,spawn,166,8.399083,7.885833,1,1.296042,3.331875,0.002292,0.090625,2.682541,2.372370,0.124458,0.000000,0.000000
1,spawn,167,8.785083,4.802292,0,0.000000,3.589958,0.001250,0.083375,0.648500,2.630461,0.135291,0.000000,0.000000
1,spawn,168,9.320625,9.320375,1,1.122292,3.216833,0.001250,0.100709,4.372125,2.306045,0.124750,0.000000,0.000000
1,spawn,169,8.796625,4.665541,0,0.000042,3.553041,0.001250,0.097875,0.535875,2.593624,0.139416,0.000000,0.000000
1,spawn,170,8.493667,7.124625,1,1.084583,3.391833,0.001375,0.072708,2.059916,2.484831,0.133709,0.000000,0.000000
1,spawn,171,8.803250,4.617292,0,0.000041,3.416750,0.001917,0.075792,0.676416,2.496622,0.142375,0.000000,0.000000
1,spawn,172,8.447459,7.519625,1,1.205000,3.375500,0.001542,0.090875,2.285417,2.362839,0.124376,0.000000,0.000000
1,spawn,173,8.453792,6.365250,0,0.000041,3.727916,0.001792,0.090625,2.087542,2.744742,0.124709,0.000000,0.000000
1,spawn,174,10.842083,10.841792,1,1.126958,3.361750,0.001208,0.077084,5.837292,2.459626,0.124791,0.000000,0.000000
1,spawn,175,10.626917,10.626667,0,0.000000,3.722791,0.001292,0.077042,6.377333,2.720792,0.141791,0.000000,0.000000
1,spawn,176,8.631833,6.154750,1,1.192083,3.505541,0.001834,0.079916,0.919375,2.555424,0.136459,0.000000,0.000000
1,spawn,177,8.462041,7.356500,0,0.000084,3.563750,0.001375,0.090958,3.181167,2.606539,0.143750,0.000000,0.000000
1,spawn,178,8.651666,5.829875,1,1.100084,3.479708,0.001417,0.072750,0.700958,2.427372,0.153751,0.000000,0.000000
1,spawn,179,8.397750,7.863000,0,0.000042,3.313042,0.001208,0.072417,4.067833,2.429416,0.149958,0.000000,0.000000
1,spawn,180,8.529875,6.795333,1,1.187708,3.506125,0.001375,0.089167,1.499334,2.592786,0.129833,0.000000,0.000000
1,spawn,181,8.512083,6.975000,0,0.000042,3.334042,0.001375,0.070833,3.174542,2.432080,0.128375,0.000000,0.000000
1,spawn,182,8.633875,5.967542,1,1.280416,3.553708,0.001375,0.076750,0.569875,2.650920,0.143542,0.000000,0.000000
1,spawn,183,9.555625,9.555250,0,0.000000,3.462917,0.002167,0.098125,5.530000,2.540914,0.132499,0.000000,0.000000
1,spawn,184,8.666958,5.706125,1,1.246042,3.312666,0.001750,0.069458,0.594625,2.397873,0.150584,0.000000,0.000000
1,spawn,185,8.727917,5.214000,0,0.000042,3.504166,0.001667,0.086041,1.178459,2.603873,0.143208,0.000000,0.000000
1,spawn,186,13.270541,13.270250,1,1.073833,3.430542,0.001916,0.081125,8.178084,2.438001,0.135999,0.000000,0.000000
1,spawn,187,8.825916,4.464625,0,0.000042,3.336583,0.001334,0.088500,0.611291,2.446296,0.126791,0.000000,0.000000
1,spawn,188,8.434416,7.577125,1,1.073250,3.279750,0.001375,0.072750,2.718459,2.396208,0.124374,0.000000,0.000000
1,spawn,189,8.807250,4.591583,0,0.000042,3.405708,0.001959,0.084208,0.671334,2.502039,0.125668,0.000000,0.000000
1,spawn,190,9.812791,9.812417,1,1.096417,3.352000,0.001541,0.106541,4.782542,2.428462,0.138833,0.000000,0.000000
1,spawn,191,8.820291,4.515958,0,0.000042,3.425042,0.001291,0.080708,0.595709,2.499003,0.127750,0.000000,0.000000
1,spawn,192,8.586875,6.358541,1,1.103875,3.450583,0.002167,0.091250,1.159375,2.483950,0.131708,0.000000,0.000000
1,spawn,193,8.798667,4.683750,0,0.000042,3.518833,0.001417,0.092250,0.593417,2.569330,0.156416,0.000000,0.000000
1,spawn,194,9.757084,9.756750,1,1.141958,3.388542,0.001750,0.087125,4.654459,2.496328,0.130708,0.000000,0.000000
1,spawn,195,8.810292,4.560584,0,0.000042,3.390542,0.001458,0.076334,0.666500,2.470709,0.131251,0.000000,0.000000
1,spawn,196,8.541833,6.710000,1,1.233584,3.336625,0.002083,0.090750,1.410334,2.438415,0.126458,0.000000,0.000000
1,spawn,197,9.935458,9.935209,0,0.000000,3.427125,0.001500,0.087958,6.005792,2.483376,0.150251,0.000000,0.000000
1,spawn,198,8.641916,5.959625,1,1.076417,3.388334,0.002000,0.155333,0.760125,2.496005,0.125834,0.000000,0.000000
1,spawn,199,8.659334,5.867834,0,0.000000,3.447375,0.001542,0.092667,1.849125,2.481872,0.141958,0.000000,0.000000
1,spawn,200,8.679708,5.634042,1,1.192292,3.372334,0.001917,0.071000,0.552083,2.439086,0.146542,0.000000,0.000000
1,spawn,201,8.440916,7.506875,0,0.000000,3.230625,0.001542,0.080542,3.778834,2.347210,0.124793,0.000000,0.000000
1,spawn,202,8.623459,6.039459,1,1.183416,3.364333,0.001334,0.106625,0.938083,2.462171,0.127168,0.000000,0.000000
1,spawn,203,10.103416,10.103208,0,0.000042,3.422709,0.001458,0.077709,6.212958,2.459497,0.143541,0.000000,0.000000
1,spawn,204,8.605625,5.740875,1,1.137500,3.376083,0.001334,0.070667,0.669542,2.487000,0.142167,0.000000,0.000000
1,spawn,205,9.140625,9.140333,0,0.000042,3.326375,0.001333,0.076625,5.320500,2.424162,0.145376,0.000000,0.000000
1,spawn,206,8.678250,5.619667,1,1.120458,3.379833,0.001208,0.070500,0.617584,2.456456,0.155126,0.000000,0.000000
1,spawn,207,8.685292,5.654333,0,0.000000,3.300167,0.001500,0.085458,1.787875,2.353747,0.139499,0.000000,0.000000
1,spawn,208,13.457333,13.456667,1,1.167959,3.349500,0.001583,0.077834,8.357334,2.422290,0.136585,0.000000,0.000000
1,spawn,209,8.823500,4.478458,0,0.000042,3.399750,0.001500,0.077541,0.550333,2.486460,0.125207,0.000000,0.000000
1,spawn,210,8.415417,7.717875,1,1.121375,3.341041,0.001917,0.101750,2.619459,2.388539,0.124415,0.000000,0.000000
1,spawn,211,8.531291,6.798458,0,0.000042,3.655625,0.001792,0.084250,2.596542,2.615550,0.131042,0.000000,0.000000
1,spawn,212,9.648708,9.648333,1,1.110167,3.549625,0.001541,0.081042,4.446958,2.597003,0.125792,0.000000,0.000000
1,spawn,213,8.737417,5.146500,0,0.000000,3.608500,0.001708,0.088167,0.931792,2.699457,0.124583,0.000000,0.000000
1,spawn,214,8.558458,6.590084,1,1.041167,3.493834,0.001458,0.083958,1.500583,2.457373,0.138084,0.000000,0.000000
1,spawn,215,8.809334,4.563958,0,0.000000,3.443708,0.001709,0.103667,0.572125,2.477543,0.136374,0.000000,0.000000
1,spawn,216,9.745750,9.745541,1,1.105375,3.350750,0.001583,0.087583,4.722417,2.463872,0.128417,0.000000,0.000000
1,spawn,217,10.477541,10.477417,0,0.000083,3.642208,0.001500,0.076916,6.305000,2.645581,0.178209,0.000000,0.000000
1,spawn,218,8.644166,5.909291,1,1.180209,3.461583,0.001584,0.171041,0.517625,2.492628,0.136999,0.000000,0.000000
1,spawn,219,9.762000,9.761292,0,0.000083,3.529125,0.001833,0.108667,5.609292,2.552208,0.147916,0.000000,0.000000
1,spawn,220,8.637125,6.039583,1,1.135334,3.581417,0.001417,0.074542,0.737792,2.596498,0.141125,0.000000,0.000000
1,spawn,221,8.497042,7.126000,0,0.000166,3.421375,0.001250,0.081125,3.192000,2.471660,0.142250,0.000000,0.000000
1,spawn,222,8.650625,5.830750,1,1.123584,3.471500,0.001458,0.079125,0.639000,2.510582,0.148333,0.000000,0.000000
1,spawn,223,8.520042,6.972334,0,0.000041,3.440417,0.001625,0.095458,2.972166,2.489749,0.158292,0.000000,0.000000
1,spawn,224,8.567333,6.531417,1,1.100584,3.760958,0.001583,0.101500,1.121500,2.720584,0.173749,0.000000,0.000000
1,spawn,225,10.105584,10.105375,0,0.000041,3.250166,0.001417,0.081166,6.355292,2.364293,0.135292,0.000000,0.000000
1,spawn,226,12.248750,12.248583,1,1.173250,3.814917,0.001375,0.137542,6.597167,2.738787,0.131418,0.000000,0.000000
1,spawn,227,8.791833,4.715750,0,0.000000,3.620916,0.001542,0.087000,0.566542,2.640714,0.127249,0.000000,0.000000
1,spawn,228,8.550667,6.767875,1,1.070792,3.641250,0.001500,0.086542,1.462458,2.616091,0.148167,0.000000,0.000000
1,spawn,229,8.816375,4.642917,0,0.000083,3.433166,0.001333,0.075750,0.643375,2.483248,0.146333,0.000000,0.000000
1,spawn,230,8.629916,8.629209,1,1.128042,3.263125,0.001250,0.074084,3.736625,2.379832,0.124252,0.000000,0.000000
1,spawn,231,8.811792,4.581291,0,0.000000,3.536375,0.001292,0.077167,0.491625,2.539666,0.147667,0.000000,0.000000
1,spawn,232,8.617375,6.216917,1,1.100833,3.547291,0.001583,0.096042,0.987583,2.594325,0.156125,0.000000,0.000000
1,spawn,233,8.768166,4.819625,0,0.000083,3.448958,0.001292,0.070792,0.699333,2.510631,0.145251,0.000000,0.000000
1,spawn,234,10.066083,10.065917,1,1.183458,3.366500,0.001750,0.079167,4.981917,2.477587,0.130543,0.000000,0.000000
1,spawn,235,8.803708,4.613834,0,0.000000,3.482625,0.001500,0.076667,0.622792,2.564253,0.149042,0.000000,0.000000
1,spawn,236,8.656417,5.857000,1,1.070833,3.502291,0.001458,0.106959,0.720417,2.529915,0.143750,0.000000,0.000000
1,spawn,237,8.809250,4.691125,0,0.000041,3.498625,0.001375,0.149792,0.574291,2.553997,0.155125,0.000000,0.000000
1,spawn,238,8.606291,6.309750,1,1.121291,3.592708,0.001584,0.079417,0.980583,2.569629,0.135377,0.000000,0.000000
1,spawn,239,10.731500,10.730750,0,0.000083,3.458792,0.001292,0.075750,6.689500,2.509420,0.141959,0.000000,0.000000
1,spawn,240,8.652166,5.887208,1,1.203917,3.535875,0.001542,0.087208,0.547333,2.557296,0.137041,0.000000,0.000000
1,spawn,241,9.067709,9.067375,0,0.000000,3.674458,0.002334,0.114250,4.778791,2.673333,0.154584,0.000000,0.000000
1,spawn,242,8.634333,6.073000,1,1.177959,3.541291,0.001459,0.091792,0.616458,2.560700,0.136334,0.000000,0.000000
1,spawn,243,8.465500,7.329000,0,0.000083,3.371583,0.001667,0.074958,3.395375,2.398996,0.145999,0.000000,0.000000
1,spawn,244,8.659875,5.780875,1,1.128042,3.505958,0.001375,0.086125,0.529250,2.521455,0.160459,0.000000,0.000000
1,spawn,245,8.551250,6.633541,0,0.000041,3.582041,0.001667,0.106541,2.500334,2.649708,0.132416,0.000000,0.000000
1,spawn,246,8.621584,6.075042,1,1.143167,3.600542,0.001292,0.072042,0.690333,2.631872,0.153626,0.000000,0.000000
1,spawn,247,8.602666,6.233625,0,0.000042,3.288417,0.001417,0.070542,2.483834,2.418876,0.136292,0.000000,0.000000
1,spawn,248,8.648666,5.887709,1,1.156375,3.545583,0.001584,0.073333,0.657041,2.549714,0.173249,0.000000,0.000000
1,spawn,249,8.939875,8.939583,0,0.000041,3.507416,0.001375,0.088125,4.888084,2.516370,0.146417,0.000000,0.000000
1,spawn,250,8.639125,6.019833,1,1.270834,3.515084,0.001542,0.113958,0.621041,2.509882,0.175084,0.000000,0.000000
1,spawn,251,8.490875,7.119125,0,0.000167,3.548250,0.001667,0.087417,2.975417,2.613249,0.138916,0.000000,0.000000
1,spawn,252,8.651333,5.932042,1,1.253875,3.362459,0.001291,0.079417,0.734792,2.399623,0.124542,0.000000,0.000000
1,spawn,253,8.505583,6.999042,0,0.000000,3.390667,0.001416,0.076042,3.024750,2.490287,0.137708,0.000000,0.000000
1,spawn,254,9.313291,9.313041,1,1.148125,3.429458,0.001708,0.077167,4.187875,2.418421,0.158083,0.000000,0.000000
1,spawn,255,8.743709,5.096875,0,0.000042,3.290334,0.001375,0.074458,1.311875,2.421624,0.137084,0.000000,0.000000
1,spawn,256,8.394625,7.902792,1,1.087375,3.501167,0.001500,0.085958,2.774208,2.530214,0.177417,0.000000,0.000000
1,spawn,257,8.701750,5.464292,0,0.000042,3.248875,0.001417,0.080167,1.702083,2.386749,0.131042,0.000000,0.000000
1,spawn,258,11.884208,11.883917,1,1.180292,3.613708,0.001333,0.072500,6.549666,2.591245,0.171124,0.000000,0.000000
1,spawn,259,8.764959,4.932125,0,0.000000,3.724583,0.001292,0.086834,0.672541,2.671467,0.138792,0.000000,0.000000
1,spawn,260,11.297875,11.297500,1,1.173875,3.441291,0.002000,0.099083,6.051750,2.458419,0.141750,0.000000,0.000000
1,spawn,261,8.767625,4.997667,0,0.000125,3.771583,0.001500,0.095875,0.643959,2.740539,0.151666,0.000000,0.000000
1,spawn,262,8.659500,5.767583,1,1.101000,3.436208,0.001250,0.081208,0.688500,2.511575,0.132666,0.000000,0.000000
1,spawn,263,9.504833,9.504375,0,0.000000,3.393375,0.001250,0.066333,5.615959,2.428628,0.131958,0.000000,0.000000
1,spawn,264,8.629625,6.044625,1,1.151708,3.392917,0.001542,0.095250,0.947667,2.456876,0.124376,0.000000,0.000000
1,spawn,265,9.194708,9.194417,0,0.000125,3.558708,0.002166,0.078041,5.121417,2.547873,0.127209,0.000000,0.000000
1,spawn,266,8.571500,6.459292,1,1.108958,3.310708,0.001708,0.079333,1.341166,2.388375,0.124375,0.000000,0.000000
1,spawn,267,10.780792,10.780542,0,0.000042,3.606000,0.001542,0.087500,6.657042,2.634704,0.140458,0.000000,0.000000
1,spawn,268,8.648875,5.847875,1,1.231875,3.395792,0.001333,0.073833,0.633042,2.417127,0.160542,0.000000,0.000000
1,spawn,269,8.610166,6.196292,0,0.000041,3.292125,0.001375,0.078958,2.375834,2.344005,0.124709,0.000000,0.000000
1,spawn,270,8.685708,5.737459,1,1.195250,3.348375,0.001417,0.066958,0.658625,2.435544,0.132291,0.000000,0.000000
1,spawn,271,8.559792,6.559208,0,0.000084,3.584083,0.001500,0.078625,2.435084,2.683249,0.139958,0.000000,0.000000
1,spawn,272,8.682708,5.579708,1,1.082792,3.385458,0.001292,0.066583,0.600209,2.425454,0.130833,0.000000,0.000000
1,spawn,273,8.701125,5.449333,0,0.000000,3.412667,0.001917,0.086042,1.506041,2.528543,0.141083,0.000000,0.000000
1,spawn,274,8.681833,5.596334,1,1.071417,3.384458,0.001333,0.084209,0.620666,2.451127,0.143625,0.000000,0.000000
1,spawn,275,8.694458,5.555542,0,0.000041,3.433917,0.001792,0.094542,1.587834,2.507043,0.124333,0.000000,0.000000
1,spawn,276,10.535166,10.534417,1,1.150500,3.323834,0.001292,0.072750,5.536875,2.393457,0.156333,0.000000,0.000000
1,spawn,277,8.805750,4.600709,0,0.000000,3.478958,0.001541,0.078167,0.616833,2.597503,0.130668,0.000000,0.000000
1,spawn,278,8.498500,7.069334,1,1.077000,3.561042,0.001667,0.081333,1.840083,2.592754,0.135749,0.000000,0.000000
1,spawn,279,8.820459,4.469458,0,0.000041,3.343792,0.001584,0.086250,0.615959,2.428875,0.136501,0.000000,0.000000
1,spawn,280,8.998542,8.998250,1,1.040875,3.513625,0.001458,0.084208,3.918625,2.623291,0.147000,0.000000,0.000000
1,spawn,281,8.611167,4.739458,0,0.000042,3.634084,0.001333,0.082084,0.575250,2.706502,0.124708,0.000000,0.000000
1,spawn,282,8.525334,6.973416,1,1.231250,3.262208,0.001250,0.111000,1.916250,2.379507,0.138042,0.000000,0.000000
1,spawn,283,8.798541,4.682750,0,0.000125,3.517125,0.001208,0.074792,0.654541,2.639250,0.125042,0.000000,0.000000
1,spawn,284,8.969417,8.969000,1,1.151542,3.358292,0.001500,0.158459,3.799125,2.402251,0.130418,0.000000,0.000000
1,spawn,285,8.793833,4.688583,0,0.000042,3.571125,0.001334,0.073417,0.603000,2.662368,0.143667,0.000000,0.000000
1,spawn,286,8.507750,6.969375,1,1.138583,3.463625,0.002083,0.145875,1.754333,2.582208,0.142584,0.000000,0.000000
1,spawn,287,8.832417,4.470833,0,0.000042,3.309833,0.001375,0.073875,0.662209,2.391209,0.141709,0.000000,0.000000
1,spawn,288,8.561583,6.554042,1,1.148542,3.422875,0.001667,0.228166,1.215833,2.505880,0.127875,0.000000,0.000000
1,spawn,289,8.815791,4.512500,0,0.000000,3.356875,0.001625,0.132417,0.605833,2.424007,0.136250,0.000000,0.000000
1,spawn,290,8.663875,5.837792,1,1.102750,3.273416,0.001375,0.106291,0.873541,2.360746,0.138624,0.000000,0.000000
1,spawn,291,8.815667,4.518375,0,0.000083,3.424709,0.001250,0.070833,0.570834,2.482079,0.158208,0.000000,0.000000
1,spawn,292,8.475875,7.239458,1,1.128167,3.490834,0.001625,0.086833,2.030959,2.473955,0.124542,0.000000,0.000000
1,spawn,293,8.821417,4.460625,0,0.000000,3.347041,0.001250,0.073375,0.624875,2.413424,0.149750,0.000000,0.000000
1,spawn,294,8.500667,7.073333,1,1.064792,3.409750,0.001625,0.096791,1.905917,2.532498,0.134209,0.000000,0.000000
1,spawn,295,9.992584,9.992250,0,0.000083,3.313500,0.001583,0.075666,6.164459,2.405586,0.139625,0.000000,0.000000
1,spawn,296,8.668750,5.805084,1,1.189584,3.394167,0.001750,0.092542,0.558375,2.510922,0.130874,0.000000,0.000000
1,spawn,297,8.486375,7.160416,0,0.000083,3.552000,0.001542,0.090541,2.991625,2.615955,0.147458,0.000000,0.000000
1,spawn,298,8.597375,6.358375,1,1.087667,3.415500,0.001459,0.131333,1.260542,2.502418,0.124875,0.000000,0.000000
1,spawn,299,8.488042,7.272375,0,0.000083,3.364375,0.001250,0.070125,3.392792,2.455634,0.140292,0.000000,0.000000
1,spawn,300,8.614875,6.121917,1,1.110959,3.411459,0.001792,0.081542,1.036084,2.487999,0.125375,0.000000,0.000000
1,spawn,301,8.649000,5.851250,0,0.000042,3.292667,0.001708,0.073041,2.075250,2.392711,0.140290,0.000000,0.000000
1,spawn,302,8.690042,5.520666,1,1.106583,3.326416,0.001542,0.080167,0.548084,2.407708,0.138626,0.000000,0.000000
1,spawn,303,8.433375,7.705625,0,0.000000,3.533000,0.001833,0.105083,3.549625,2.539660,0.133126,0.000000,0.000000
1,spawn,304,8.517083,6.931208,1,1.224500,3.481500,0.011709,0.094541,1.610625,2.546121,0.131208,0.000000,0.000000
1,spawn,305,8.430750,7.634167,0,0.000042,3.379625,0.001375,0.076167,3.745667,2.453456,0.138835,0.000000,0.000000
1,spawn,306,8.628333,6.097875,1,1.130709,3.532667,0.001750,0.093542,0.806334,2.604829,0.145124,0.000000,0.000000
1,spawn,307,8.666542,5.711250,0,0.000083,3.577458,0.001334,0.088125,1.583375,2.583746,0.156418,0.000000,0.000000
1,spawn,308,8.623459,6.051417,1,1.071667,3.688708,0.001458,0.116333,0.693667,2.799667,0.143375,0.000000,0.000000
1,spawn,309,8.511541,6.953167,0,0.000042,3.373166,0.001416,0.079583,3.037083,2.431622,0.152666,0.000000,0.000000
1,spawn,310,8.546583,6.836417,1,1.159958,3.571042,0.001334,0.077208,1.584791,2.652710,0.136374,0.000000,0.000000
1,spawn,311,8.685292,5.595666,0,0.000083,3.407583,0.001417,0.079000,1.667375,2.498872,0.145042,0.000000,0.000000
1,spawn,312,8.656666,5.823334,1,1.113625,3.503791,0.001333,0.087667,0.600708,2.449200,0.151375,0.000000,0.000000
1,spawn,313,8.550291,6.651375,0,0.000000,3.632875,0.001875,0.085792,2.428250,2.625712,0.152876,0.000000,0.000000
1,spawn,314,8.658166,5.788167,1,1.103125,3.445792,0.001417,0.088334,0.625000,2.488049,0.150584,0.000000,0.000000
1,spawn,315,9.445083,9.444792,0,0.000000,3.508542,0.001583,0.105542,5.384084,2.571001,0.124500,0.000000,0.000000
1,spawn,316,12.123125,12.122958,1,1.231208,3.590167,0.001541,0.077750,6.660250,2.654832,0.150916,0.000000,0.000000
1,spawn,317,8.444416,7.494500,0,0.000042,3.373417,0.001416,0.139084,3.460583,2.476671,0.124500,0.000000,0.000000
1,spawn,318,9.265000,9.264750,1,1.160292,3.479834,0.001708,0.082083,4.072584,2.597585,0.128750,0.000000,0.000000
1,spawn,319,8.752834,5.126125,0,0.000000,3.591958,0.001375,0.081250,0.923333,2.597751,0.124290,0.000000,0.000000
1,spawn,320,10.044625,10.043833,1,1.100750,3.474333,0.002000,0.099125,4.872709,2.550666,0.167167,0.000000,0.000000
1,spawn,321,8.786834,4.787500,0,0.000042,3.590958,0.001417,0.080625,0.666458,2.576702,0.169417,0.000000,0.000000
1,spawn,322,8.362417,8.157792,1,1.076625,3.594042,0.001583,0.075541,2.949042,2.601541,0.149834,0.000000,0.000000
1,spawn,323,8.747375,5.056000,0,0.000042,3.789875,0.001750,0.108458,0.679875,2.779795,0.182667,0.000000,0.000000
1,center,0,8.366375,8.118500,1,1.159417,5.847000,0.002125,0.087042,0.510375,4.532332,0.351208,0.000000,0.000000
1,center,1,8.463208,7.344416,0,0.000042,5.923167,0.001583,0.077667,0.897042,4.707708,0.349791,0.000000,0.000000
1,center,2,8.353208,8.210833,1,1.209458,5.637833,0.001750,0.086291,0.668792,4.432041,0.333791,0.000000,0.000000
1,center,3,8.714833,8.714625,0,0.000042,5.795209,0.001667,0.115916,2.359708,4.618673,0.319665,0.000000,0.000000
1,center,4,9.013458,9.013042,1,1.197084,5.816417,0.001792,0.079167,1.411500,4.479412,0.345042,0.000000,0.000000
1,center,5,8.444542,7.491167,0,0.000000,6.016000,0.001334,0.077125,0.941083,4.824163,0.330916,0.000000,0.000000
1,center,6,8.367625,8.095416,1,1.212167,5.710209,0.001334,0.081166,0.595584,4.459837,0.322169,0.000000,0.000000
1,center,7,9.188417,9.188250,0,0.000000,5.782708,0.001583,0.093791,2.836000,4.600621,0.332292,0.000000,0.000000
1,center,8,14.389500,14.389292,1,1.184375,6.060917,0.001458,0.106625,6.549125,4.841782,0.326290,0.000000,0.000000
1,center,9,8.468292,7.306416,0,0.000000,5.942250,0.001416,0.182625,0.583542,4.721627,0.315876,0.000000,0.000000
1,center,10,8.626875,8.626667,1,1.086584,6.298375,0.001916,0.164542,0.470250,4.852448,0.390960,0.000000,0.000000
1,center,11,8.382375,8.017292,0,0.000041,6.080583,0.001333,0.078250,1.405750,4.761332,0.322290,0.000000,0.000000
1,center,12,8.876417,8.876250,1,1.098208,5.966500,0.001709,0.108541,1.204000,4.590517,0.334210,0.000000,0.000000
1,center,13,8.443625,7.491875,0,0.000041,6.155417,0.001291,0.108041,0.759792,4.850580,0.337000,0.000000,0.000000
1,center,14,8.914708,8.914542,1,1.137958,5.878250,0.001416,0.084417,1.344958,4.499455,0.326334,0.000000,0.000000
1,center,15,8.483916,7.234416,0,0.000041,6.012167,0.001375,0.111666,0.595333,4.782038,0.318249,0.000000,0.000000
1,center,16,8.508958,8.508709,1,1.047542,5.868875,0.001500,0.187125,0.860792,4.633616,0.329665,0.000000,0.000000
1,center,17,8.520667,6.880541,0,0.000000,5.809958,0.001291,0.084542,0.555084,4.635496,0.321333,0.000000,0.000000
1,center,18,8.492375,8.491791,1,1.115833,5.848750,0.001459,0.102583,0.931875,4.566005,0.378959,0.000000,0.000000
1,center,19,8.459625,7.398375,0,0.000041,6.149875,0.001375,0.099334,0.627083,4.935670,0.332081,0.000000,0.000000
1,center,20,8.393167,8.392875,1,1.105500,5.735125,0.001958,0.088916,1.000375,4.486037,0.367290,0.000000,0.000000
1,center,21,8.481583,7.226333,0,0.000041,6.032584,0.001583,0.108792,0.566167,4.738377,0.353459,0.000000,0.000000
1,center,22,8.737292,8.737084,1,1.094292,5.963917,0.001959,0.077708,1.067333,4.695632,0.342666,0.000000,0.000000
1,center,23,12.596084,12.595917,0,0.000000,6.106541,0.001209,0.072042,5.930125,4.856045,0.340001,0.000000,0.000000
1,center,24,8.924667,8.924541,1,1.235250,6.061500,0.001667,0.099167,0.998625,4.814085,0.345875,0.000000,0.000000
1,center,25,8.440417,7.589292,0,0.000042,6.239500,0.001333,0.092583,0.750375,4.920209,0.343334,0.000000,0.000000
1,center,26,9.324333,9.324041,1,1.145083,5.966875,0.001375,0.088417,1.609750,4.662995,0.347374,0.000000,0.000000
1,center,27,9.387625,9.387541,0,0.000000,5.869542,0.001375,0.065333,3.025125,4.632664,0.356999,0.000000,0.000000
1,center,28,8.367084,8.100875,1,1.122500,5.785291,0.001791,0.088334,0.633666,4.578004,0.321166,0.000000,0.000000
1,center,29,9.351375,9.351166,0,0.000000,6.065375,0.001750,0.097292,2.708042,4.739625,0.325126,0.000000,0.000000
1,center,30,13.868084,13.867916,1,1.232083,6.202958,0.001459,0.092750,5.855542,4.862484,0.335123,0.000000,0.000000
1,center,31,9.258417,9.258000,0,0.000042,6.140167,0.001333,0.094208,2.597084,4.803757,0.387916,0.000000,0.000000
1,center,32,8.789166,8.789042,1,1.266375,6.173833,0.001583,0.090500,0.609166,4.897708,0.330791,0.000000,0.000000
1,center,33,14.805833,14.805708,0,0.000041,5.995083,0.001459,0.088375,8.278542,4.737781,0.355917,0.000000,0.000000
1,center,34,14.281541,14.281375,1,1.144625,6.022750,0.001334,0.075959,6.452916,4.713292,0.351375,0.000000,0.000000
1,center,35,8.491625,7.146083,0,0.000042,6.081583,0.002000,0.111042,0.488209,4.843951,0.357457,0.000000,0.000000
1,center,36,10.343583,10.343333,1,1.114417,5.976417,0.001458,0.080042,2.682916,4.659366,0.321293,0.000000,0.000000
1,center,37,8.448083,7.474959,0,0.000000,6.074334,0.001625,0.093750,0.823333,4.751542,0.369292,0.000000,0.000000
1,center,38,10.880791,10.880500,1,1.119541,5.785750,0.001542,0.091500,3.393250,4.580663,0.325959,0.000000,0.000000
1,center,39,8.474291,7.281042,0,0.000000,6.152708,0.001458,0.200458,0.440458,4.911745,0.338999,0.000000,0.000000
1,center,40,8.400125,8.399875,1,1.233584,5.821167,0.001625,0.085125,0.730333,4.604127,0.366624,0.000000,0.000000
1,center,41,8.451833,7.464209,0,0.000041,6.303000,0.001333,0.093292,0.593208,5.007928,0.345375,0.000000,0.000000
1,center,42,8.389292,8.389042,1,1.102458,5.721292,0.002000,0.099208,1.002459,4.536375,0.329875,0.000000,0.000000
1,center,43,8.466833,7.306875,0,0.000000,6.096792,0.001375,0.075750,0.705250,4.875447,0.325665,0.000000,0.000000
1,center,44,8.341750,8.306083,1,1.051625,5.985917,0.001750,0.110708,0.547625,4.609080,0.419500,0.000000,0.000000
1,center,45,8.480042,7.195000,0,0.000041,5.978000,0.001334,0.086625,0.632667,4.735917,0.362749,0.000000,0.000000
1,center,46,8.405291,8.405125,1,1.056084,5.776542,0.001292,0.074625,1.018500,4.531501,0.323998,0.000000,0.000000
1,center,47,8.473625,7.255208,0,0.000042,5.907750,0.001333,0.076166,0.814334,4.677043,0.333207,0.000000,0.000000
1,center,48,8.363000,8.152542,1,1.112250,5.878375,0.001792,0.086250,0.589250,4.655253,0.321208,0.000000,0.000000
1,center,49,8.503125,7.003916,0,0.000042,5.782750,0.001958,0.085250,0.711125,4.582210,0.337834,0.000000,0.000000
1,center,50,8.415250,8.415041,1,1.115416,5.784875,0.001666,0.266416,0.658292,4.581708,0.352666,0.000000,0.000000
1,center,51,8.521667,6.867375,0,0.000042,5.756167,0.001458,0.072667,0.613209,4.555618,0.329458,0.000000,0.000000
1,center,52,8.516584,8.516375,1,1.133041,6.125416,0.001708,0.089500,0.691875,4.836371,0.363625,0.000000,0.000000
1,center,53,13.560000,13.559667,0,0.000042,6.047750,0.001458,0.082333,6.886875,4.796207,0.334959,0.000000,0.000000
1,center,54,13.206458,13.206375,1,1.280208,5.887125,0.001583,0.083417,5.424292,4.664582,0.320542,0.000000,0.000000
1,center,55,8.490583,7.161792,0,0.000000,6.052167,0.001834,0.110791,0.552583,4.794409,0.330210,0.000000,0.000000
1,center,56,10.393125,10.392833,1,1.096542,5.801208,0.001292,0.114917,2.923208,4.526924,0.366249,0.000000,0.000000
1,center,57,8.487709,7.175959,0,0.000000,6.098917,0.001292,0.107042,0.474750,4.837455,0.317833,0.000000,0.000000
1,center,58,8.382375,8.382166,1,1.097375,5.955292,0.001667,0.093000,0.714042,4.623126,0.323709,0.000000,0.000000
1,center,59,8.483167,7.202541,0,0.000000,6.086209,0.001625,0.130750,0.562000,4.784918,0.330083,0.000000,0.000000
1,center,60,9.335208,9.335042,1,1.086208,5.809375,0.001750,0.088500,1.788209,4.486655,0.311500,0.000000,0.000000
1,center,61,8.459917,7.407625,0,0.000000,6.085500,0.001375,0.114834,0.671250,4.819295,0.341376,0.000000,0.000000
1,center,62,8.610625,8.610291,1,1.155958,5.873375,0.001584,0.087709,1.019459,4.619456,0.356168,0.000000,0.000000
1,center,63,8.412917,7.754375,0,0.000042,6.452833,0.001958,0.232583,0.530209,5.110751,0.351083,0.000000,0.000000
1,center,64,9.087583,9.087292,1,1.109250,5.697625,0.001417,0.086584,1.716500,4.422371,0.313208,0.000000,0.000000
1,center,65,8.510708,6.955333,0,0.000042,5.755500,0.001250,0.098792,0.654917,4.501705,0.312958,0.000000,0.000000
1,center,66,8.347834,8.269667,1,1.042500,5.952125,0.001916,0.106666,0.594958,4.685210,0.326626,0.000000,0.000000
1,center,67,8.479042,7.293083,0,0.000042,6.077917,0.001334,0.127500,0.613667,4.870362,0.316749,0.000000,0.000000
1,center,68,8.418583,8.417750,1,1.180125,5.995667,0.001583,0.070875,0.674041,4.725340,0.340166,0.000000,0.000000
1,center,69,8.443458,7.310000,0,0.000000,6.110417,0.001625,0.100625,0.571125,4.851963,0.349792,0.000000,0.000000
1,center,70,8.399292,8.399042,1,1.154625,5.620834,0.001250,0.089375,1.052791,4.434751,0.323290,0.000000,0.000000
1,center,71,8.458334,7.378000,0,0.000000,6.172417,0.001333,0.082334,0.711833,4.809296,0.313835,0.000000,0.000000
1,center,72,8.359042,8.169917,1,1.133334,5.719292,0.001791,0.089917,0.748333,4.510165,0.362834,0.000000,0.000000
1,center,73,8.348500,6.851833,0,0.000000,5.742125,0.001334,0.138500,0.558584,4.541420,0.345333,0.000000,0.000000
1,center,74,8.360041,8.152916,1,1.053584,5.697458,0.001542,0.079042,0.831750,4.497202,0.333126,0.000000,0.000000
1,center,75,8.524583,6.836416,0,0.000000,5.719292,0.001375,0.091667,0.589792,4.562582,0.319541,0.000000,0.000000
1,center,76,8.781083,8.780917,1,1.050458,5.746584,0.001875,0.098041,1.403000,4.548618,0.328251,0.000000,0.000000
1,center,77,10.689125,10.689041,0,0.000000,5.775792,0.001291,0.067625,4.440125,4.556250,0.315667,0.000000,0.000000
1,center,78,8.389208,7.932042,1,1.124625,5.740334,0.001500,0.071875,0.534750,4.536304,0.327251,0.000000,0.000000
1,center,79,9.181459,9.181250,0,0.000000,5.721500,0.001333,0.103792,2.943416,4.547872,0.309585,0.000000,0.000000
1,center,80,8.380125,8.007709,1,1.094875,5.736875,0.001333,0.083084,0.629625,4.514511,0.338333,0.000000,0.000000
1,center,81,8.770916,8.770667,0,0.000041,5.668958,0.001416,0.068292,2.582375,4.455046,0.327791,0.000000,0.000000
1,center,82,8.358375,8.181709,1,1.119084,5.680750,0.001292,0.121417,0.796958,4.488050,0.322874,0.000000,0.000000
1,center,83,8.393875,7.898417,0,0.000000,5.928500,0.001709,0.143416,1.374625,4.688343,0.326207,0.000000,0.000000
1,center,84,8.353667,8.206167,1,1.187166,5.712084,0.001417,0.099875,0.663166,4.453972,0.322875,0.000000,0.000000
1,center,85,9.774709,9.774542,0,0.000000,5.800166,0.001542,0.078667,3.479375,4.615411,0.332373,0.000000,0.000000
1,center,86,8.378375,8.022250,1,1.108750,5.691542,0.001375,0.131042,0.635709,4.522379,0.319876,0.000000,0.000000
1,center,87,8.359625,8.154917,0,0.000000,5.659125,0.001916,0.082250,1.969542,4.455166,0.329499,0.000000,0.000000
1,center,88,8.358709,8.164792,1,1.089250,5.879250,0.001250,0.072708,0.648750,4.661039,0.347000,0.000000,0.000000
1,center,89,8.405583,8.405459,0,0.000000,5.606375,0.001292,0.079291,2.298833,4.423332,0.333127,0.000000,0.000000
1,center,90,8.381750,8.001666,1,1.147625,5.767208,0.001250,0.071834,0.523458,4.581836,0.325459,0.000000,0.000000
1,center,91,8.839083,8.838834,0,0.000042,5.795667,0.001833,0.099500,2.477917,4.558041,0.311916,0.000000,0.000000
1,center,92,8.360542,8.163167,1,1.178125,5.746375,0.001625,0.128417,0.578167,4.576779,0.310792,0.000000,0.000000
1,center,93,9.524083,9.523917,0,0.000042,5.685500,0.001791,0.123875,3.223875,4.518498,0.328918,0.000000,0.000000
1,center,94,11.892500,11.892250,1,1.195375,5.824041,0.001791,0.090125,4.283417,4.612681,0.320249,0.000000,0.000000
1,center,95,8.495500,7.090417,0,0.000167,5.897250,0.001583,0.115542,0.616000,4.634628,0.345790,0.000000,0.000000
1,center,96,10.089917,10.089625,1,1.113166,5.799458,0.001708,0.084500,2.543125,4.540548,0.322540,0.000000,0.000000
1,center,97,8.545000,6.828792,0,0.000167,5.753625,0.001542,0.087375,0.535792,4.506326,0.332127,0.000000,0.000000
1,center,98,10.555875,10.555125,1,1.092375,5.647583,0.002000,0.092917,3.217791,4.462780,0.323168,0.000000,0.000000
1,center,99,8.530166,6.833667,0,0.000042,5.684750,0.001334,0.145208,0.588291,4.491207,0.337667,0.000000,0.000000
1,center,100,8.392417,7.941000,1,1.146625,5.690666,0.001500,0.086000,0.540750,4.357494,0.442166,0.000000,0.000000
1,center,101,8.537000,6.772500,0,0.000041,5.737917,0.001375,0.071291,0.531625,4.486580,0.380501,0.000000,0.000000
1,center,102,8.343042,8.297291,1,1.091209,5.970500,0.002417,0.114375,0.621083,4.705172,0.342376,0.000000,0.000000
1,center,103,13.572000,13.571833,0,0.000042,5.631500,0.001875,0.087250,7.386250,4.471256,0.317791,0.000000,0.000000
1,center,104,9.063667,9.063583,1,1.112291,5.688792,0.001708,0.075583,1.598042,4.471627,0.329208,0.000000,0.000000
1,center,105,8.506000,7.000500,0,0.000000,5.842250,0.001625,0.085542,0.535375,4.609296,0.336207,0.000000,0.000000
1,center,106,8.380208,7.999416,1,1.068834,5.735041,0.001542,0.074167,0.656042,4.533468,0.339667,0.000000,0.000000
1,center,107,10.233750,10.233583,0,0.000000,5.719375,0.001292,0.080458,4.018833,4.476092,0.336709,0.000000,0.000000
1,center,108,13.585167,13.585041,1,1.160084,5.646375,0.001750,0.068458,6.242167,4.457123,0.322250,0.000000,0.000000
1,center,109,8.835167,8.835083,0,0.000125,5.814792,0.001375,0.087167,2.507292,4.622369,0.336168,0.000000,0.000000
1,center,110,8.485417,8.485250,1,1.157584,5.934500,0.001500,0.134834,0.725208,4.705667,0.355042,0.000000,0.000000
1,center,111,9.107833,9.107708,0,0.000000,5.721917,0.001458,0.065959,2.915875,4.545549,0.329624,0.000000,0.000000
1,center,112,9.226750,9.226583,1,1.152500,5.659792,0.001750,0.099708,1.816125,4.459209,0.344832,0.000000,0.000000
1,center,113,14.234417,14.234125,0,0.000000,5.799250,0.001417,0.079958,7.934917,4.587991,0.331667,0.000000,0.000000
1,center,114,8.360000,8.202625,1,1.263292,5.788667,0.001875,0.082875,0.559042,4.579371,0.317750,0.000000,0.000000
1,center,115,8.480459,7.229958,0,0.000000,5.952917,0.001667,0.100750,0.731625,4.736291,0.336376,0.000000,0.000000
1,center,116,8.365125,8.117125,1,1.131500,5.810375,0.001500,0.073834,0.590917,4.591299,0.324375,0.000000,0.000000
1,center,117,9.286375,9.286041,0,0.000000,5.817500,0.002000,0.086375,2.942209,4.592495,0.336543,0.000000,0.000000
1,center,118,8.364542,8.167000,1,1.112584,5.785583,0.001375,0.100792,0.652250,4.598785,0.325086,0.000000,0.000000
1,center,119,10.159166,10.158875,0,0.000000,5.772750,0.001458,0.080083,3.848000,4.538633,0.323082,0.000000,0.000000
1,center,120,14.360875,14.360750,1,1.130708,5.810208,0.001375,0.085250,6.834208,4.577540,0.312500,0.000000,0.000000
1,center,121,8.521209,6.924250,0,0.000000,5.844750,0.001792,0.091583,0.551334,4.654837,0.316209,0.000000,0.000000
1,center,122,9.261750,9.261417,1,1.109084,5.819667,0.001750,0.078708,1.790250,4.582702,0.355001,0.000000,0.000000
1,center,123,8.481750,7.188792,0,0.000042,5.979208,0.002000,0.072167,0.657917,4.641924,0.324499,0.000000,0.000000
1,center,124,8.869333,8.869208,1,1.206500,5.788041,0.001583,0.097208,1.314625,4.546251,0.335332,0.000000,0.000000
1,center,125,8.523500,6.856791,0,0.000000,5.738792,0.001291,0.070666,0.630042,4.502334,0.327127,0.000000,0.000000
1,center,126,8.368167,8.367959,1,1.048500,5.807208,0.001584,0.095167,0.874416,4.584418,0.313708,0.000000,0.000000
1,center,127,8.528833,6.816417,0,0.000041,5.762709,0.001500,0.101334,0.513167,4.559343,0.317500,0.000000,0.000000
1,center,128,8.438417,8.438209,1,1.186708,5.778584,0.001916,0.092334,0.863375,4.602090,0.321749,0.000000,0.000000
1,center,129,8.498375,7.045791,0,0.000000,5.870625,0.001583,0.098125,0.637917,4.640835,0.351250,0.000000,0.000000
1,center,130,8.440917,8.440666,1,1.134625,5.778500,0.002250,0.082792,0.950958,4.611547,0.322833,0.000000,0.000000
1,center,131,8.494208,7.099000,0,0.000042,5.892208,0.001958,0.076666,0.695250,4.670585,0.316248,0.000000,0.000000
1,center,132,8.393834,8.393500,1,1.081875,5.677250,0.001333,0.099875,1.015125,4.416502,0.392625,0.000000,0.000000
1,center,133,8.525875,6.832958,0,0.000041,5.677042,0.001375,0.072417,0.665000,4.481203,0.334292,0.000000,0.000000
1,center,134,8.352875,8.242500,1,1.097750,5.987042,0.001875,0.092250,0.586250,4.729831,0.336582,0.000000,0.000000
1,center,135,8.524375,6.874666,0,0.000041,5.749000,0.001334,0.071083,0.595375,4.565659,0.312000,0.000000,0.000000
1,center,136,8.367209,8.104542,1,1.062541,5.796875,0.001500,0.153542,0.624750,4.591752,0.330375,0.000000,0.000000
1,center,137,13.505125,13.504792,0,0.000041,5.674875,0.001833,0.078083,7.268125,4.510833,0.316289,0.000000,0.000000
1,center,138,8.355166,8.197458,1,1.186291,5.847625,0.002041,0.094000,0.551208,4.556544,0.313334,0.000000,0.000000
1,center,139,8.362584,8.137959,0,0.000042,5.923625,0.001583,0.081041,1.691916,4.717865,0.343249,0.000000,0.000000
1,center,140,8.354125,8.204250,1,1.206708,5.743666,0.001542,0.070542,0.691542,4.519573,0.314083,0.000000,0.000000
1,center,141,8.889917,8.889750,0,0.000042,5.682458,0.001375,0.079416,2.657583,4.489715,0.352958,0.000000,0.000000
1,center,142,8.384708,7.956750,1,1.139333,5.607084,0.001791,0.094917,0.580667,4.430380,0.317873,0.000000,0.000000
1,center,143,8.363083,8.127417,0,0.000000,5.776916,0.001750,0.095042,1.688083,4.538447,0.341751,0.000000,0.000000
1,center,144,8.516166,8.515958,1,1.146167,5.995250,0.001459,0.116167,0.765833,4.807584,0.335291,0.000000,0.000000
1,center,145,8.910375,8.910125,0,0.000000,5.696500,0.001416,0.184292,2.590250,4.517711,0.318207,0.000000,0.000000
1,center,146,8.388834,7.968958,1,1.131375,5.634792,0.001375,0.080750,0.624959,4.463411,0.321709,0.000000,0.000000
1,center,147,8.449917,7.447166,0,0.000000,5.982583,0.001917,0.085750,0.948959,4.732207,0.344831,0.000000,0.000000
1,center,148,8.384958,8.001000,1,1.131500,5.699375,0.001833,0.076458,0.515042,4.536498,0.313249,0.000000,0.000000
1,center,149,8.397625,7.869541,0,0.000000,5.997500,0.001875,0.079375,1.347667,4.771709,0.349626,0.000000,0.000000
1,center,150,13.897417,13.897125,1,1.252666,6.021708,0.001500,0.081125,6.025000,4.801074,0.335248,0.000000,0.000000
1,center,151,8.454750,7.428792,0,0.000042,5.725250,0.002250,0.088292,1.129542,4.536368,0.336751,0.000000,0.000000
1,center,152,8.347291,8.269000,1,1.103666,5.936333,0.002375,0.091917,0.551125,4.718169,0.322416,0.000000,0.000000
1,center,153,8.493875,7.094625,0,0.000209,5.628458,0.001334,0.095125,0.907500,4.410827,0.325707,0.000000,0.000000
1,center,154,9.816167,9.815958,1,1.045958,5.756541,0.001375,0.078541,2.462334,4.493461,0.362041,0.000000,0.000000
1,center,155,8.445875,7.479292,0,0.000000,5.595833,0.002083,0.102500,1.236166,4.371541,0.319501,0.000000,0.000000
1,center,156,8.344333,8.305708,1,1.068000,5.763917,0.002000,0.131541,0.819125,4.561744,0.310249,0.000000,0.000000
1,center,157,8.528583,6.917000,0,0.000041,5.763625,0.001416,0.073042,0.639250,4.581449,0.320167,0.000000,0.000000
1,center,158,8.581792,8.581000,1,1.190750,5.859000,0.001917,0.090166,0.940500,4.520088,0.324125,0.000000,0.000000
1,center,159,8.396333,6.766334,0,0.000041,5.616333,0.001333,0.094750,0.637375,4.446790,0.321873,0.000000,0.000000
1,center,160,9.642959,9.642625,1,1.162000,5.734125,0.001666,0.079500,2.189000,4.508583,0.313667,0.000000,0.000000
1,center,161,8.521500,6.867000,0,0.000041,5.738000,0.001500,0.069667,0.635083,4.527426,0.339249,0.000000,0.000000
1,center,162,8.638041,8.637833,1,1.048584,5.926125,0.001500,0.100292,1.062584,4.699170,0.328961,0.000000,0.000000
1,center,163,12.808000,12.807875,0,0.000042,5.769458,0.001250,0.076333,6.526125,4.508958,0.315461,0.000000,0.000000
1,center,164,8.358375,8.208292,1,1.177792,5.936958,0.001625,0.083583,0.550666,4.547958,0.322166,0.000000,0.000000
1,center,165,8.423625,7.494125,0,0.000000,6.178584,0.001375,0.088125,0.778917,4.869207,0.337834,0.000000,0.000000
1,center,166,9.152917,9.152667,1,1.146542,5.539167,0.001417,0.114667,1.874125,4.360470,0.318583,0.000000,0.000000
1,center,167,8.417292,7.915459,0,0.000000,5.799833,0.001583,0.078666,1.596583,4.564420,0.319249,0.000000,0.000000
1,center,168,14.740375,14.739250,1,1.194750,5.603000,0.001958,0.079459,7.227542,4.370781,0.319791,0.000000,0.000000
1,center,169,8.505125,7.003042,0,0.000042,5.937250,0.001625,0.091458,0.542875,4.715013,0.344666,0.000000,0.000000
1,center,170,10.793291,10.792959,1,1.042416,5.828750,0.001959,0.105750,3.315125,4.614333,0.333958,0.000000,0.000000
1,center,171,8.531667,6.787167,0,0.000375,5.748375,0.001250,0.075917,0.514583,4.553379,0.313584,0.000000,0.000000
1,center,172,8.357292,8.225958,1,1.157375,5.854708,0.001375,0.129166,0.588250,4.526581,0.339419,0.000000,0.000000
1,center,173,8.444875,7.481334,0,0.000000,5.777833,0.001417,0.074375,1.194459,4.529487,0.334374,0.000000,0.000000
1,center,174,8.339875,8.321625,1,1.128791,5.871792,0.001833,0.178208,0.677750,4.699294,0.319878,0.000000,0.000000
1,center,175,8.500583,7.025250,0,0.000042,5.805958,0.001791,0.078208,0.695917,4.499590,0.317458,0.000000,0.000000
1,center,176,8.369709,8.112166,1,1.048958,5.728458,0.001750,0.102125,0.774000,4.560497,0.325666,0.000000,0.000000
1,center,177,8.500167,7.031792,0,0.000042,5.667083,0.001500,0.083417,0.835417,4.468368,0.335957,0.000000,0.000000
1,center,178,8.368625,8.090750,1,1.049791,5.741917,0.001833,0.086125,0.744459,4.524499,0.321124,0.000000,0.000000
1,center,179,8.426042,7.651125,0,0.000042,5.650583,0.001375,0.228584,1.323375,4.497822,0.316876,0.000000,0.000000
1,center,180,8.371250,8.081959,1,1.068833,5.645875,0.001250,0.080917,0.846417,4.460952,0.310751,0.000000,0.000000
1,center,181,8.517208,6.934250,0,0.000000,5.792833,0.001250,0.074042,0.634750,4.538837,0.321791,0.000000,0.000000
1,center,182,8.446542,8.446000,1,1.102000,5.739791,0.001583,0.168833,0.944792,4.540415,0.342709,0.000000,0.000000
1,center,183,8.527375,6.915292,0,0.000000,5.719250,0.001250,0.156584,0.617958,4.535627,0.325877,0.000000,0.000000
1,center,184,8.354042,8.210667,1,1.193208,5.768208,0.001209,0.083042,0.689416,4.485713,0.336707,0.000000,0.000000
1,center,185,13.298750,13.298625,0,0.000042,5.662042,0.001958,0.086375,7.041917,4.482739,0.337166,0.000000,0.000000
1,center,186,10.345541,10.345417,1,1.209500,5.737458,0.001834,0.077750,2.851583,4.473328,0.317250,0.000000,0.000000
1,center,187,8.478416,7.214375,0,0.000041,6.046667,0.001500,0.075250,0.627459,4.827662,0.341834,0.000000,0.000000
1,center,188,14.675792,14.675625,1,1.048000,5.641834,0.001333,0.083250,7.448583,4.457630,0.335833,0.000000,0.000000
1,center,189,8.556417,6.688833,0,0.000042,5.673917,0.001458,0.071375,0.520584,4.485420,0.336126,0.000000,0.000000
1,center,190,8.367375,8.109542,1,1.087875,5.772458,0.001500,0.107333,0.651500,4.502300,0.319166,0.000000,0.000000
1,center,191,8.548709,6.766042,0,0.000042,5.687125,0.001542,0.080208,0.567500,4.498204,0.320252,0.000000,0.000000
1,center,192,10.001541,10.000834,1,1.238583,5.785333,0.001792,0.089500,2.376291,4.564086,0.322249,0.000000,0.000000
1,center,193,8.522000,6.906042,0,0.000000,5.743458,0.001292,0.119458,0.610625,4.563416,0.322501,0.000000,0.000000
1,center,194,8.376750,8.036542,1,1.097458,5.759333,0.001459,0.097167,0.619208,4.425916,0.478877,0.000000,0.000000
1,center,195,8.525334,6.867250,0,0.000042,5.775625,0.001334,0.084625,0.574750,4.505207,0.335208,0.000000,0.000000
1,center,196,8.349167,8.249500,1,1.083500,5.707375,0.001666,0.088000,0.899708,4.413504,0.445124,0.000000,0.000000
1,center,197,8.533541,6.796791,0,0.000000,5.672750,0.001375,0.128792,0.579792,4.418784,0.356667,0.000000,0.000000
1,center,198,8.352417,8.217667,1,1.103167,5.754042,0.001625,0.087792,0.680542,4.528876,0.311709,0.000000,0.000000
1,center,199,8.525542,6.841083,0,0.000000,5.705250,0.001708,0.077125,0.614417,4.464872,0.341542,0.000000,0.000000
1,center,200,8.340209,8.310750,1,1.196625,5.810833,0.001542,0.088250,0.752041,4.620912,0.335500,0.000000,0.000000
1,center,201,8.532542,6.813833,0,0.000000,5.647334,0.001292,0.175916,0.560500,4.447779,0.352750,0.000000,0.000000
1,center,202,8.351916,8.221250,1,1.051958,5.658625,0.001750,0.102125,0.907125,4.484382,0.320708,0.000000,0.000000
1,center,203,8.524500,6.847209,0,0.000042,5.707875,0.001459,0.078000,0.633333,4.494875,0.319335,0.000000,0.000000
1,center,204,8.369250,8.085041,1,1.164458,5.666708,0.001625,0.133750,0.667417,4.488172,0.343665,0.000000,0.000000
1,center,205,12.844375,12.844000,0,0.000000,5.828166,0.001666,0.081167,6.494292,4.621923,0.320290,0.000000,0.000000
1,center,206,8.387083,7.947375,1,1.146042,5.701625,0.001500,0.105333,0.536458,4.494250,0.333749,0.000000,0.000000
1,center,207,8.421833,7.761000,0,0.000000,5.905375,0.002000,0.097500,1.293833,4.682164,0.361377,0.000000,0.000000
1,center,208,8.377916,8.043792,1,1.165041,5.688708,0.001375,0.074500,0.617083,4.501121,0.329333,0.000000,0.000000
1,center,209,8.832792,8.832583,0,0.000000,5.723458,0.001500,0.079792,2.568417,4.460789,0.315332,0.000000,0.000000
1,center,210,8.384750,7.966292,1,1.080041,5.686000,0.001333,0.145042,0.588625,4.518745,0.322125,0.000000,0.000000
1,center,211,9.016584,9.016208,0,0.000042,5.893125,0.001667,0.084334,2.592292,4.682632,0.333043,0.000000,0.000000
1,center,212,8.372125,8.071333,1,1.236666,5.672334,0.001250,0.073000,0.616084,4.486339,0.314208,0.000000,0.000000
1,center,213,8.512583,8.512500,0,0.000042,5.683334,0.001375,0.091542,2.331875,4.513202,0.324043,0.000000,0.000000
1,center,214,8.343208,8.343042,1,1.190334,5.961125,0.001500,0.092584,0.596458,4.720284,0.331750,0.000000,0.000000
1,center,215,8.735334,8.735166,0,0.000041,5.861458,0.001542,0.096208,2.301584,4.610033,0.325458,0.000000,0.000000
1,center,216,8.360750,8.161458,1,1.150375,5.771292,0.001917,0.092083,0.666708,4.572119,0.331833,0.000000,0.000000
1,center,217,8.872083,8.871917,0,0.000000,5.832416,0.002166,0.104542,2.479292,4.624045,0.312583,0.000000,0.000000
1,center,218,14.061125,14.060917,1,1.145292,5.710541,0.001334,0.087667,6.652167,4.526079,0.323750,0.000000,0.000000
1,center,219,8.525458,6.973375,0,0.000250,5.912791,0.001542,0.117708,0.478500,4.689116,0.323666,0.000000,0.000000
1,center,220,8.913834,8.913084,1,1.078750,5.872958,0.001583,0.076667,1.395750,4.568907,0.374624,0.000000,0.000000
1,center,221,8.523709,6.888833,0,0.000083,5.804000,0.001333,0.072708,0.596875,4.598371,0.331416,0.000000,0.000000
1,center,222,9.486042,9.485666,1,1.172666,5.981625,0.001791,0.084834,1.769125,4.758206,0.347749,0.000000,0.000000
1,center,223,8.499833,7.059125,0,0.000000,5.836625,0.002000,0.138791,0.636750,4.588457,0.344001,0.000000,0.000000
1,center,224,9.657875,9.657709,1,1.048958,5.666750,0.001458,0.081417,2.397458,4.459705,0.320540,0.000000,0.000000
1,center,225,11.936250,11.936000,0,0.000125,5.739916,0.001458,0.069209,5.702208,4.547755,0.313666,0.000000,0.000000
1,center,226,8.359041,8.191250,1,1.239666,5.688917,0.001375,0.082500,0.551750,4.488047,0.325917,0.000000,0.000000
1,center,227,10.409417,10.409208,0,0.000041,5.942375,0.001875,0.088416,3.859834,4.645047,0.338958,0.000000,0.000000
1,center,228,8.361666,8.140291,1,1.250167,5.679833,0.001500,0.193167,0.537042,4.481380,0.333417,0.000000,0.000000
1,center,229,8.974541,8.974209,0,0.000000,5.767708,0.001500,0.089917,2.614792,4.523957,0.318832,0.000000,0.000000
1,center,230,8.368291,8.095083,1,1.142208,5.731250,0.001792,0.085167,0.597125,4.503292,0.343418,0.000000,0.000000
1,center,231,8.760750,8.760542,0,0.000000,5.640833,0.001292,0.071209,2.589250,4.443496,0.329709,0.000000,0.000000
1,center,232,8.388417,7.941292,1,1.108250,5.712875,0.001417,0.078083,0.594583,4.550122,0.320834,0.000000,0.000000
1,center,233,8.489959,7.222708,0,0.000000,5.815208,0.002333,0.100334,0.841959,4.532124,0.310874,0.000000,0.000000
1,center,234,14.231583,14.231125,1,1.089834,5.744042,0.001417,0.074750,6.847958,4.530582,0.330250,0.000000,0.000000
1,center,235,8.376667,8.028541,0,0.000042,5.720000,0.001750,0.094125,1.768167,4.551991,0.332085,0.000000,0.000000
1,center,236,8.343792,8.321542,1,1.246292,5.932500,0.001916,0.102542,0.559291,4.619045,0.352209,0.000000,0.000000
1,center,237,8.521334,6.891000,0,0.000042,5.825875,0.001250,0.072250,0.577667,4.591124,0.355415,0.000000,0.000000
1,center,238,9.896375,9.896125,1,1.116333,5.798958,0.001875,0.098416,2.409916,4.570924,0.323291,0.000000,0.000000
1,center,239,8.510292,6.963250,0,0.000083,5.788083,0.001291,0.075625,0.653500,4.588924,0.338623,0.000000,0.000000
1,center,240,8.403083,8.402875,1,1.099209,5.723458,0.001375,0.078375,0.984833,4.530589,0.336542,0.000000,0.000000
1,center,241,8.519750,6.885125,0,0.000042,5.666416,0.001334,0.074625,0.691334,4.387924,0.322290,0.000000,0.000000
1,center,242,8.372417,8.063917,1,1.051875,5.731208,0.001709,0.089667,0.586791,4.546884,0.316541,0.000000,0.000000
1,center,243,8.406959,7.783750,0,0.000000,5.673250,0.001750,0.074709,1.604459,4.473373,0.314041,0.000000,0.000000
1,center,244,8.383750,7.968292,1,1.139708,5.707125,0.001458,0.126417,0.494500,4.424915,0.320873,0.000000,0.000000
1,center,245,8.487625,7.160250,0,0.000000,5.739584,0.001209,0.070584,0.927875,4.510073,0.342168,0.000000,0.000000
1,center,246,8.445542,8.445333,1,1.122375,5.791166,0.001834,0.092166,0.964209,4.591933,0.321874,0.000000,0.000000
1,center,247,8.520709,6.874333,0,0.000000,5.754291,0.001250,0.074167,0.629208,4.517716,0.312709,0.000000,0.000000
1,center,248,8.390292,7.953833,1,1.038708,5.749209,0.001750,0.085042,0.607959,4.547380,0.323419,0.000000,0.000000
1,center,249,8.520959,6.868667,0,0.000042,5.725000,0.001417,0.083917,0.657458,4.520160,0.349001,0.000000,0.000000
1,center,250,8.350833,8.275792,1,1.131750,5.815083,0.002000,0.092250,0.776333,4.603586,0.357624,0.000000,0.000000
1,center,251,8.519167,6.890458,0,0.000000,5.749292,0.001417,0.125250,0.533041,4.510208,0.349124,0.000000,0.000000
1,center,252,8.362167,8.139292,1,1.048500,5.630750,0.001458,0.084375,0.894958,4.455585,0.329958,0.000000,0.000000
1,center,253,12.382125,12.381916,0,0.000042,5.782583,0.001375,0.077417,6.070750,4.551928,0.312333,0.000000,0.000000
1,center,254,8.383375,8.005375,1,1.155417,5.663458,0.001542,0.105000,0.567666,4.475835,0.313207,0.000000,0.000000
1,center,255,9.357334,9.357166,0,0.000000,6.249708,0.001666,0.089667,2.586209,4.987839,0.341498,0.000000,0.000000
1,center,256,8.411667,8.411541,1,1.167542,6.005291,0.001458,0.071417,0.638208,4.712956,0.330958,0.000000,0.000000
1,center,257,8.828917,8.828791,0,0.000000,5.711250,0.001250,0.075000,2.630458,4.540587,0.315333,0.000000,0.000000
1,center,258,8.366333,8.110125,1,1.214584,5.656500,0.001375,0.120458,0.607167,4.463620,0.317126,0.000000,0.000000
1,center,259,8.377125,8.051583,0,0.000042,5.833916,0.001750,0.082750,1.667958,4.598760,0.312791,0.000000,0.000000
1,center,260,8.350792,8.229625,1,1.199125,5.777000,0.001459,0.101625,0.692583,4.558448,0.336628,0.000000,0.000000
1,center,261,9.454667,9.454458,0,0.000042,5.839791,0.002125,0.104958,3.029833,4.599791,0.332417,0.000000,0.000000
1,center,262,8.362750,8.148875,1,1.112042,5.806708,0.001500,0.077375,0.627417,4.609115,0.322833,0.000000,0.000000
1,center,263,8.896791,8.896459,0,0.000042,5.983041,0.001750,0.098333,2.348000,4.693044,0.333377,0.000000,0.000000
1,center,264,13.861792,13.861667,1,1.192083,5.892709,0.001542,0.129208,6.140000,4.672296,0.332376,0.000000,0.000000
1,center,265,8.503292,7.035041,0,0.000041,5.912250,0.001666,0.094042,0.565125,4.671995,0.340916,0.000000,0.000000
1,center,266,9.050875,9.050667,1,1.158125,6.054417,0.002625,0.082542,1.284250,4.756495,0.363374,0.000000,0.000000
1,center,267,8.479834,7.239041,0,0.000000,6.050250,0.001458,0.099458,0.646750,4.764968,0.338750,0.000000,0.000000
1,center,268,9.379167,9.378958,1,1.178125,5.992875,0.001625,0.084250,1.603791,4.700074,0.381125,0.000000,0.000000
1,center,269,8.459834,7.359250,0,0.000000,6.092042,0.001958,0.076708,0.665292,4.778160,0.338624,0.000000,0.000000
1,center,270,8.703291,8.703125,1,1.103125,6.093125,0.001625,0.169208,0.729000,4.790124,0.354542,0.000000,0.000000
1,center,271,8.463458,7.376875,0,0.000041,6.108250,0.002250,0.099459,0.701417,4.833915,0.334666,0.000000,0.000000
1,center,272,9.016750,9.016417,1,1.168916,6.263916,0.001834,0.159000,0.853833,4.931082,0.343668,0.000000,0.000000
1,center,273,12.587500,12.587333,0,0.000042,5.908875,0.001334,0.085667,6.156708,4.699839,0.336041,0.000000,0.000000
1,center,274,8.355958,8.211167,1,1.201416,5.767667,0.001500,0.075042,0.646792,4.529833,0.319249,0.000000,0.000000
1,center,275,9.504250,9.504000,0,0.000042,5.821041,0.001375,0.096083,3.100875,4.581825,0.352499,0.000000,0.000000
1,center,276,8.381042,7.992209,1,1.196000,5.643750,0.001375,0.122708,0.544000,4.463495,0.337916,0.000000,0.000000
1,center,277,8.964708,8.964541,0,0.000042,5.720792,0.001541,0.100208,2.663625,4.506960,0.328958,0.000000,0.000000
1,center,278,8.383042,7.986000,1,1.101083,5.683500,0.001417,0.081750,0.649833,4.471833,0.316291,0.000000,0.000000
1,center,279,8.345625,8.268792,0,0.000000,5.742792,0.001416,0.071667,2.000583,4.505791,0.342000,0.000000,0.000000
1,center,280,8.372750,8.059375,1,1.142833,5.727709,0.001417,0.170167,0.537375,4.482792,0.338708,0.000000,0.000000
1,center,281,9.405625,9.405375,0,0.000042,5.935583,0.001416,0.095709,2.931625,4.722453,0.341999,0.000000,0.000000
1,center,282,13.894708,13.894584,1,1.200542,5.655000,0.001583,0.071875,6.495833,4.459409,0.322000,0.000000,0.000000
1,center,283,8.534000,6.818708,0,0.000000,5.757708,0.001875,0.086750,0.530084,4.546786,0.362335,0.000000,0.000000
1,center,284,8.368000,8.094583,1,1.079375,5.875500,0.001583,0.076417,0.586125,4.616118,0.348958,0.000000,0.000000
1,center,285,8.541334,6.793209,0,0.000500,5.677875,0.001500,0.123958,0.558333,4.488342,0.330290,0.000000,0.000000
1,center,286,10.352708,10.352083,1,1.106208,5.743042,0.001542,0.125125,2.860125,4.506827,0.379209,0.000000,0.000000
1,center,287,8.528250,6.928834,0,0.000000,5.749875,0.001417,0.095000,0.657750,4.578041,0.317292,0.000000,0.000000
1,center,288,9.058458,9.057667,1,1.129167,5.922458,0.001708,0.081167,1.444875,4.586531,0.375208,0.000000,0.000000
1,center,289,8.504208,7.050042,0,0.000042,5.875250,0.001334,0.070750,0.668125,4.617671,0.315290,0.000000,0.000000
1,center,290,8.341666,8.341375,1,1.119000,5.954375,0.001917,0.091709,0.663291,4.671793,0.339958,0.000000,0.000000
1,center,291,11.350625,11.350500,0,0.000000,6.142208,0.001833,0.087958,4.649834,4.894828,0.352206,0.000000,0.000000
1,center,292,8.985208,8.984666,1,1.254291,6.375750,0.001916,0.107042,0.710417,5.041906,0.369250,0.000000,0.000000
1,center,293,15.830500,15.830333,0,0.000500,5.943750,0.001500,0.087167,9.332209,4.740708,0.330916,0.000000,0.000000
1,center,294,9.409208,9.408833,1,1.412500,6.257458,0.002167,0.156000,0.916375,4.888252,0.346708,0.000000,0.000000
1,center,295,8.373333,8.074584,0,0.000041,5.809083,0.001708,0.092917,1.695916,4.600079,0.337668,0.000000,0.000000
1,center,296,9.527209,9.526833,1,1.245583,6.579083,0.002292,0.104042,1.029042,5.130869,0.377834,0.000000,0.000000
1,center,297,8.463167,7.352083,0,0.000084,6.122458,0.002667,0.100792,0.598083,4.791337,0.348334,0.000000,0.000000
1,center,298,8.559833,8.559459,1,1.115500,6.110833,0.001917,0.103500,0.658000,4.683206,0.439623,0.000000,0.000000
1,center,299,8.521958,6.988709,0,0.000000,5.761250,0.001667,0.132584,0.653125,4.591173,0.324793,0.000000,0.000000
1,center,300,8.344834,8.343875,1,1.222125,5.959333,0.001542,0.077042,0.587916,4.724545,0.346333,0.000000,0.000000
1,center,301,8.546125,6.749958,0,0.000000,5.673333,0.001375,0.078208,0.521959,4.460287,0.310377,0.000000,0.000000
1,center,302,9.170084,9.169667,1,1.161083,5.840834,0.001958,0.087250,1.571084,4.645043,0.338290,0.000000,0.000000
1,center,303,8.515875,6.963041,0,0.000042,5.737041,0.001666,0.079042,0.704583,4.548501,0.317377,0.000000,0.000000
1,center,304,8.683500,8.683292,1,1.196042,5.734125,0.001792,0.084791,1.180458,4.533530,0.321084,0.000000,0.000000
1,center,305,8.525750,6.838042,0,0.000000,5.682166,0.001250,0.120917,0.616458,4.502597,0.331958,0.000000,0.000000
1,center,306,8.347042,8.254917,1,1.106333,5.697084,0.001709,0.083500,0.879167,4.477921,0.371334,0.000000,0.000000
1,center,307,8.534084,6.852292,0,0.000000,5.733166,0.001250,0.121500,0.581542,4.494249,0.362000,0.000000,0.000000
1,center,308,10.697667,10.697041,1,1.100167,5.827916,0.001250,0.076709,3.231250,4.624506,0.335917,0.000000,0.000000
1,center,309,11.440500,11.440375,0,0.000042,5.795917,0.001291,0.077750,5.119750,4.590456,0.320959,0.000000,0.000000
1,center,310,8.449500,8.449291,1,1.231875,5.846834,0.001291,0.127000,0.768125,4.598752,0.324625,0.000000,0.000000
1,center,311,8.414291,7.769708,0,0.000000,5.916042,0.001792,0.095000,1.295333,4.591010,0.334959,0.000000,0.000000
1,center,312,8.364750,8.117792,1,1.198166,5.727291,0.001334,0.087250,0.638875,4.514999,0.329542,0.000000,0.000000
1,center,313,10.741959,10.741833,0,0.000000,5.884625,0.001250,0.085000,4.348667,4.686000,0.352917,0.000000,0.000000
1,center,314,12.149458,12.149292,1,1.141666,5.651250,0.001500,0.079208,4.800875,4.463290,0.328833,0.000000,0.000000
1,center,315,8.517166,6.942000,0,0.000000,5.863208,0.001750,0.091292,0.553667,4.569749,0.359082,0.000000,0.000000
1,center,316,10.817000,10.816625,1,1.127750,5.759750,0.001792,0.098083,3.351000,4.543914,0.328833,0.000000,0.000000
1,center,317,8.519750,6.981167,0,0.000000,5.784833,0.001333,0.073750,0.682959,4.529251,0.327793,0.000000,0.000000
1,center,318,9.335709,9.335000,1,1.161542,5.756417,0.001500,0.090584,1.835792,4.514660,0.315416,0.000000,0.000000
1,center,319,8.504291,7.006708,0,0.000042,5.871875,0.001291,0.084250,0.593166,4.637165,0.333501,0.000000,0.000000
1,center,320,8.917750,8.917500,1,1.139209,5.855208,0.001667,0.078459,1.406042,4.675541,0.324960,0.000000,0.000000
1,center,321,8.493917,7.097875,0,0.000042,5.930167,0.001542,0.104417,0.632708,4.704079,0.336667,0.000000,0.000000
1,center,322,8.507541,8.507292,1,1.093584,5.604750,0.001334,0.072375,1.285000,4.404834,0.341709,0.000000,0.000000
1,center,323,8.496959,7.063291,0,0.000000,5.811708,0.001375,0.090292,0.697292,4.564123,0.323126,0.000000,0.000000
1,center,324,9.044667,9.044458,1,1.122083,6.147875,0.001875,0.082958,1.230917,4.590341,0.334376,0.000000,0.000000
1,center,325,11.508458,11.508166,0,0.000000,5.740417,0.002000,0.080000,5.235166,4.523579,0.315790,0.000000,0.000000
1,center,326,8.350458,8.255917,1,1.196708,5.905000,0.001917,0.136792,0.530583,4.695408,0.332875,0.000000,0.000000
1,center,327,9.619917,9.619667,0,0.000042,5.842500,0.001667,0.103291,3.148708,4.597339,0.340374,0.000000,0.000000
26,spawn,0,8.898375,8.898125,1,3.182000,3.657583,0.955834,0.088459,0.544750,0.697085,1.570210,0.020873,0.593253
26,spawn,1,8.719666,8.719542,0,0.000084,3.932458,0.971750,0.089750,3.259625,0.748706,1.691376,0.020957,0.632291
26,spawn,2,14.659709,14.659583,1,3.188417,3.719959,1.078375,0.100667,6.111583,0.721247,1.613293,0.020749,0.584669
26,spawn,3,9.089334,9.089166,0,0.000041,3.783875,1.025958,0.078750,3.735959,0.673499,1.678664,0.022498,0.581415
26,spawn,4,9.299792,9.299667,1,3.256292,3.766292,0.985750,0.081667,0.720959,0.747085,1.574415,0.026208,0.623623
26,spawn,5,8.398459,7.865209,0,0.000000,3.785000,0.954708,0.077291,2.637833,0.717876,1.617707,0.021334,0.625540
26,spawn,6,9.263000,9.262875,1,3.089125,3.789125,0.991750,0.073166,0.853708,0.758209,1.616917,0.021418,0.606124
26,spawn,7,8.660334,5.797291,0,0.000041,3.702375,0.979542,0.085250,0.604500,0.718207,1.571623,0.021835,0.613874
26,spawn,8,9.262083,9.261917,1,3.091791,3.590375,0.985416,0.098875,0.991125,0.666125,1.566538,0.020332,0.571710
26,spawn,9,8.630875,6.028125,0,0.000041,3.896875,0.949334,0.124875,0.626083,0.728502,1.757081,0.021292,0.587332
26,spawn,10,9.048833,9.048667,1,3.070292,3.725791,0.967708,0.094541,0.699958,0.825791,1.514874,0.020873,0.593878
26,spawn,11,13.044500,13.044292,0,0.000042,3.727916,1.008875,0.078625,7.770458,0.718668,1.599081,0.023334,0.618497
26,spawn,12,12.938083,12.937916,1,3.107375,3.884167,0.958292,0.083875,4.450875,0.751248,1.684040,0.022836,0.652250
26,spawn,13,8.650708,5.864292,0,0.000000,3.810541,0.978209,0.098792,0.520833,0.756335,1.642750,0.023334,0.612667
26,spawn,14,10.319958,10.319625,1,3.104000,3.566167,0.992042,0.100291,1.983000,0.706875,1.506416,0.020250,0.587583
26,spawn,15,8.618750,6.095292,0,0.000000,3.685917,1.060834,0.072084,0.827875,0.696463,1.638835,0.021040,0.584580
26,spawn,16,10.828000,10.827833,1,3.151083,3.661417,0.982250,0.099041,2.484375,0.683044,1.538166,0.020542,0.579291
26,spawn,17,8.666167,5.747250,0,0.000000,3.636041,1.008500,0.080000,0.598917,0.720623,1.555666,0.020376,0.585711
26,spawn,18,10.958750,10.958459,1,3.166875,3.590583,1.013083,0.085583,0.941250,0.667124,1.514875,0.020208,0.567375
26,spawn,19,8.510334,8.510167,0,0.000042,3.799292,1.045625,0.120625,3.088500,0.712962,1.652663,0.022250,0.612378
26,spawn,20,9.235792,9.235666,1,2.986250,3.786666,0.959083,0.128875,0.745542,0.686208,1.599915,0.021373,0.600007
26,spawn,21,11.862250,11.861833,0,0.000042,3.762875,1.014250,0.069875,6.571250,0.725331,1.617584,0.020663,0.618668
26,spawn,22,12.827916,12.827792,1,3.106584,3.665167,1.036750,0.112333,4.441041,0.676708,1.547915,0.022251,0.607705
26,spawn,23,8.531333,6.810958,0,0.000042,4.096417,1.009292,0.164625,1.071209,0.765583,1.699586,0.022504,0.655749
26,spawn,24,12.674792,12.674291,1,3.124084,3.714875,0.992750,0.080667,4.305209,0.705295,1.610371,0.022293,0.603790
26,spawn,25,8.623042,6.053583,0,0.000042,3.849041,0.999666,0.102458,0.660500,0.738373,1.684957,0.021914,0.606915
26,spawn,26,9.212375,9.212125,1,3.118833,3.853333,0.990583,0.112791,0.673583,0.798665,1.630919,0.021913,0.614124
26,spawn,27,8.652250,5.921208,0,0.000084,3.784042,0.973167,0.115542,0.635833,0.712210,1.615374,0.023290,0.611585
26,spawn,28,9.266875,9.266250,1,3.021000,3.836125,1.094125,0.324458,0.504917,0.720584,1.645960,0.022956,0.605502
26,spawn,29,10.945708,10.945625,0,0.000000,3.732958,1.069750,0.085375,5.611500,0.753999,1.568417,0.021542,0.610831
26,spawn,30,9.074333,9.074167,1,3.216917,3.774084,0.980084,0.103375,0.511375,0.736790,1.619501,0.023498,0.616459
26,spawn,31,9.126792,9.126500,0,0.000041,3.849833,1.086792,0.077125,3.649333,0.749542,1.587792,0.021417,0.644164
26,spawn,32,8.971333,8.971209,1,3.165209,3.610708,1.011667,0.090667,0.623000,0.706249,1.535040,0.021414,0.588917
26,spawn,33,8.415916,7.748917,0,0.000000,3.664875,0.992625,0.109459,2.557750,0.685917,1.560540,0.020668,0.594333
26,spawn,34,14.140250,14.139667,1,3.348833,3.655958,0.958416,0.107166,5.605625,0.697167,1.576331,0.021666,0.584710
26,spawn,35,8.658667,5.809042,0,0.000041,3.747959,0.968875,0.090666,0.548208,0.779252,1.579623,0.025334,0.598124
26,spawn,36,11.886208,11.885875,1,3.040917,3.777667,0.961042,0.085084,3.555542,0.738455,1.630628,0.022958,0.621455
26,spawn,37,8.626417,6.034375,0,0.000041,3.882875,0.974459,0.094500,0.642208,0.681165,1.705959,0.021334,0.599330
26,spawn,38,9.486833,9.486625,1,2.998541,3.684208,0.981042,0.090708,1.163083,0.689042,1.567583,0.022122,0.654620
26,spawn,39,8.672291,5.755542,0,0.000000,3.653500,0.957584,0.102417,0.610000,0.705876,1.559749,0.020126,0.600333
26,spawn,40,9.010958,9.010166,1,3.119250,3.623541,1.036167,0.133041,0.624875,0.694583,1.563788,0.023626,0.584751
26,spawn,41,10.240959,10.240875,0,0.000000,3.665041,1.054291,0.096625,4.993709,0.718499,1.528920,0.021251,0.614003
26,spawn,42,8.974500,8.974375,1,3.163750,3.724542,0.989125,0.098291,0.533583,0.712042,1.575460,0.022086,0.623328
26,spawn,43,9.587041,9.586792,0,0.000000,3.781458,1.035542,0.090416,4.225875,0.707749,1.602791,0.021707,0.655620
26,spawn,44,9.003500,9.003333,1,3.232125,3.564416,1.026667,0.095500,0.630250,0.684918,1.521337,0.021206,0.577997
26,spawn,45,8.434083,7.647834,0,0.000042,3.627834,1.025833,0.081334,2.452000,0.718540,1.528748,0.020748,0.603086
26,spawn,46,13.352500,13.352167,1,3.144333,3.631791,0.969542,0.097250,4.983250,0.674332,1.538917,0.021329,0.579792
26,spawn,47,8.623416,6.093958,0,0.000250,3.695292,1.104542,0.092917,0.655542,0.691914,1.577044,0.020129,0.567583
26,spawn,48,10.219041,10.218667,1,3.301250,3.750208,1.081958,0.096333,1.500833,0.715084,1.595294,0.022498,0.596332
26,spawn,49,8.415959,7.712292,0,0.000000,3.663542,1.253167,0.089833,2.253500,0.731707,1.535623,0.020502,0.602791
26,spawn,50,9.411916,9.411666,1,3.067667,3.593708,1.134333,0.200916,0.917417,0.662793,1.547748,0.021878,0.587997
26,spawn,51,8.477333,7.223416,0,0.000042,3.457875,1.011417,0.102708,1.372625,0.651959,1.475958,0.020498,0.568083
26,spawn,52,12.583833,12.583667,1,3.106458,3.821500,1.031375,0.082542,3.976375,0.739584,1.606839,0.020706,0.597246
26,spawn,53,10.553708,10.553542,0,0.000084,3.633167,1.055625,0.085917,5.350666,0.720624,1.542165,0.020502,0.580543
26,spawn,54,8.871000,8.870917,1,3.063375,3.723167,0.971959,0.087042,0.576000,0.711331,1.589585,0.024252,0.616294
26,spawn,55,8.455542,7.405459,0,0.000042,3.723542,1.037125,0.088375,2.104875,0.688168,1.581499,0.020334,0.627291
26,spawn,56,8.781708,8.781458,1,3.014125,3.611666,0.952625,0.088083,0.651958,0.673126,1.548126,0.020708,0.598420
26,spawn,57,9.835958,9.835750,0,0.000042,3.699083,0.979125,0.086833,4.646166,0.700752,1.612333,0.021916,0.604171
26,spawn,58,13.628125,13.627917,1,3.171709,3.676541,1.034750,0.085208,5.208583,0.665540,1.602750,0.021876,0.576832
26,spawn,59,8.635041,6.005167,0,0.000167,3.877958,0.998750,0.085125,0.588625,0.703665,1.748208,0.021750,0.602625
26,spawn,60,10.882542,10.882208,1,3.153250,3.764125,1.050541,0.111625,2.330916,0.746124,1.626793,0.022081,0.612169
26,spawn,61,8.654500,5.814125,0,0.000042,3.612666,1.077375,0.082084,0.615250,0.699459,1.556665,0.020626,0.576170
26,spawn,62,9.259000,9.258792,1,3.203666,3.727709,1.044750,0.110375,0.638042,0.682999,1.581623,0.021750,0.577296
26,spawn,63,8.578083,6.417792,0,0.000042,3.524583,0.942625,0.075125,1.458959,0.648123,1.505162,0.020502,0.564541
26,spawn,64,9.330667,9.330458,1,3.083500,3.710417,1.062000,0.130708,0.786250,0.711998,1.571460,0.021707,0.625375
26,spawn,65,11.960417,11.960250,0,0.000000,3.549250,0.987042,0.209250,6.807916,0.685374,1.509375,0.020459,0.594456
26,spawn,66,8.993333,8.993167,1,3.192458,3.730042,0.965959,0.089667,0.544208,0.679624,1.610497,0.021753,0.610668
26,spawn,67,8.863542,8.863375,0,0.000041,3.817208,1.042833,0.097375,3.410375,0.740288,1.631334,0.021292,0.611578
26,spawn,68,15.260333,15.260250,1,3.116709,3.736000,0.985416,0.078416,6.826667,0.775997,1.562210,0.021750,0.583123
26,spawn,69,9.993958,9.993792,0,0.000000,3.706625,1.063667,0.077958,4.697833,0.679793,1.601001,0.020541,0.580584
26,spawn,70,9.326458,9.326334,1,3.157000,3.762291,1.027958,0.075542,0.735000,0.745416,1.594335,0.021208,0.604123
26,spawn,71,14.088375,14.088208,0,0.000000,3.822292,0.940500,0.078041,8.834167,0.751960,1.616295,0.020669,0.593461
26,spawn,72,14.814791,14.814500,1,3.184667,3.689541,1.067042,0.078375,6.325375,0.717335,1.614376,0.023504,0.589293
26,spawn,73,8.663000,5.790708,0,0.000000,3.737458,0.958125,0.085375,0.555167,0.693917,1.629418,0.020666,0.567956
26,spawn,74,10.945334,10.945084,1,3.086250,3.648875,1.084833,0.082041,2.545208,0.689333,1.559665,0.022585,0.589168
26,spawn,75,8.671250,5.796416,0,0.000000,3.666250,1.035792,0.108584,0.557959,0.706626,1.551297,0.020583,0.603084
26,spawn,76,9.839125,9.838500,1,3.198208,3.670417,1.344458,0.743834,0.353583,0.709752,1.587749,0.021499,0.587289
26,spawn,77,13.813208,13.813000,0,0.000000,5.104250,0.980000,0.085333,7.216458,0.803499,2.922669,0.020751,0.594587
26,spawn,78,8.844000,8.843875,1,2.948458,3.800084,0.961125,0.107958,0.556458,0.724126,1.643998,0.023787,0.622002
26,spawn,79,8.863500,8.863125,0,0.000334,3.924708,0.964583,0.093166,3.424250,0.821916,1.682997,0.021876,0.606291
26,spawn,80,14.267458,14.267333,1,3.086167,3.687083,0.979250,0.097459,5.924542,0.670834,1.625876,0.022084,0.590873
26,spawn,81,8.684250,5.564958,0,0.000042,3.566333,0.983333,0.123417,0.448625,0.681211,1.523836,0.021208,0.572372
26,spawn,82,9.927667,9.927500,1,3.037791,3.769125,0.975750,0.084042,1.521792,0.771544,1.557590,0.021960,0.584207
26,spawn,83,8.667750,5.792875,0,0.000041,3.707583,0.947875,0.089209,0.625583,0.730500,1.603415,0.022126,0.596749
26,spawn,84,9.214750,9.214250,1,2.955584,3.648083,0.958250,0.075083,1.090708,0.711376,1.562669,0.020458,0.598665
26,spawn,85,8.657167,5.780625,0,0.000000,3.655458,0.947416,0.097375,0.663917,0.689084,1.598458,0.020249,0.569585
26,spawn,86,9.585166,9.585042,1,3.069417,3.633625,1.033667,0.080125,0.738500,0.701125,1.548753,0.020750,0.605457
26,spawn,87,8.411666,5.800042,0,0.000000,3.635500,0.974458,0.113875,0.615792,0.681331,1.534627,0.021956,0.588502
26,spawn,88,9.172750,9.172000,1,3.218250,3.721166,0.954083,0.096250,0.705875,0.682916,1.626209,0.022255,0.603085
26,spawn,89,13.454375,13.454166,0,0.000042,3.773417,0.962167,0.077041,8.202666,0.692038,1.614706,0.022499,0.604460
26,spawn,90,12.224125,12.223958,1,3.037583,3.645125,0.970916,0.115666,3.987125,0.708749,1.546291,0.020292,0.599837
26,spawn,91,8.637333,5.984792,0,0.000000,3.670084,1.009500,0.090750,0.736500,0.670374,1.540877,0.022000,0.570458
26,spawn,92,11.288042,11.287709,1,3.032125,3.662625,0.957959,0.072708,3.117667,0.697457,1.582084,0.021503,0.607830
26,spawn,93,8.624208,6.142833,0,0.000000,3.861375,1.013958,0.122000,0.699042,0.714167,1.676497,0.020500,0.588458
26,spawn,94,9.192333,9.191542,1,3.278208,3.733375,0.963208,0.129834,0.603333,0.698248,1.603247,0.022290,0.569620
26,spawn,95,8.524334,5.779250,0,0.000000,3.685166,0.957916,0.095833,0.624417,0.731538,1.565584,0.023167,0.603375
26,spawn,96,10.401375,10.401250,1,3.103375,3.930167,0.984708,0.078458,1.780333,0.748040,1.700835,0.021585,0.677708
26,spawn,97,8.662042,5.849833,0,0.000042,3.618958,1.032458,0.101833,0.663125,0.695456,1.556169,0.020416,0.579584
26,spawn,98,9.112708,9.112042,1,3.158375,3.617042,0.992916,0.098583,0.743459,0.685708,1.538123,0.021584,0.574499
26,spawn,99,11.085791,11.085625,0,0.000000,3.686958,0.950208,0.087167,5.923667,0.709003,1.549875,0.020627,0.593333
26,spawn,100,8.802250,8.802125,1,3.068709,3.597583,0.967291,0.136708,0.528291,0.661625,1.539708,0.021791,0.588457
26,spawn,101,8.455583,7.442459,0,0.000042,3.702458,1.094083,0.087375,2.088125,0.693211,1.570206,0.021498,0.607084
26,spawn,102,8.839416,8.839208,1,3.090583,3.573208,0.971666,0.100000,0.630250,0.664541,1.515961,0.021875,0.577708
26,spawn,103,8.485334,8.485250,0,0.000000,3.726167,0.953583,0.082875,3.273625,0.680209,1.607582,0.022416,0.593252
26,spawn,104,9.017792,9.017666,1,2.958959,3.882667,0.974042,0.113042,0.632917,0.722877,1.772206,0.022874,0.610374
26,spawn,105,11.343000,11.342417,0,0.000000,3.711583,0.951208,0.071666,6.168375,0.660873,1.601206,0.020752,0.625668
26,spawn,106,11.326291,11.326000,1,3.372750,3.873167,1.119917,0.090542,2.366000,0.728291,1.684251,0.024501,0.635666
26,spawn,107,8.632500,5.996250,0,0.000167,3.821250,0.975584,0.082458,0.670750,0.694918,1.709130,0.021125,0.616248
26,spawn,108,12.483833,12.483583,1,3.105208,3.624000,1.124500,0.098875,4.060042,0.680665,1.548584,0.020372,0.587296
26,spawn,109,8.638625,5.949375,0,0.000000,3.730875,0.969250,0.139208,0.631541,0.757084,1.595877,0.029538,0.582126
26,spawn,110,11.519916,11.519709,1,3.226792,3.522125,2.590333,0.104125,1.579458,0.671083,1.503377,0.021666,0.577168
26,spawn,111,9.696500,9.696333,0,0.000000,3.760416,0.964334,0.077083,4.465542,0.668253,1.673122,0.021876,0.625250
26,spawn,112,9.247709,9.247583,1,3.029250,3.666959,1.019541,0.139000,0.945792,0.687999,1.533209,0.020706,0.576375
26,spawn,113,8.476291,7.325833,0,0.000042,3.661500,1.154292,0.082708,1.991833,0.690045,1.544086,0.022629,0.602251
26,spawn,114,15.544125,15.543459,1,3.086417,3.761291,0.994292,0.085791,7.112166,0.689292,1.681253,0.021793,0.602124
26,spawn,115,8.667541,5.816875,0,0.000042,3.754625,0.969250,0.095583,0.569792,0.815043,1.552376,0.020459,0.599792
26,spawn,116,9.290875,9.290208,1,3.139834,3.806708,1.139542,0.212542,0.473958,0.734834,1.651663,0.028958,0.601504
26,spawn,117,8.666959,5.711208,0,0.000042,3.554791,1.018500,0.094542,0.612541,0.676456,1.525958,0.020499,0.578874
26,spawn,118,9.527625,9.527375,1,3.185250,3.726250,0.957084,0.808084,0.342000,0.693543,1.594170,0.021459,0.606292
26,spawn,119,8.618500,6.130792,0,0.000042,3.981333,0.965083,0.092500,0.565750,0.750085,1.892545,0.022127,0.576915
26,spawn,120,9.502917,9.502541,1,3.123791,3.656791,0.968250,0.082250,1.012750,0.712540,1.559624,0.020668,0.582663
26,spawn,121,12.047041,12.046917,0,0.000042,3.684416,0.958250,0.095833,6.889041,0.736292,1.559039,0.022041,0.581331
26,spawn,122,9.042417,9.042291,1,3.146792,3.686208,0.964833,0.098167,0.684042,0.712834,1.568583,0.022458,0.603673
26,spawn,123,8.527708,6.882916,0,0.000000,3.686792,1.011500,0.094583,1.655208,0.740413,1.541163,0.020627,0.576873
26,spawn,124,8.975500,8.975292,1,3.090792,3.575792,1.043791,0.101042,0.665500,0.669044,1.500540,0.022125,0.582292
26,spawn,125,8.537834,6.771166,0,0.000000,3.674458,1.085208,0.082084,1.444167,0.669082,1.575584,0.020665,0.589128
26,spawn,126,14.413500,14.413250,1,3.013916,3.672750,0.986625,0.071625,6.153333,0.663628,1.598998,0.020417,0.574749
26,spawn,127,8.639916,5.960917,0,0.000042,3.892958,0.963250,0.083750,0.592666,0.798628,1.680251,0.024290,0.617330
26,spawn,128,12.446958,12.446542,1,3.078625,3.789542,0.951625,0.081792,4.067500,0.731958,1.641290,0.022413,0.620458
26,spawn,129,8.670667,5.842250,0,0.000000,3.738000,0.958958,0.088000,0.596375,0.723540,1.606040,0.020873,0.590039
26,spawn,130,9.681917,9.681542,1,3.043000,3.588000,0.979542,0.077125,0.947333,0.690127,1.561625,0.021668,0.577170
26,spawn,131,11.367666,11.367500,0,0.000000,3.718667,0.999792,0.108917,6.039917,0.745584,1.579582,0.021831,0.597626
26,spawn,132,8.995792,8.995625,1,3.207834,3.696750,0.958541,0.132208,0.502209,0.731878,1.587251,0.022501,0.591168
26,spawn,133,10.074000,10.073750,0,0.000041,3.790583,0.976875,0.092209,4.756125,0.732707,1.628749,0.022788,0.594328
26,spawn,134,14.393208,14.393083,1,3.234709,3.624208,1.093542,0.119583,5.752375,0.684125,1.555584,0.020205,0.583375
26,spawn,135,8.661375,5.796667,0,0.000042,3.640125,1.006500,0.074708,0.626417,0.682876,1.560039,0.020830,0.571918
26,spawn,136,9.203167,9.203000,1,3.064958,3.927250,1.000000,0.082250,0.660250,0.803334,1.645168,0.035166,0.637001
26,spawn,137,8.635083,6.007917,0,0.000042,3.883958,0.955750,0.081834,0.663625,0.763959,1.660919,0.024918,0.644330
26,spawn,138,11.787834,11.787542,1,3.054542,3.590958,2.101250,0.149041,2.432292,0.688249,1.540124,0.020206,0.586083
26,spawn,139,11.694958,11.694584,0,0.000042,3.659166,1.047000,0.094459,6.440583,0.676583,1.573581,0.021623,0.604623
26,spawn,140,9.130167,9.130000,1,3.226625,3.647583,1.018667,0.110416,0.559250,0.691918,1.543668,0.021416,0.583664
26,spawn,141,11.605042,11.604916,0,0.000000,3.874917,0.956750,0.085542,6.239625,0.743083,1.617123,0.022081,0.597456
26,spawn,142,11.724833,11.724667,1,3.258000,3.558166,1.015875,0.085416,3.338833,0.672625,1.501496,0.020415,0.588336
26,spawn,143,10.472333,10.472250,0,0.000042,3.664958,1.042750,0.198250,5.117542,0.703501,1.562005,0.020962,0.615124
26,spawn,144,9.381458,9.381292,1,3.291375,3.775417,1.008916,0.094791,0.665041,0.689752,1.647460,0.023375,0.581292
26,spawn,145,14.157209,14.157042,0,0.000042,3.742916,0.941417,0.077833,8.994000,0.756500,1.608746,0.022376,0.591044
26,spawn,146,8.895667,8.895541,1,3.055541,3.751833,0.955625,0.094833,0.581792,0.710958,1.591710,0.023084,0.664498
26,spawn,147,9.960791,9.960625,0,0.000041,3.816667,0.971667,0.098625,4.601292,0.727250,1.636998,0.021458,0.619544
26,spawn,148,12.468000,12.467917,1,3.378375,3.661291,0.976208,0.088750,3.896833,0.687333,1.550289,0.020333,0.580914
26,spawn,149,8.661791,5.756083,0,0.000042,3.641875,0.970917,0.162041,0.532167,0.695794,1.566877,0.020707,0.567956
26,spawn,150,10.528417,10.528208,1,3.011250,3.582958,1.089708,0.076875,2.290417,0.660002,1.522786,0.021203,0.596547
26,spawn,151,8.661250,5.846708,0,0.000042,3.703917,0.974167,0.081500,0.667583,0.682005,1.641001,0.022918,0.598248
26,spawn,152,9.251875,9.251292,1,2.986666,3.821625,1.002917,0.088750,0.883042,0.772831,1.649086,0.020664,0.617703
26,spawn,153,8.677833,5.721083,0,0.000000,3.567167,0.990625,0.090667,0.662666,0.671167,1.511083,0.020501,0.584252
26,spawn,154,8.924625,8.924167,1,3.049209,3.603500,1.020167,0.118541,0.646791,0.659419,1.558251,0.020584,0.583329
26,spawn,155,8.536042,5.846708,0,0.000000,3.620583,0.993125,0.123958,0.631417,0.668544,1.513082,0.020499,0.592583
26,spawn,156,9.445833,9.445625,1,3.096250,3.789916,1.048917,0.085083,0.942209,0.729668,1.652126,0.022332,0.587671
26,spawn,157,12.521583,12.521542,0,0.000041,3.852000,0.984916,0.127334,7.112417,0.759873,1.640836,0.022248,0.625085
26,spawn,158,8.971917,8.971750,1,3.151291,3.724458,0.983875,0.088458,0.546291,0.694583,1.626578,0.023376,0.611208
26,spawn,159,8.823625,8.823291,0,0.000000,3.868041,0.978083,0.090167,3.411667,0.762917,1.636708,0.024082,0.606540
26,spawn,160,15.060250,15.060000,1,3.238750,3.666084,0.997375,0.078042,6.574208,0.676543,1.562751,0.021459,0.595710
26,spawn,161,8.663000,5.843500,0,0.000542,3.623625,1.025875,0.109500,0.522917,0.683877,1.589003,0.020750,0.568958
26,spawn,162,9.457375,9.456625,1,3.289125,3.729041,1.028209,0.081500,0.845334,0.691376,1.610037,0.021498,0.590289
26,spawn,163,8.666125,5.826084,0,0.000042,3.664625,0.969792,0.112958,0.643042,0.694583,1.563376,0.022958,0.620462
26,spawn,164,9.760292,9.759750,1,3.134084,3.740500,0.963500,0.082750,1.379500,0.744878,1.606709,0.022709,0.619996
26,spawn,165,8.586500,6.357084,0,0.000000,4.107625,1.172583,0.097041,0.567417,0.684791,2.057209,0.021166,0.589624
26,spawn,166,10.760583,10.760334,1,3.118250,3.597125,0.982708,0.097416,2.295375,0.702375,1.532499,0.020917,0.568581
26,spawn,167,11.157958,11.157750,0,0.000000,3.686667,1.041333,0.083334,5.907792,0.686085,1.587084,0.022084,0.638962
26,spawn,168,8.872958,8.872833,1,3.171833,3.652625,0.979792,0.081416,0.529250,0.695249,1.536207,0.020129,0.579584
26,spawn,169,10.699667,10.699375,0,0.000000,3.810584,0.983416,0.086209,5.372500,0.706624,1.662543,0.021042,0.602913
26,spawn,170,14.594875,14.594792,1,3.164208,3.538250,1.007917,0.119542,6.291000,0.676290,1.491666,0.020457,0.576543
26,spawn,171,8.655541,5.841750,0,0.000042,3.627334,1.044166,0.083208,0.589000,0.708415,1.565165,0.021124,0.568123
26,spawn,172,9.289791,9.289416,1,3.232042,3.779875,0.989292,0.108084,0.674042,0.718205,1.660080,0.021873,0.583875
26,spawn,173,8.661458,5.848375,0,0.000000,3.782250,0.974083,0.081417,0.590333,0.797377,1.599462,0.021873,0.605460
26,spawn,174,9.556916,9.556333,1,3.075292,3.776958,0.979416,0.112667,1.139500,0.760833,1.585749,0.020581,0.627496
26,spawn,175,8.641875,5.916583,0,0.000042,3.770041,0.965666,0.133625,0.603791,0.770623,1.571250,0.020498,0.616045
26,spawn,176,10.765250,10.765000,1,3.249917,3.510708,1.283917,0.085167,2.166042,0.667168,1.514501,0.021125,0.567542
26,spawn,177,12.139334,12.139166,0,0.000000,3.743708,1.012542,0.073750,6.869500,0.683082,1.643713,0.020997,0.605626
26,spawn,178,13.826292,13.826125,1,3.225750,3.642000,0.986458,0.085000,5.441625,0.685457,1.587122,0.020832,0.572002
26,spawn,179,8.588167,6.346791,0,0.000042,3.622083,1.076750,0.085292,1.064708,0.690333,1.565959,0.021084,0.574498
26,spawn,180,14.238792,14.238542,1,3.053667,3.855417,1.009000,0.088750,5.712291,0.711167,1.680706,0.021667,0.637456
26,spawn,181,10.878375,10.878125,0,0.000041,3.707750,0.993125,0.076292,5.665458,0.734834,1.603917,0.020625,0.600791
26,spawn,182,10.280042,10.279917,1,3.088583,3.522500,0.969542,0.086041,0.875167,0.649375,1.507833,0.020248,0.566916
26,spawn,183,8.411875,7.758959,0,0.000042,3.828500,1.109709,0.130292,2.249833,0.765586,1.633834,0.020748,0.620455
26,spawn,184,15.355917,15.355625,1,3.063500,3.600500,0.981250,0.089125,7.147875,0.666333,1.538415,0.020458,0.582457
26,spawn,185,8.534167,6.796041,0,0.000000,3.542166,1.042500,0.095875,1.570042,0.663169,1.498338,0.021499,0.579044
26,spawn,186,14.120583,14.120375,1,3.299292,3.879917,1.071750,0.092417,5.273750,0.715753,1.730709,0.021669,0.593829
26,spawn,187,10.333458,10.333334,0,0.000042,3.682709,0.973667,0.071708,5.153875,0.784749,1.536089,0.021500,0.580209
26,spawn,188,14.338708,14.338416,1,3.221875,3.536459,1.248125,0.097708,5.766334,0.662208,1.504834,0.020330,0.577752
26,spawn,189,11.423458,11.423333,0,0.000042,3.700250,1.145208,0.078667,6.055916,0.709250,1.616290,0.020959,0.574915
26,spawn,190,9.288291,9.288125,1,3.082167,3.730708,0.979583,0.086291,0.951500,0.744083,1.600750,0.021461,0.603878
26,spawn,191,8.659916,5.866500,0,0.000000,3.681000,0.962958,0.143542,0.657500,0.701501,1.557043,0.020039,0.584541
26,spawn,192,9.499459,9.498916,1,3.091417,3.644750,1.091333,0.094208,1.102375,0.690039,1.582327,0.021499,0.593455
26,spawn,193,8.671250,5.709917,0,0.000042,3.690917,0.946583,0.076958,0.579500,0.694209,1.594129,0.020042,0.584381
26,spawn,194,11.132042,11.131750,1,3.077542,3.644291,1.049209,0.086625,2.791292,0.691543,1.561796,0.021916,0.587874
26,spawn,195,8.488666,7.229250,0,0.000000,3.703583,1.069167,0.085417,1.902333,0.726002,1.554166,0.020872,0.599834
26,spawn,196,9.135292,9.134542,1,3.050417,3.751417,1.012542,0.086416,0.712583,0.718416,1.593336,0.023290,0.621006
26,spawn,197,9.644125,9.644000,0,0.000042,3.736125,0.947208,0.083250,4.447250,0.661999,1.628251,0.022418,0.588706
26,spawn,198,9.047750,9.047666,1,3.107500,3.767292,0.974000,0.096291,0.635667,0.735918,1.580165,0.020584,0.606543
26,spawn,199,8.505375,7.026916,0,0.000000,3.674541,0.984708,0.081625,1.888750,0.681542,1.584877,0.021206,0.593000
26,spawn,200,13.485500,13.485125,1,3.071833,3.589959,1.051792,0.095250,5.184792,0.670165,1.553042,0.020335,0.588838
26,spawn,201,8.652042,5.958375,0,0.000042,3.739500,1.056375,0.175083,0.520833,0.773128,1.572000,0.021083,0.573749
26,spawn,202,9.323000,9.322209,1,3.088208,3.869208,1.069542,0.082042,0.677792,0.786375,1.604042,0.020958,0.596292
26,spawn,203,8.656750,5.828334,0,0.000042,3.699917,0.998250,0.098375,0.597625,0.685124,1.647628,0.023833,0.572829
26,spawn,204,10.737208,10.736958,1,3.135875,3.794000,0.999375,0.089958,2.228500,0.712958,1.594333,0.022876,0.599537
26,spawn,205,8.647834,5.903750,0,0.000000,3.669041,1.034458,0.142958,0.630375,0.694168,1.616875,0.021790,0.577670
26,spawn,206,9.317042,9.316750,1,3.257917,3.795875,0.986791,0.125917,0.662250,0.704585,1.636334,0.021082,0.609545
26,spawn,207,13.301958,13.301750,0,0.000000,3.855084,0.948958,0.076709,7.998333,0.718501,1.672419,0.021041,0.603747
26,spawn,208,13.889750,13.889417,1,3.106334,3.667709,1.004375,0.073292,5.551167,0.703250,1.572668,0.020710,0.585837
26,spawn,209,8.647417,5.954833,0,0.000000,3.817709,0.975375,0.098666,0.623834,0.820042,1.576836,0.023375,0.624917
26,spawn,210,10.713500,10.713125,1,3.110625,3.688500,1.046458,0.078833,2.315333,0.707249,1.531462,0.020252,0.606543
26,spawn,211,8.659250,5.864250,0,0.000000,3.623125,1.025625,0.135500,0.606333,0.686377,1.561167,0.020667,0.596541
26,spawn,212,9.377750,9.377625,1,3.038292,3.661292,0.953167,0.077583,1.175791,0.672541,1.565168,0.021501,0.582916
26,spawn,213,8.649209,5.879125,0,0.000000,3.741750,0.957333,0.120708,0.645500,0.737291,1.593419,0.024085,0.621249
26,spawn,214,9.182125,9.181792,1,3.064250,3.676667,0.973750,0.087375,0.901500,0.702999,1.581418,0.020292,0.600415
26,spawn,215,8.642666,5.922666,0,0.000041,3.689459,0.960250,0.105541,0.731250,0.708540,1.569630,0.020292,0.602795
26,spawn,216,9.206833,9.206375,1,3.252750,3.577583,1.069167,0.105542,0.741375,0.663377,1.535878,0.022333,0.600042
26,spawn,217,8.657875,5.884625,0,0.000084,3.674959,0.984042,0.114917,0.584042,0.664959,1.572001,0.020251,0.593915
26,spawn,218,9.083250,9.082458,1,3.157833,3.687375,0.957209,0.101667,0.723458,0.685253,1.623625,0.022252,0.592455
26,spawn,219,11.041209,11.041083,0,0.000042,3.703250,0.968833,0.087166,5.864542,0.723667,1.590171,0.023249,0.600836
26,spawn,220,8.985250,8.985125,1,3.258292,3.619666,0.984625,0.101042,0.550417,0.697502,1.525164,0.020417,0.575376
26,spawn,221,8.960000,8.959875,0,0.000042,3.841833,1.001958,0.087541,3.500292,0.739705,1.636915,0.021753,0.621082
26,spawn,222,8.908666,8.908542,1,3.109166,3.662042,0.972834,0.093583,0.600250,0.698668,1.592964,0.022711,0.588378
26,spawn,223,8.345708,8.288000,0,0.000000,3.733458,1.037708,0.209125,2.897416,0.725002,1.586083,0.020750,0.637917
26,spawn,224,12.827667,12.827542,1,3.138959,3.692917,0.958666,0.068042,4.515791,0.671915,1.578124,0.021126,0.626794
26,spawn,225,8.671917,5.681208,0,0.000000,3.668000,0.952709,0.089750,0.525875,0.673167,1.601376,0.021917,0.614963
26,spawn,226,11.929792,11.929708,1,2.934500,3.807625,0.984042,0.091708,3.657334,0.714875,1.690122,0.022626,0.611204
26,spawn,227,8.638041,5.948917,0,0.000000,3.789458,0.975583,0.123583,0.622833,0.737291,1.656168,0.022293,0.596837
26,spawn,228,10.190083,10.189791,1,3.080667,3.785333,0.958458,0.081416,1.804583,0.750254,1.598957,0.022126,0.639624
26,spawn,229,8.660333,5.866417,0,0.000125,3.660167,1.006208,0.172625,0.580459,0.701415,1.605166,0.020500,0.568668
26,spawn,230,9.283917,9.283292,1,3.187416,3.745500,0.986292,0.174875,0.695542,0.689250,1.607081,0.020667,0.589956
26,spawn,231,11.071708,11.071500,0,0.000000,3.689000,0.990875,0.084959,5.882208,0.711126,1.562376,0.020878,0.575337
26,spawn,232,8.995250,8.995083,1,3.213792,3.632416,1.047166,0.091292,0.538334,0.717249,1.533709,0.021668,0.579416
26,spawn,233,8.500917,7.153333,0,0.000042,3.734834,1.051333,0.085333,1.702000,0.712958,1.596420,0.021457,0.601917
26,spawn,234,9.104167,9.103500,1,3.161750,3.711542,0.989125,0.083917,0.651500,0.687249,1.586501,0.022289,0.588414
26,spawn,235,8.548916,6.672500,0,0.000000,3.744083,1.030625,0.082500,1.389416,0.726916,1.638746,0.021045,0.576454
26,spawn,236,14.778083,14.777750,1,3.008167,3.707083,0.970584,0.093458,6.557125,0.691000,1.601709,0.023836,0.619500
26,spawn,237,8.625667,6.052333,0,0.000000,3.817709,1.007208,0.135333,0.552291,0.806876,1.644081,0.020374,0.584124
26,spawn,238,9.762208,9.762000,1,3.077959,3.715667,0.998792,0.096458,1.355708,0.714126,1.595962,0.021622,0.602707
26,spawn,239,8.478208,7.249541,0,0.000041,4.209708,0.980000,0.105958,1.537458,0.673665,2.093622,0.020331,0.581335
26,spawn,240,10.327250,10.327125,1,3.103667,3.668666,1.700000,0.076458,1.216459,0.689833,1.593791,0.022164,0.591167
26,spawn,241,8.670458,5.777334,0,0.000000,3.725875,0.980125,0.082458,0.584000,0.731667,1.579749,0.021335,0.611164
26,spawn,242,9.515833,9.515375,1,3.118583,3.681500,1.032250,0.103208,1.072417,0.723751,1.567083,0.020918,0.566207
26,spawn,243,11.468375,11.468250,0,0.000000,3.690625,0.977167,0.090166,6.244375,0.697917,1.571543,0.021459,0.592165
26,spawn,244,8.865625,8.865375,1,3.198750,3.576583,0.993208,0.080833,0.540084,0.671792,1.530959,0.020293,0.576455
26,spawn,245,8.571916,6.481375,0,0.000000,3.732375,1.067291,0.096916,1.133000,0.702917,1.616457,0.021836,0.590707
26,spawn,246,8.905416,8.905167,1,3.058042,3.698458,0.991500,0.096000,0.568708,0.676624,1.590416,0.021419,0.574998
26,spawn,247,9.764375,9.764167,0,0.000000,3.803917,1.055542,0.085833,4.380917,0.724585,1.657003,0.022165,0.612122
26,spawn,248,13.804834,13.804709,1,3.155833,3.641083,1.015458,0.084875,5.438708,0.704831,1.551128,0.020292,0.604668
26,spawn,249,8.660167,5.874583,0,0.000042,3.766292,0.992666,0.081417,0.599917,0.714958,1.670337,0.022499,0.608916
26,spawn,250,10.724041,10.723292,1,3.171125,3.686875,1.005875,0.088042,2.271167,0.734834,1.531916,0.021708,0.616291
26,spawn,251,8.538917,6.725750,0,0.000000,4.493875,0.994000,0.076334,0.720250,0.737374,2.402422,0.022040,0.587542
26,spawn,252,9.218791,9.218541,1,2.925667,3.695291,1.067333,0.082292,0.966250,0.708210,1.595748,0.023168,0.580338
26,spawn,253,8.657292,5.792666,0,0.000000,3.702125,0.971792,0.158292,0.504084,0.706294,1.590789,0.020333,0.621127
26,spawn,254,9.125625,9.125291,1,3.160209,3.717083,0.986375,0.128333,0.657417,0.674374,1.559667,0.020498,0.569337
26,spawn,255,11.731375,11.731250,0,0.000000,3.596125,1.076125,0.091291,6.504458,0.691958,1.538335,0.020957,0.584913
26,spawn,256,9.184625,9.184459,1,3.260375,3.714042,0.963042,0.106958,0.662875,0.770416,1.540708,0.021789,0.592039
26,spawn,257,8.654750,8.654583,0,0.000041,3.770750,1.023750,0.094333,3.262667,0.720873,1.589292,0.021999,0.608712
26,spawn,258,9.035792,9.035542,1,3.171416,3.661625,0.989375,0.139834,0.553500,0.746209,1.540289,0.021461,0.583289
26,spawn,259,8.383916,7.995750,0,0.000041,3.654417,1.018125,0.085250,2.827750,0.689582,1.526331,0.020750,0.594127
26,spawn,260,14.602667,14.602416,1,3.182250,3.643167,1.052500,0.087042,6.177000,0.687792,1.576749,0.022502,0.584500
26,spawn,261,9.515250,9.515083,0,0.000041,3.819917,1.013625,0.091667,4.126541,0.720669,1.664671,0.021376,0.631133
26,spawn,262,9.319584,9.319500,1,3.361292,3.654500,1.076750,0.107250,0.552833,0.678916,1.588920,0.021877,0.583120
26,spawn,263,8.647042,5.880791,0,0.000042,3.715916,1.039041,0.119875,0.525959,0.717919,1.580085,0.021168,0.609876
26,spawn,264,9.493709,9.493500,1,3.269250,3.673833,0.959916,0.148458,0.844500,0.718457,1.570832,0.022335,0.571794
26,spawn,265,8.651084,5.872125,0,0.000042,3.684208,0.962875,0.090750,0.716042,0.726333,1.573214,0.021665,0.609251
26,spawn,266,9.407666,9.407375,1,3.249625,3.769000,0.958083,0.142000,0.775833,0.752124,1.593373,0.021913,0.609164
26,spawn,267,12.451083,12.450792,0,0.000208,3.812875,1.036333,0.094541,7.060750,0.768209,1.621915,0.021041,0.586835
26,spawn,268,8.953875,8.953625,1,3.135917,3.712459,0.956583,0.092042,0.573958,0.688790,1.616667,0.020832,0.605539
26,spawn,269,9.719667,9.719042,0,0.000042,3.919333,1.044583,0.107833,4.184208,0.730167,1.691421,0.022960,0.611793
26,spawn,270,13.025042,13.024792,1,3.226500,3.679625,1.041833,0.094833,4.533208,0.666582,1.583707,0.022373,0.589790
26,spawn,271,8.625458,6.172167,0,0.000042,3.787792,0.990709,0.146917,0.754250,0.759290,1.589373,0.021293,0.568460
26,spawn,272,9.444584,9.443833,1,3.199458,3.803084,0.980083,0.188584,0.778792,0.790917,1.614000,0.024375,0.600253
26,spawn,273,8.633500,6.084417,0,0.000042,3.820208,1.050250,0.101375,0.659250,0.746373,1.686250,0.020541,0.603501
26,spawn,274,9.302375,9.301500,1,3.101042,3.786084,0.984875,0.137292,0.821084,0.718083,1.633584,0.021960,0.594750
26,spawn,275,8.647500,5.860209,0,0.000000,3.639750,1.068708,0.096750,0.618875,0.676543,1.533543,0.020917,0.595712
26,spawn,276,9.366833,9.366625,1,3.118708,3.816375,1.020750,0.076541,0.751458,0.670706,1.610752,0.022124,0.581585
26,spawn,277,8.656334,5.828166,0,0.000042,3.678458,0.978792,0.103167,0.631292,0.702377,1.585247,0.020750,0.579455
26,spawn,278,9.182666,9.182375,1,3.004500,3.763583,0.972333,0.103292,0.828875,0.751125,1.619042,0.021748,0.619377
26,spawn,279,8.659000,5.867375,0,0.000041,3.687500,0.965250,0.123083,0.601958,0.704085,1.598622,0.021126,0.603964
26,spawn,280,9.121209,9.120625,1,3.212917,3.622291,1.010583,0.084750,0.656625,0.718123,1.504665,0.020333,0.598747
26,spawn,281,11.310083,11.309959,0,0.000042,3.689209,1.068792,0.083625,6.057542,0.717751,1.567208,0.021291,0.635418
26,spawn,282,8.944292,8.944208,1,3.107500,3.590042,1.002000,0.099125,0.681333,0.674167,1.529749,0.020749,0.601371
26,spawn,283,9.192791,9.192625,0,0.000042,3.605500,0.964250,0.074541,4.136458,0.672623,1.519748,0.020250,0.612918
26,spawn,284,13.736292,13.736166,1,3.188334,3.695583,0.992292,0.084083,5.311167,0.764834,1.539294,0.021917,0.572081
26,spawn,285,8.646416,5.997500,0,0.000000,3.692666,1.058167,0.086958,0.609167,0.667124,1.650581,0.020666,0.568122
26,spawn,286,9.448958,9.448375,1,3.237833,3.842208,0.965709,0.145167,0.776084,0.718542,1.684208,0.023501,0.626788
26,spawn,287,8.669208,5.686667,0,0.000042,3.648667,0.962125,0.081542,0.582333,0.706624,1.550249,0.020545,0.617747
26,spawn,288,13.380750,13.380541,1,3.124792,3.781250,0.980750,0.102084,4.913542,0.737417,1.621996,0.023208,0.633249
26,spawn,289,11.394583,11.394417,0,0.000041,3.698167,1.023875,0.096625,6.137875,0.714168,1.567124,0.021917,0.618627
26,spawn,290,9.119000,9.118792,1,3.258250,3.721375,0.973417,0.082250,0.555334,0.691625,1.640335,0.023083,0.589209
26,spawn,291,11.334958,11.334625,0,0.000042,3.946916,0.966750,0.083708,5.883250,0.738044,1.686293,0.021502,0.631498
26,spawn,292,12.942500,12.942375,1,3.215333,3.669625,0.978250,0.080125,4.541041,0.670252,1.563038,0.021460,0.579375
26,spawn,293,8.677584,5.731875,0,0.000042,3.603583,1.036375,0.089208,0.572458,0.684545,1.554706,0.020378,0.568210
26,spawn,294,9.589459,9.588834,1,3.232625,3.820708,0.981583,0.170291,0.901542,0.729370,1.624251,0.021625,0.619289
26,spawn,295,8.659041,5.809250,0,0.000042,3.742125,0.974833,0.074000,0.588500,0.736541,1.589788,0.023041,0.613334
26,spawn,296,9.769959,9.769792,1,3.207958,3.753334,0.994625,0.088333,1.217375,0.760666,1.599707,0.020958,0.614002
26,spawn,297,11.660458,11.660334,0,0.000041,3.582625,0.998041,0.078958,6.520875,0.681209,1.521084,0.020667,0.579999
26,spawn,298,9.239500,9.239375,1,3.025750,3.832542,0.963417,0.120709,0.692333,0.817208,1.596333,0.020500,0.605914
26,spawn,299,10.716584,10.716375,0,0.000000,3.726708,0.968708,0.087791,5.507750,0.708626,1.587042,0.021999,0.599455
26,center,0,17.552875,17.552750,1,3.335042,6.124916,1.873709,0.098292,5.649958,1.454794,2.563455,0.045041,1.213251
26,center,1,12.332125,12.331959,0,0.000250,6.051833,1.996292,0.092250,3.763667,1.474126,2.542625,0.041666,1.196957
26,center,2,15.503417,15.503167,1,2.999042,6.162667,1.933667,0.084500,3.822833,1.410622,2.700334,0.042750,1.172831
26,center,3,11.423834,11.423667,0,0.000125,6.223291,1.821500,0.096209,2.867209,1.445420,2.735420,0.041748,1.209833
26,center,4,17.266041,17.265834,1,3.231000,6.074250,2.027584,0.136375,5.277208,1.447621,2.568244,0.043419,1.173668
26,center,5,9.500750,9.500625,0,0.000000,5.979167,1.945458,0.097917,0.996458,1.431373,2.484711,0.043998,1.218626
26,center,6,19.066541,19.066333,1,3.266333,5.983500,1.906291,0.081542,7.365458,1.394917,2.525206,0.045959,1.195291
26,center,7,13.259375,13.259250,0,0.000000,6.150084,1.880917,0.072708,4.745333,1.512044,2.589867,0.047962,1.205293
26,center,8,15.955708,15.955333,1,3.256792,5.894083,2.289417,0.832042,3.198250,1.384666,2.499838,0.043211,1.153957
26,center,9,14.340250,14.340166,0,0.000125,6.142583,1.906958,0.074917,5.807334,1.502210,2.622547,0.043169,1.184454
26,center,10,17.847792,17.847459,1,3.117084,6.128625,1.831500,0.079042,6.203083,1.476750,2.555920,0.042333,1.229955
26,center,11,9.191834,9.191666,0,0.000042,6.079791,1.990666,0.100250,0.584875,1.452917,2.616124,0.041041,1.172998
26,center,12,12.495417,12.495208,1,3.057459,6.284625,1.870500,0.092291,0.651500,1.503586,2.622623,0.042125,1.189248
26,center,13,13.054208,13.054125,0,0.000041,6.101958,2.023250,0.081250,4.414083,1.438582,2.569750,0.041417,1.213581
26,center,14,16.495500,16.495375,1,3.097666,6.081584,1.950542,0.075167,4.821417,1.416832,2.611622,0.042374,1.216755
26,center,15,9.228125,9.227917,0,0.000042,6.145458,1.861584,0.094667,0.674458,1.484254,2.612753,0.041957,1.183207
26,center,16,12.704583,12.704417,1,3.119292,6.046250,2.055041,0.133958,0.866000,1.500168,2.539125,0.041879,1.168373
26,center,17,11.604625,11.604458,0,0.000000,6.292750,1.810125,0.072583,3.023542,1.510165,2.633750,0.043626,1.307208
26,center,18,15.451791,15.451625,1,3.083000,5.998334,1.928166,0.085500,3.865250,1.422542,2.539499,0.044667,1.193542
26,center,19,9.114458,9.114292,0,0.000042,6.064459,1.873875,0.096667,0.614958,1.471713,2.594628,0.042586,1.165456
26,center,20,12.366125,12.365875,1,3.061250,6.182208,1.932084,0.093417,0.633792,1.486045,2.601915,0.042502,1.202416
26,center,21,12.715542,12.715000,0,0.000042,6.143166,2.009083,0.084958,4.040917,1.545378,2.554829,0.041459,1.183790
26,center,22,16.021958,16.021792,1,3.226167,6.034833,1.983708,0.076291,4.216750,1.442546,2.514374,0.047210,1.218962
26,center,23,9.045750,9.045625,0,0.000000,6.079959,1.855042,0.093875,0.566375,1.457292,2.554877,0.042749,1.215247
26,center,24,12.724333,12.723875,1,3.215083,6.189333,1.907834,0.092750,0.790791,1.486666,2.681127,0.041879,1.181170
26,center,25,11.216958,11.216834,0,0.000083,6.157084,1.898292,0.089834,2.625833,1.453829,2.619039,0.045796,1.178212
26,center,26,17.721500,17.721417,1,3.043458,5.985292,1.952500,0.124833,6.165500,1.427165,2.513459,0.051251,1.192828
26,center,27,9.207041,9.206875,0,0.000042,6.099334,1.867500,0.141958,0.659958,1.438209,2.584422,0.040540,1.236038
26,center,28,12.693833,12.693709,1,3.110875,6.147041,1.995625,0.091292,0.721375,1.483209,2.629581,0.041084,1.206207
26,center,29,11.899750,11.899667,0,0.000250,6.209250,2.044625,0.096667,3.077417,1.482836,2.627547,0.041878,1.203124
26,center,30,17.474916,17.474792,1,3.116625,6.061417,1.894708,0.081041,5.842625,1.434627,2.527044,0.042124,1.226500
26,center,31,17.932917,17.932750,0,0.000042,6.429459,1.906709,0.093333,9.046208,1.625750,2.667460,0.048456,1.241955
26,center,32,16.485291,16.485125,1,3.233916,6.316500,1.929459,0.116625,4.360666,1.528915,2.625784,0.045914,1.271166
26,center,33,11.608792,11.608667,0,0.000042,6.142625,2.027541,0.091209,2.910750,1.545377,2.547081,0.042625,1.209918
26,center,34,16.519875,16.519667,1,3.243667,6.048625,1.863416,0.095167,4.797458,1.430625,2.531247,0.043833,1.241249
26,center,35,9.799542,9.799250,0,0.000000,6.502875,2.031125,0.175417,0.578375,1.539084,2.845170,0.042452,1.186751
26,center,36,13.401125,13.400916,1,3.345667,6.139500,2.561042,0.215208,0.663292,1.499083,2.598626,0.043582,1.195535
26,center,37,13.162584,13.162416,0,0.000042,6.182750,1.944542,0.090375,4.500958,1.431708,2.651501,0.048374,1.191292
26,center,38,16.959958,16.959584,1,3.103208,5.978375,1.956083,0.086625,5.377333,1.392041,2.563418,0.045458,1.164829
26,center,39,14.789458,14.789334,0,0.000458,6.138500,1.941916,0.079542,6.134209,1.501664,2.581623,0.041249,1.207081
26,center,40,14.917709,14.917333,1,3.248333,6.007334,1.927334,0.127666,3.122709,1.411041,2.558336,0.043295,1.179165
26,center,41,9.091708,9.091625,0,0.000042,6.126542,1.928417,0.101500,0.515333,1.506128,2.606502,0.042170,1.178916
26,center,42,14.385041,14.384792,1,3.144166,6.185875,2.932083,0.130458,1.518833,1.480498,2.650169,0.045584,1.207043
26,center,43,13.816166,13.815958,0,0.000084,6.184833,1.942875,0.096542,5.149958,1.439290,2.670380,0.044957,1.185211
26,center,44,15.264125,15.263708,1,3.141542,6.184583,1.994625,0.112500,3.345834,1.496919,2.579627,0.043500,1.217001
26,center,45,9.373417,9.373291,0,0.000000,6.308084,1.868125,0.134542,0.624583,1.463916,2.823748,0.043416,1.188915
26,center,46,13.817916,13.817583,1,3.135500,6.091167,1.875000,0.092291,2.160750,1.467665,2.581541,0.042251,1.196332
26,center,47,10.293917,10.293708,0,0.000042,6.131375,2.000083,0.091375,1.635209,1.412380,2.702124,0.041080,1.183876
26,center,48,17.302291,17.302084,1,3.222959,6.147042,1.923666,0.089416,5.425083,1.495124,2.644164,0.043088,1.178618
26,center,49,14.136041,14.135667,0,0.000000,6.292292,1.984792,0.108000,5.296209,1.578833,2.656501,0.042748,1.220418
26,center,50,16.451291,16.450792,1,3.084166,6.258334,1.891500,0.095084,4.607417,1.574750,2.604121,0.045622,1.179541
26,center,51,9.215666,9.215458,0,0.000041,6.118000,1.864292,0.087167,0.693834,1.502538,2.575710,0.041207,1.215039
26,center,52,14.217334,14.217208,1,3.201875,6.563458,2.563459,0.103166,0.879083,1.619583,2.808419,0.045539,1.266122
26,center,53,12.991333,12.991125,0,0.000041,6.291500,1.994000,0.113958,3.997791,1.589917,2.615211,0.045667,1.206667
26,center,54,17.629084,17.628833,1,3.318583,6.251000,1.934791,0.096458,5.527250,1.488584,2.634042,0.047874,1.224416
26,center,55,14.038042,14.037875,0,0.000125,6.219083,1.946083,0.090542,5.337542,1.535999,2.608832,0.047667,1.211371
26,center,56,15.628959,15.628791,1,3.187541,5.966500,1.950167,0.098125,3.961084,1.413413,2.556127,0.044039,1.174791
26,center,57,9.479875,9.479709,0,0.000000,6.319750,1.956125,0.145584,0.554792,1.606664,2.694038,0.045001,1.159078
26,center,58,13.585625,13.585375,1,3.251250,6.195500,2.653458,0.308584,0.655708,1.532789,2.661038,0.042166,1.169368
26,center,59,12.328000,12.327875,0,0.000042,6.363250,1.950000,0.082125,3.507417,1.507792,2.788753,0.043627,1.205079
26,center,60,15.880000,15.879833,1,3.237417,6.091958,1.942875,0.083583,4.068125,1.439498,2.582081,0.043790,1.215204
26,center,61,16.034625,16.034250,0,0.000041,6.240833,1.903042,0.090125,7.356750,1.504004,2.669332,0.042666,1.201539
26,center,62,15.546250,15.546042,1,3.209000,6.072666,1.909875,0.086583,3.805333,1.480581,2.545035,0.041043,1.217957
26,center,63,9.334750,9.334583,0,0.000084,6.175459,2.063667,0.104625,0.563959,1.483707,2.650835,0.054711,1.194464
26,center,64,14.910333,14.910167,1,3.172917,6.174500,4.223334,0.111625,0.683833,1.421877,2.688541,0.045994,1.192450
26,center,65,10.865583,10.865375,0,0.000000,6.194917,1.925584,0.095292,2.207500,1.558248,2.589587,0.044083,1.197622
26,center,66,15.655250,15.654958,1,3.038333,6.191791,1.945083,0.096375,3.894542,1.472331,2.613374,0.044330,1.219918
26,center,67,9.284875,9.284708,0,0.000000,6.153792,1.908250,0.087708,0.619750,1.492040,2.645543,0.043170,1.163295
26,center,68,14.169042,14.168666,1,3.196917,6.028042,3.416750,0.099958,0.695625,1.442710,2.568621,0.040999,1.189587
26,center,69,10.618500,10.618292,0,0.000000,6.153000,1.988167,0.091792,1.980291,1.494336,2.649049,0.041752,1.200875
26,center,70,16.626875,16.626708,1,3.139875,6.110833,1.948042,0.081458,4.841875,1.548167,2.507411,0.047335,1.221957
26,center,71,9.255875,9.255750,0,0.000042,6.129333,1.975750,0.093541,0.629292,1.465253,2.663961,0.042498,1.159329
26,center,72,13.353000,13.352916,1,3.255375,6.170166,2.665416,0.189125,0.581750,1.492500,2.658795,0.044587,1.156994
26,center,73,12.653042,12.652708,0,0.000000,6.326208,1.953250,0.184250,3.710833,1.506877,2.748625,0.046794,1.192216
26,center,74,15.860208,15.859833,1,3.130958,6.228667,1.854916,0.093209,4.069542,1.473704,2.621004,0.044043,1.227919
26,center,75,13.859791,13.859667,0,0.000042,6.184875,1.851041,0.092041,5.246750,1.467458,2.699756,0.043288,1.175919
26,center,76,16.644167,16.644000,1,3.083792,6.163416,1.920375,0.142500,4.865292,1.545040,2.638288,0.041628,1.154833
26,center,77,9.292458,9.292167,0,0.000041,6.045792,2.133459,0.101917,0.529958,1.428085,2.598875,0.045082,1.169958
26,center,78,14.646041,14.645875,1,3.400292,6.433625,3.438500,0.397209,0.452834,1.613457,2.739417,0.043999,1.208408
26,center,79,11.602166,11.602042,0,0.000000,6.398166,2.048958,0.102875,2.614917,1.614958,2.707584,0.041496,1.203463
26,center,80,15.826959,15.826667,1,3.196000,6.127333,1.942084,0.095083,3.933333,1.449745,2.591788,0.046330,1.236748
26,center,81,9.580292,9.580125,0,0.000083,6.221291,2.092042,0.087292,0.656542,1.619253,2.585798,0.041793,1.189963
26,center,82,14.925083,14.924834,1,3.198417,6.267125,3.489375,0.236958,1.208375,1.498542,2.678956,0.045588,1.206952
26,center,83,15.462708,15.462459,0,0.000000,6.115125,2.035292,0.093750,6.771667,1.488085,2.543379,0.042708,1.192334
26,center,84,16.087500,16.087333,1,3.095791,6.105459,1.978041,0.085125,4.332542,1.439624,2.575875,0.042834,1.215578
26,center,85,12.769333,12.769125,0,0.000000,6.162500,1.922291,0.090333,4.161625,1.473960,2.654173,0.043502,1.185788
26,center,86,14.210416,14.210084,1,3.243917,6.092250,1.996959,0.088125,2.296917,1.436628,2.568750,0.044417,1.215044
26,center,87,9.341666,9.341584,0,0.000375,6.238167,1.861333,0.093083,0.701667,1.573375,2.572870,0.043086,1.220616
26,center,88,12.905709,12.905375,1,3.147709,6.302667,2.133500,0.089625,0.738875,1.512667,2.678422,0.043419,1.254508
26,center,89,11.536125,11.536000,0,0.000000,6.111667,2.126791,0.089834,2.708584,1.437374,2.596627,0.041667,1.209874
26,center,90,16.982042,16.981667,1,3.279958,5.991917,1.988708,0.079334,5.161708,1.434456,2.535377,0.046038,1.183372
26,center,91,9.222917,9.222792,0,0.000042,6.136333,1.914708,0.094875,0.604375,1.532708,2.553955,0.044123,1.217332
26,center,92,14.053250,14.053083,1,3.298416,6.455000,1.851667,0.086375,1.899709,1.668456,2.748166,0.045627,1.178787
26,center,93,10.832292,10.832125,0,0.000125,6.073291,1.968750,0.093709,2.217250,1.452588,2.579542,0.041833,1.194707
26,center,94,16.933375,16.933292,1,3.260375,6.060583,1.928666,0.082500,5.105792,1.404665,2.601626,0.042498,1.166798
26,center,95,13.927708,13.927500,0,0.000041,6.261000,1.922958,0.199584,5.093333,1.546667,2.635083,0.041873,1.229165
26,center,96,16.653666,16.653209,1,3.327709,6.014166,1.989958,0.099708,4.744291,1.441458,2.546124,0.044085,1.186127
26,center,97,9.235125,9.234875,0,0.000042,6.269541,1.838334,0.101792,0.579667,1.473044,2.779713,0.044289,1.163788
26,center,98,12.704417,12.703959,1,3.152458,6.189291,2.146625,0.102625,0.572750,1.513455,2.673624,0.043164,1.166544
26,center,99,13.604667,13.604542,0,0.000042,6.091875,1.866250,0.086500,5.117291,1.465623,2.571708,0.043124,1.209373
26,center,100,14.003541,14.003333,1,3.167542,6.059250,2.039083,0.102250,2.074417,1.434836,2.576922,0.042335,1.198711
26,center,101,9.321833,9.321750,0,0.000000,6.221417,1.951458,0.097292,0.588292,1.568294,2.588544,0.041624,1.223081
26,center,102,12.590875,12.590708,1,3.029250,6.356166,1.917250,0.099375,0.630125,1.660207,2.603705,0.043876,1.235491
26,center,103,14.564916,14.564750,0,0.000041,6.145833,2.097917,0.098334,5.782625,1.450502,2.636999,0.042082,1.218166
26,center,104,13.345292,13.345125,1,3.100459,6.017583,2.036000,0.098375,1.588917,1.406540,2.551540,0.044294,1.188161
26,center,105,9.159000,9.158792,0,0.000042,6.069375,1.959500,0.092042,0.593083,1.417588,2.589460,0.041711,1.223245
26,center,106,13.837250,13.837042,1,3.212708,6.156375,2.079584,0.086834,1.777375,1.446085,2.663630,0.045080,1.179788
26,center,107,10.843792,10.843541,0,0.000000,6.310083,1.999250,0.145208,1.934583,1.561462,2.589750,0.045956,1.246706
26,center,108,16.539708,16.539584,1,3.157000,6.052500,2.010167,0.098750,4.745250,1.432831,2.546333,0.042251,1.199579
26,center,109,9.067541,9.067375,0,0.000042,6.086417,1.847417,0.095334,0.596958,1.517414,2.544411,0.042497,1.187336
26,center,110,12.811542,12.811417,1,3.200417,6.224625,2.016250,0.094417,0.676875,1.501749,2.669375,0.044337,1.205832
26,center,111,13.786958,13.786833,0,0.000042,6.051625,1.963625,0.093083,5.189250,1.468585,2.552705,0.042377,1.198252
26,center,112,17.838416,17.838208,1,3.237208,6.162875,1.974292,0.081917,5.895542,1.470041,2.588916,0.045874,1.216249
26,center,113,14.349375,14.349208,0,0.000084,6.019125,1.929792,0.093000,5.866209,1.455836,2.551458,0.040791,1.178504
26,center,114,14.090666,14.090375,1,3.227792,6.027875,2.011875,0.104166,2.249750,1.461665,2.532375,0.043337,1.184423
26,center,115,10.191458,10.191417,0,0.000042,6.032666,2.467292,0.128375,1.023875,1.409501,2.579584,0.041087,1.164712
26,center,116,12.692875,12.692708,1,3.239750,6.276125,1.925750,0.085958,0.662625,1.541710,2.667837,0.046461,1.209420
26,center,117,13.404042,13.403750,0,0.000000,6.094958,2.056209,0.092083,4.698000,1.468208,2.526708,0.042874,1.198504
26,center,118,19.992333,19.992000,1,3.233667,6.262208,1.997791,0.087833,7.907208,1.529331,2.658248,0.045794,1.174703
26,center,119,16.211667,16.211458,0,0.000000,6.300875,1.964750,0.072334,7.442292,1.532959,2.632456,0.043669,1.280372
26,center,120,18.576208,18.576042,1,3.209125,6.206375,1.956542,0.091500,6.621333,1.439250,2.652540,0.042455,1.251003
26,center,121,12.422958,12.422833,0,0.000250,6.321583,2.001250,0.088708,3.547042,1.513958,2.708873,0.043916,1.241579
26,center,122,16.029709,16.029583,1,3.010667,6.325084,1.979833,0.072667,4.173500,1.468037,2.736292,0.041584,1.235833
26,center,123,9.123125,9.122833,0,0.000000,6.107083,1.880541,0.084959,0.601959,1.428794,2.668376,0.042415,1.158123
26,center,124,14.266375,14.266208,1,3.320958,6.329667,3.295458,0.235083,0.628250,1.542337,2.714251,0.040791,1.260707
26,center,125,10.160708,10.160500,0,0.000000,6.719250,2.221792,0.101792,0.666334,1.633957,2.799707,0.041460,1.274718
26,center,126,16.068584,16.068458,1,2.997292,6.711916,1.884000,0.093916,3.892416,1.607415,2.879624,0.043459,1.238044
26,center,127,9.773458,9.773250,0,0.000000,6.454250,2.127459,0.114916,0.602750,1.555919,2.720044,0.042745,1.239913
26,center,128,13.470583,13.470292,1,3.200958,6.534791,1.905500,0.081792,1.256833,1.562247,2.780001,0.041579,1.291495
26,center,129,10.012583,10.012333,0,0.000292,6.436667,2.231084,0.105166,0.700667,1.537833,2.639457,0.042794,1.374880
26,center,130,17.567000,17.566834,1,3.289417,6.358542,1.923666,0.084292,5.428083,1.444917,2.668541,0.042502,1.349454
26,center,131,9.239417,9.239250,0,0.000000,6.304041,1.869083,0.084709,0.553875,1.595750,2.538664,0.042795,1.243585
26,center,132,13.028750,13.028041,1,3.306084,6.345542,1.934167,0.094875,0.760708,1.539329,2.689746,0.044498,1.198916
26,center,133,11.971833,11.971542,0,0.000292,6.311125,1.890250,0.093916,3.236125,1.458583,2.627420,0.045086,1.346084
26,center,134,14.112708,14.112583,1,3.066125,6.524709,1.921167,0.092125,2.010459,1.516961,2.692543,0.042710,1.323831
26,center,135,9.686959,9.686791,0,0.000000,6.500250,1.948166,0.083375,0.636000,1.540046,2.710583,0.046711,1.305294
26,center,136,14.219584,14.219416,1,3.189917,6.423833,1.981000,0.092833,2.017333,1.444461,2.795922,0.042498,1.245709
26,center,137,11.594833,11.594750,0,0.000042,6.291916,1.944500,0.085333,2.847333,1.466875,2.643746,0.069582,1.314632
26,center,138,14.974333,14.974083,1,3.240500,6.376584,1.903750,0.082958,2.909625,1.489540,2.707162,0.042078,1.308250
26,center,139,9.452375,9.452250,0,0.000041,6.413084,1.912583,0.093125,0.559875,1.559796,2.677039,0.059250,1.297505
26,center,140,12.858792,12.858666,1,3.119625,6.487625,1.890500,0.089708,0.709375,1.610378,2.735209,0.041376,1.217044
26,center,141,12.143792,12.143750,0,0.000000,6.358792,1.984125,0.079375,3.278583,1.467916,2.642869,0.042209,1.393374
26,center,142,14.500458,14.500125,1,3.215750,6.428291,2.056583,0.110709,2.160083,1.504205,2.705749,0.041125,1.248791
26,center,143,10.512000,10.511875,0,0.000042,6.295084,2.035583,0.085042,1.591792,1.479252,2.622293,0.041913,1.320539
26,center,144,12.970209,12.970000,1,3.219667,6.420042,1.937916,0.094083,0.821500,1.513332,2.656124,0.043545,1.281414
26,center,145,11.416916,11.416834,0,0.000042,6.303667,1.876042,0.079209,2.741083,1.498372,2.644292,0.045964,1.267002
26,center,146,14.920666,14.920542,1,3.124083,6.357750,1.911542,0.081291,2.874125,1.526541,2.682457,0.040333,1.282869
26,center,147,9.293625,9.293500,0,0.000084,6.111875,1.917292,0.099167,0.668625,1.430123,2.568959,0.041128,1.173382
26,center,148,12.881167,12.880333,1,3.178333,6.240625,2.012083,0.111500,0.766583,1.502417,2.672127,0.046126,1.233579
26,center,149,14.644291,14.644000,0,0.000000,6.061042,1.934292,0.077166,6.143166,1.431291,2.559913,0.048085,1.221751
26,center,150,15.040375,15.039958,1,3.151208,6.099125,2.125125,0.092583,3.083958,1.434082,2.534921,0.045045,1.273336
26,center,151,9.185875,9.185750,0,0.000000,6.068583,1.894583,0.084625,0.694250,1.455252,2.591923,0.042955,1.176459
26,center,152,12.205708,12.205583,1,3.086792,6.118209,1.858666,0.075250,0.609042,1.412793,2.597000,0.046661,1.204623
26,center,153,12.453625,12.453500,0,0.000042,6.043792,2.024750,0.085000,3.870834,1.509420,2.530965,0.041707,1.185539
26,center,154,16.466583,16.466334,1,3.055917,6.015041,1.980209,0.091250,4.869625,1.384540,2.538416,0.043626,1.228715
26,center,155,9.183791,9.183625,0,0.000042,6.079542,1.905958,0.087125,0.658333,1.477877,2.554376,0.042834,1.183003
26,center,156,12.627708,12.627625,1,3.248000,6.072750,2.045417,0.092000,0.694958,1.467041,2.599244,0.041752,1.167163
26,center,157,10.667750,10.667625,0,0.000000,6.148000,1.895583,0.087958,2.108875,1.540293,2.522836,0.052793,1.227627
26,center,158,16.836625,16.836375,1,3.116291,6.451125,2.012833,0.078208,4.664750,1.536583,2.693252,0.053582,1.283454
26,center,159,9.453041,9.452875,0,0.000000,6.277708,2.010625,0.152625,0.523125,1.458209,2.708418,0.041376,1.195581
26,center,160,12.941041,12.940792,1,3.199041,6.367375,1.990708,0.095250,0.677083,1.574251,2.687918,0.045167,1.253249
26,center,161,13.868875,13.868583,0,0.000000,6.247916,1.923250,0.078583,5.195833,1.547791,2.597292,0.041922,1.210377
26,center,162,14.818833,14.818667,1,3.089500,6.356625,1.884666,0.084167,2.927083,1.457128,2.622710,0.059628,1.327420
26,center,163,14.058250,14.058084,0,0.000000,6.505042,1.854417,0.085958,5.151958,1.634082,2.723877,0.045248,1.245832
26,center,164,15.504375,15.504084,1,3.287792,6.183416,2.026750,0.108708,3.327333,1.526088,2.596790,0.041667,1.185373
26,center,165,11.579334,11.579166,0,0.000042,5.993500,4.149500,0.085083,0.876167,1.478585,2.536876,0.040957,1.147702
26,center,166,15.078125,15.077833,1,3.258542,6.144542,3.021834,0.164958,1.056000,1.462459,2.627294,0.040958,1.214714
26,center,167,11.207959,11.207791,0,0.000000,6.544042,1.998917,0.083667,2.148291,1.532831,2.779996,0.042710,1.332297
26,center,168,15.850250,15.850000,1,3.374750,6.309042,2.006458,0.093625,3.604958,1.506078,2.610705,0.054289,1.282295
26,center,169,14.246750,14.246333,0,0.000000,6.371208,2.249583,0.086208,5.030667,1.471748,2.749584,0.040707,1.177001
26,center,170,15.160250,15.160166,1,3.065000,6.392166,2.000459,0.099500,3.044708,1.540331,2.538039,0.044584,1.261828
26,center,171,9.115792,9.115666,0,0.000000,6.207708,1.857709,0.095709,0.535625,1.515039,2.663293,0.044709,1.184667
26,center,172,14.090875,14.090625,1,3.194584,6.127292,3.289334,0.429166,0.569542,1.463292,2.591582,0.042456,1.232462
26,center,173,13.954500,13.954417,0,0.000042,6.113791,1.970709,0.082416,5.351500,1.495628,2.562041,0.041375,1.209964
26,center,174,14.872625,14.872458,1,2.932084,6.302917,1.966875,0.084375,3.132792,1.511041,2.614881,0.042464,1.329549
26,center,175,9.924292,9.924208,0,0.000042,6.603584,2.204667,0.131542,0.464459,1.493415,2.828122,0.042081,1.289000
26,center,176,13.236958,13.236834,1,3.217250,6.564959,1.948500,0.133209,0.856292,1.573085,2.789996,0.046206,1.352671
26,center,177,10.401292,10.401125,0,0.000000,6.287584,1.904750,0.094917,1.683917,1.557295,2.589296,0.040835,1.274086
26,center,178,16.451416,16.451292,1,3.202125,6.306916,1.934958,0.089292,4.383667,1.511374,2.574207,0.044247,1.362202
26,center,179,9.190541,9.190375,0,0.000000,6.209500,1.869000,0.087833,0.580583,1.537585,2.590086,0.045290,1.216172
26,center,180,13.008250,13.008000,1,3.107166,6.354167,2.242084,0.109791,0.698791,1.522083,2.776377,0.044750,1.198206
26,center,181,13.647500,13.647167,0,0.000000,6.454459,1.881291,0.092583,4.790792,1.564291,2.664080,0.042750,1.307131
26,center,182,15.123542,15.123083,1,3.125084,6.158958,2.011958,0.081375,3.281250,1.458417,2.556085,0.045128,1.245539
26,center,183,9.278375,9.278291,0,0.000042,6.205417,1.885667,0.092917,0.625417,1.572706,2.528790,0.045830,1.217250
26,center,184,13.574000,13.573750,1,3.109625,6.314416,1.899708,0.111917,1.686250,1.500543,2.722916,0.047498,1.212872
26,center,185,11.156042,11.155917,0,0.000000,6.195541,1.927875,0.092166,2.512792,1.535709,2.568124,0.044039,1.225959
26,center,186,16.489792,16.489625,1,3.254458,6.402833,1.878167,0.119375,4.356458,1.618044,2.672124,0.042544,1.208041
26,center,187,9.322542,9.322250,0,0.000000,6.276500,1.878333,0.086125,0.648834,1.571332,2.600294,0.041838,1.238455
26,center,188,13.012125,13.011958,1,3.183000,6.313083,2.178750,0.088750,0.761458,1.472961,2.701750,0.041330,1.261750
26,center,189,10.996834,10.996708,0,0.000000,6.345208,1.936792,0.082917,2.194667,1.612248,2.610247,0.042334,1.252703
26,center,190,15.190625,15.190458,1,3.375875,6.383458,1.859375,0.086958,2.989083,1.459961,2.740249,0.045415,1.258581
26,center,191,10.244250,10.244125,0,0.000000,6.407042,2.015375,0.087625,1.250500,1.573500,2.643708,0.042333,1.259456
26,center,192,13.300250,13.300084,1,3.169958,6.430083,2.423958,0.131250,0.685834,1.560499,2.739626,0.045956,1.178743
26,center,193,11.251125,11.250959,0,0.000084,6.316791,1.981625,0.103583,2.394750,1.546621,2.577704,0.044332,1.328460
26,center,194,15.644584,15.644458,1,3.217375,6.498500,1.971583,0.080083,3.407416,1.618084,2.727873,0.042497,1.266632
26,center,195,9.321958,9.321791,0,0.000041,6.349834,1.860583,0.100042,0.575208,1.488293,2.621128,0.042214,1.291253
26,center,196,13.717917,13.717292,1,3.127250,6.137584,2.676791,0.098166,0.921042,1.507378,2.594708,0.042960,1.186500
26,center,197,12.208875,12.208667,0,0.000000,6.358208,1.878250,0.079750,3.486666,1.532251,2.640383,0.042916,1.334457
26,center,198,15.473459,15.473333,1,3.287583,6.407208,1.814209,0.084208,3.431750,1.499664,2.659662,0.045081,1.321126
26,center,199,13.219708,13.219542,0,0.000042,6.462000,1.960542,0.088500,4.214375,1.463165,2.859957,0.041666,1.206290
26,center,200,19.619083,19.618959,1,3.360792,6.373708,2.140708,0.071791,7.167250,1.434919,2.679084,0.042205,1.294870
26,center,201,9.668541,9.668417,0,0.000125,6.397416,2.090458,0.083917,0.624625,1.478709,2.724917,0.041208,1.313499
26,center,202,15.190667,15.190417,1,3.224958,6.692959,3.081917,0.093416,1.585833,1.509044,3.044125,0.049086,1.184454
26,center,203,11.138041,11.137833,0,0.000084,6.264500,1.871084,0.081542,2.489458,1.623916,2.560496,0.041214,1.230665
26,center,204,15.415666,15.415542,1,3.108916,6.112416,1.888625,0.080292,3.745667,1.434662,2.557377,0.046250,1.201664
26,center,205,14.569125,14.568875,0,0.000042,5.972375,1.874917,0.120792,6.183209,1.425041,2.507415,0.042544,1.202039
26,center,206,14.355041,14.354541,1,3.145625,6.058417,1.996250,0.085958,2.598125,1.437665,2.571541,0.042501,1.195378
26,center,207,9.351792,9.351708,0,0.000000,5.992958,2.032041,0.090459,0.819792,1.379081,2.594171,0.041418,1.158417
26,center,208,12.485000,12.484708,1,3.080667,6.299875,1.931250,0.089500,0.600167,1.543379,2.633674,0.043041,1.210584
26,center,209,14.494375,14.494250,0,0.000000,6.052041,2.002000,0.079500,5.927791,1.446333,2.524956,0.043082,1.211704
26,center,210,18.325792,18.325417,1,3.099958,6.150583,1.942500,0.077708,6.586500,1.532627,2.582578,0.043707,1.171290
26,center,211,13.739709,13.739541,0,0.000042,6.115291,1.890834,0.104834,5.173792,1.561041,2.507959,0.044624,1.184458
26,center,212,14.693375,14.693042,1,3.255333,6.190500,1.935125,0.093542,2.735041,1.524123,2.532916,0.045001,1.233203
26,center,213,10.109500,10.109041,0,0.000000,6.064250,2.346791,0.083417,1.087750,1.424538,2.512122,0.043837,1.153123
26,center,214,14.414833,14.414625,1,3.031292,6.203375,1.960084,0.079042,2.668708,1.431543,2.672461,0.041708,1.236170
26,center,215,11.625500,11.625333,0,0.000000,6.115042,1.995625,0.096292,2.970792,1.464668,2.553632,0.046045,1.226087
26,center,216,13.976000,13.975875,1,3.249542,6.074416,1.981125,0.091209,2.122542,1.455374,2.562334,0.044248,1.207877
26,center,217,10.001083,10.000958,0,0.000042,5.960000,2.570875,0.102750,0.835167,1.395417,2.507170,0.041335,1.170749
26,center,218,14.424209,14.424000,1,3.159500,6.142959,1.815208,0.082041,2.760792,1.467460,2.634836,0.042922,1.189041
26,center,219,12.115000,12.114833,0,0.000041,6.079500,1.856250,0.079791,3.632084,1.489421,2.583583,0.042126,1.158206
26,center,220,14.916291,14.916083,1,2.993167,6.132792,1.886125,0.076875,3.361542,1.444497,2.624710,0.044833,1.174460
26,center,221,9.607917,9.607709,0,0.000000,6.213000,1.932208,0.095500,0.922333,1.495793,2.692163,0.044878,1.187045
26,center,222,12.531667,12.531541,1,3.136958,6.227041,1.952875,0.083250,0.665750,1.477206,2.643371,0.043209,1.234166
26,center,223,11.338958,11.338875,0,0.000041,6.986875,1.965792,0.284042,1.692916,2.379667,2.562001,0.041915,1.202958
26,center,224,17.307708,17.307625,1,3.268375,5.959500,1.909667,0.095917,5.608292,1.398585,2.504247,0.045709,1.211834
26,center,225,9.245625,9.245333,0,0.000209,6.143083,1.996791,0.085125,0.542833,1.509708,2.606413,0.042589,1.177085
26,center,226,13.994750,13.994583,1,3.231709,6.154875,2.532000,0.102792,1.493417,1.564459,2.529006,0.044042,1.210045
