stage,view,frame,frame_ms,render_ms,shadow_refreshed,shadow_ms,world_ms,forest_ms,post_ms,end_drawing_ms,brick_ms,steel_ms,water_ms,trunks_ms
1,spawn,0,12.845167,12.844916,1,1.218542,3.471625,0.001333,0.128000,7.531542,2.464630,0.141917,0.000000,0.000000
1,spawn,1,8.514833,4.864917,0,0.000250,3.664459,0.001667,0.086209,0.587250,2.697255,0.142250,0.000000,0.000000
1,spawn,2,9.656000,9.655500,1,1.242875,3.553375,0.001917,0.095208,4.270875,2.605535,0.146875,0.000000,0.000000
1,spawn,3,8.781542,4.834000,0,0.000083,3.713500,0.001458,0.090334,0.543167,2.749454,0.148458,0.000000,0.000000
1,spawn,4,8.527292,6.821417,1,1.164625,3.481041,0.002042,0.077250,1.628917,2.519325,0.146832,0.000000,0.000000
1,spawn,5,8.504500,7.000083,0,0.000000,3.542250,0.001292,0.073208,2.949917,2.578257,0.147042,0.000000,0.000000
1,spawn,6,8.750958,8.750250,1,1.163542,3.508958,0.002125,0.086791,3.501708,2.566959,0.148333,0.000000,0.000000
1,spawn,7,14.126417,14.126375,0,0.000042,3.624875,0.001791,0.078250,9.936875,2.675583,0.148708,0.000000,0.000000
1,spawn,8,8.609125,6.200250,1,1.354167,3.591250,0.002083,0.086333,0.670041,2.634041,0.150000,0.000000,0.000000
1,spawn,9,8.751125,8.750708,0,0.000042,3.734583,0.001959,0.100625,4.438916,2.770707,0.147500,0.000000,0.000000
1,spawn,10,8.636916,5.942458,1,1.206416,3.573459,0.002250,0.092750,0.531417,2.636582,0.151709,0.000000,0.000000
1,spawn,11,8.405583,7.810417,0,0.000042,3.520375,0.002167,0.180875,3.626625,2.573172,0.147708,0.000000,0.000000
1,spawn,12,8.484084,5.952333,1,1.263000,3.493500,0.001917,0.099208,0.599834,2.555091,0.147125,0.000000,0.000000
1,spawn,13,8.389167,7.930875,0,0.000042,3.555083,0.002083,0.091250,3.827792,2.608455,0.148541,0.000000,0.000000
1,spawn,14,8.646209,5.879375,1,1.223000,3.459333,0.001708,0.077667,0.615416,2.523619,0.147375,0.000000,0.000000
1,spawn,15,8.480417,7.226875,0,0.000084,3.474291,0.001916,0.085125,3.224167,2.534833,0.149792,0.000000,0.000000
1,spawn,16,8.613208,6.128416,1,1.295250,3.569375,0.002208,0.092541,0.578459,2.546208,0.163834,0.000000,0.000000
1,spawn,17,8.498542,7.057167,0,0.000125,3.463666,0.001958,0.093792,2.999916,2.517465,0.146709,0.000000,0.000000
1,spawn,18,8.639333,5.935167,1,1.298167,3.411292,0.001584,0.090875,0.634666,2.473997,0.147417,0.000000,0.000000
1,spawn,19,8.484708,7.181583,0,0.000125,3.699250,0.002125,0.094917,2.914667,2.726581,0.149667,0.000000,0.000000
1,spawn,20,8.625708,6.029291,1,1.310625,3.495917,0.001792,0.087583,0.613334,2.484409,0.146749,0.000000,0.000000
1,spawn,21,8.662417,5.751375,0,0.000041,3.516541,0.001917,0.081167,1.707083,2.569875,0.147125,0.000000,0.000000
1,spawn,22,8.611250,6.164084,1,1.225541,3.641292,0.001750,0.095083,0.686500,2.643450,0.158501,0.000000,0.000000
1,spawn,23,8.529666,6.852083,0,0.000000,3.536167,0.002083,0.090208,2.759625,2.561002,0.147625,0.000000,0.000000
1,spawn,24,13.177000,13.176709,1,1.213833,3.530083,0.001541,0.087209,7.859459,2.589503,0.142416,0.000000,0.000000
1,spawn,25,8.738875,5.140167,0,0.000042,3.590500,0.001875,0.158750,0.824708,2.610917,0.152334,0.000000,0.000000
1,spawn,26,8.386667,7.971042,1,1.160209,3.686792,0.001709,0.111125,2.476083,2.688165,0.169792,0.000000,0.000000
1,spawn,27,8.766375,4.913875,0,0.000000,3.493666,0.002334,0.111500,0.684083,2.560298,0.142542,0.000000,0.000000
1,spawn,28,9.730750,9.730416,1,1.227750,3.598542,0.001917,0.091708,4.321750,2.652173,0.157126,0.000000,0.000000
1,spawn,29,8.755167,5.019792,0,0.000083,3.623417,0.001625,0.084500,0.880875,2.627495,0.162001,0.000000,0.000000
1,spawn,30,9.210666,9.210292,1,1.189708,3.664708,0.001667,0.083666,3.772916,2.708873,0.145208,0.000000,0.000000
1,spawn,31,8.723667,5.296666,0,0.000042,3.614750,0.001541,0.086000,1.083459,2.659493,0.142625,0.000000,0.000000
1,spawn,32,11.692000,11.691625,1,1.208542,3.525750,0.001833,0.091834,6.369500,2.585128,0.156625,0.000000,0.000000
1,spawn,33,8.818667,8.818500,0,0.000041,3.751500,0.001708,0.109541,4.487750,2.743625,0.163334,0.000000,0.000000
1,spawn,34,8.617292,6.124750,1,1.279250,3.617083,0.001750,0.085916,0.626125,2.654412,0.153416,0.000000,0.000000
1,spawn,35,8.609291,8.608959,0,0.000042,3.544125,0.001541,0.098709,4.506708,2.579795,0.155583,0.000000,0.000000
1,spawn,36,8.469667,7.334541,1,1.265375,3.433375,0.001542,0.085917,2.058792,2.521919,0.138084,0.000000,0.000000
1,spawn,37,12.851958,12.851542,0,0.000042,3.683875,0.001583,0.084125,8.627250,2.692415,0.148916,0.000000,0.000000
1,spawn,38,10.832708,10.832458,1,1.303833,3.460542,0.002084,0.084250,5.235500,2.518173,0.144833,0.000000,0.000000
1,spawn,39,8.686459,5.566667,0,0.000042,3.596333,0.001667,0.089209,1.436542,2.624840,0.168042,0.000000,0.000000
1,spawn,40,9.148458,9.148083,1,1.108125,3.586792,0.001792,0.089083,3.864708,2.627952,0.148959,0.000000,0.000000
1,spawn,41,8.572750,6.478167,0,0.000042,3.496250,0.002250,0.155667,2.272875,2.530998,0.140040,0.000000,0.000000
1,spawn,42,61.638041,61.637833,1,1.216125,3.531958,0.001750,0.085166,56.326042,2.580577,0.159625,0.000000,0.000000
1,spawn,43,46.756875,46.756458,0,0.000000,4.472500,0.002208,0.114417,41.534583,3.283212,0.163917,0.000000,0.000000
1,spawn,44,8.477583,7.328625,1,1.793250,4.100375,0.002333,0.134375,0.688542,3.058293,0.164916,0.000000,0.000000
1,spawn,45,26.799875,26.799625,0,0.000209,3.958042,0.001667,0.128750,22.191500,2.934666,0.162208,0.000000,0.000000
1,spawn,46,13.754084,13.753542,1,2.855041,3.613541,0.002500,0.153875,6.539875,2.626914,0.150417,0.000000,0.000000
1,spawn,47,8.704333,5.414875,0,0.000417,4.060708,0.002375,0.182000,0.640667,3.083468,0.152291,0.000000,0.000000
1,spawn,48,21.440959,21.440750,1,1.154333,3.753667,0.004667,0.117292,15.536917,2.766420,0.150833,0.000000,0.000000
1,spawn,49,8.373541,5.761500,0,0.000125,4.340542,0.002208,0.118750,0.696042,3.207078,0.172293,0.000000,0.000000
1,spawn,50,14.805458,14.805125,1,1.218208,3.700750,0.001750,0.095750,9.254416,2.656753,0.149540,0.000000,0.000000
1,spawn,51,8.752417,5.033958,0,0.000083,3.810542,0.001750,0.085625,0.629125,2.820124,0.145084,0.000000,0.000000
1,spawn,52,8.567000,8.566750,1,1.290375,3.787042,0.001834,0.197583,2.607042,2.775084,0.150084,0.000000,0.000000
1,spawn,53,8.805792,4.603750,0,0.000042,3.456333,0.001583,0.081541,0.646708,2.508956,0.149041,0.000000,0.000000
1,spawn,54,8.451417,7.443459,1,1.213708,3.445875,0.002250,0.111166,1.958000,2.489877,0.145918,0.000000,0.000000
1,spawn,55,8.782500,4.785417,0,0.000041,3.554917,0.002000,0.084291,0.660584,2.582122,0.161458,0.000000,0.000000
1,spawn,56,8.572459,6.463250,1,1.250333,3.513209,0.001792,0.082791,1.125000,2.526417,0.142084,0.000000,0.000000
1,spawn,57,8.345833,8.275000,0,0.000000,3.756209,0.001792,0.089750,3.992375,2.770667,0.171792,0.000000,0.000000
1,spawn,58,8.529708,6.845542,1,1.143792,3.546375,0.002208,0.173542,1.270709,2.603001,0.138209,0.000000,0.000000
1,spawn,59,8.447458,7.569042,0,0.000042,3.536125,0.001541,0.090042,3.476917,2.548998,0.162500,0.000000,0.000000
1,spawn,60,8.358875,8.173542,1,1.146458,3.717500,0.001750,0.083917,2.735541,2.624172,0.172792,0.000000,0.000000
1,spawn,61,8.502000,7.133084,0,0.000041,3.361792,0.001583,0.087375,3.230083,2.435417,0.154916,0.000000,0.000000
1,spawn,62,9.473375,9.472750,1,1.240542,3.465083,0.001375,0.077750,4.127708,2.484167,0.156667,0.000000,0.000000
1,spawn,63,8.665834,5.817541,0,0.000000,3.511917,0.001417,0.076416,1.781042,2.556502,0.142667,0.000000,0.000000
1,spawn,64,8.988416,8.987959,1,1.123958,3.489834,0.001250,0.073333,3.864916,2.490298,0.156125,0.000000,0.000000
1,spawn,65,8.623459,6.146166,0,0.000042,3.640792,0.001209,0.092917,1.953084,2.649870,0.149167,0.000000,0.000000
1,spawn,66,8.669041,5.715416,1,1.146791,3.515792,0.001375,0.070833,0.535500,2.588959,0.157042,0.000000,0.000000
1,spawn,67,8.457375,7.473875,0,0.000041,3.491084,0.001583,0.102625,3.373000,2.496759,0.148709,0.000000,0.000000
1,spawn,68,8.648584,5.859625,1,1.223125,3.516833,0.001208,0.074834,0.581875,2.588092,0.148124,0.000000,0.000000
1,spawn,69,8.716667,5.318083,0,0.000042,3.696000,0.001583,0.095667,1.041750,2.673123,0.163709,0.000000,0.000000
1,spawn,70,8.425000,7.695625,1,1.183333,3.449292,0.001333,0.080542,2.532875,2.496169,0.168791,0.000000,0.000000
1,spawn,71,8.751709,5.150333,0,0.000042,3.829333,0.001584,0.093000,0.781500,2.888044,0.166418,0.000000,0.000000
1,spawn,72,11.217542,11.217500,1,1.136250,3.556042,0.001416,0.074459,5.982292,2.576085,0.166667,0.000000,0.000000
1,spawn,73,8.533916,4.663583,0,0.000000,3.492000,0.001500,0.082625,0.623500,2.564205,0.140083,0.000000,0.000000
1,spawn,74,9.986292,9.986084,1,1.239750,3.281292,0.001292,0.088875,4.900333,2.359798,0.138334,0.000000,0.000000
1,spawn,75,8.800292,4.668291,0,0.000000,3.547125,0.001584,0.084875,0.582792,2.596205,0.166541,0.000000,0.000000
1,spawn,76,8.468542,7.298500,1,1.080333,3.589541,0.001792,0.083875,2.043250,2.567457,0.138833,0.000000,0.000000
1,spawn,77,8.830000,4.520959,0,0.000000,3.426208,0.001292,0.102083,0.539416,2.482457,0.151749,0.000000,0.000000
1,spawn,78,11.066917,11.065916,1,1.158042,3.681041,0.001625,0.084458,5.655833,2.685041,0.176084,0.000000,0.000000
1,spawn,79,8.793708,4.724708,0,0.000000,3.603375,0.001250,0.079917,0.605209,2.673081,0.138707,0.000000,0.000000
1,spawn,80,8.426000,7.703125,1,1.236833,3.457000,0.001417,0.086666,2.438583,2.521043,0.149376,0.000000,0.000000
1,spawn,81,8.755667,4.998459,0,0.000042,3.608084,0.001542,0.085250,0.775125,2.667672,0.150750,0.000000,0.000000
1,spawn,82,9.461458,9.461209,1,1.185167,3.364708,0.001291,0.076084,4.371625,2.465247,0.158667,0.000000,0.000000
1,spawn,83,8.813750,4.538000,0,0.000042,3.427584,0.001291,0.081958,0.573292,2.477673,0.145458,0.000000,0.000000
1,spawn,84,8.678542,5.713375,1,1.170250,3.351375,0.001417,0.069916,0.647417,2.424371,0.142209,0.000000,0.000000
1,spawn,85,11.215416,11.215042,0,0.000084,3.516125,0.001250,0.076000,7.168417,2.615041,0.158001,0.000000,0.000000
1,spawn,86,8.681709,5.787042,1,1.228416,3.346750,0.001333,0.070167,0.674708,2.394249,0.145166,0.000000,0.000000
1,spawn,87,8.521542,6.891750,0,0.000084,3.582959,0.002000,0.089791,2.674084,2.532123,0.155333,0.000000,0.000000
1,spawn,88,8.619625,6.083000,1,1.210250,3.433458,0.001417,0.093000,0.823292,2.529458,0.139625,0.000000,0.000000
1,spawn,89,11.156250,11.156000,0,0.000042,3.580708,0.001333,0.100542,7.001917,2.597377,0.156208,0.000000,0.000000
1,spawn,90,8.651792,5.837500,1,1.176166,3.453208,0.001375,0.074000,0.648500,2.518128,0.157584,0.000000,0.000000
1,spawn,91,8.714250,5.354042,0,0.000042,3.413042,0.002041,0.142041,1.298042,2.434918,0.138250,0.000000,0.000000
1,spawn,92,11.530166,11.529833,1,1.204541,3.484208,0.001750,0.077125,6.298541,2.550874,0.145250,0.000000,0.000000
1,spawn,93,8.816709,4.600333,0,0.000042,3.392250,0.001500,0.079166,0.617666,2.465755,0.141291,0.000000,0.000000
1,spawn,94,8.919042,8.918542,1,1.242041,3.506417,0.001458,0.083625,3.613958,2.570333,0.147376,0.000000,0.000000
1,spawn,95,8.630875,5.986250,0,0.000042,3.452250,0.001666,0.149708,1.894417,2.513581,0.142125,0.000000,0.000000
1,spawn,96,10.357292,10.357000,1,1.164625,3.523917,0.001875,0.085541,5.069750,2.551169,0.152000,0.000000,0.000000
1,spawn,97,8.791125,4.699416,0,0.000041,3.506958,0.001917,0.084291,0.634500,2.613795,0.138125,0.000000,0.000000
1,spawn,98,8.544834,6.762625,1,1.208791,3.436750,0.001417,0.079291,1.564917,2.496376,0.155999,0.000000,0.000000
1,spawn,99,8.826042,4.444167,0,0.000083,3.321333,0.001375,0.078083,0.571375,2.409711,0.149958,0.000000,0.000000
1,spawn,100,8.629500,6.140584,1,1.230750,3.615417,0.001750,0.084875,0.671333,2.642994,0.158833,0.000000,0.000000
1,spawn,101,8.813333,4.585625,0,0.000125,3.445833,0.001500,0.085583,0.583667,2.516086,0.145916,0.000000,0.000000
1,spawn,102,9.574583,9.573709,1,1.153500,3.310042,0.001667,0.075875,4.536042,2.379623,0.139334,0.000000,0.000000
1,spawn,103,8.485416,7.287708,0,0.000042,3.554542,0.001417,0.077750,3.165916,2.599588,0.138624,0.000000,0.000000
1,spawn,104,8.478500,7.229125,1,1.139875,3.508583,0.001458,0.080791,2.039333,2.555079,0.158874,0.000000,0.000000
1,spawn,105,8.539333,6.820791,0,0.000042,3.349500,0.001416,0.080083,2.950917,2.427122,0.149167,0.000000,0.000000
1,spawn,106,8.533041,6.868208,1,1.207375,3.377167,0.001750,0.089583,1.727958,2.455459,0.145542,0.000000,0.000000
1,spawn,107,8.601875,6.288708,0,0.000125,3.422583,0.001334,0.083333,2.286500,2.429122,0.150207,0.000000,0.000000
1,spawn,108,8.613125,6.150792,1,1.201208,3.395167,0.001875,0.077417,1.005250,2.429203,0.139374,0.000000,0.000000
1,spawn,109,8.647000,5.887833,0,0.000000,3.513792,0.001292,0.079958,1.842833,2.560125,0.155250,0.000000,0.000000
1,spawn,110,8.609917,6.165792,1,1.177375,3.723208,0.001291,0.076708,0.716084,2.828916,0.139375,0.000000,0.000000
1,spawn,111,8.502167,7.025125,0,0.000000,3.598291,0.001625,0.081959,2.896208,2.627836,0.153042,0.000000,0.000000
1,spawn,112,8.681416,5.620875,1,1.093417,3.441542,0.001750,0.076542,0.549167,2.506457,0.149708,0.000000,0.000000
1,spawn,113,10.603542,10.603291,0,0.000042,3.459041,0.001834,0.100000,6.572208,2.510913,0.143667,0.000000,0.000000
1,spawn,114,8.646333,5.881833,1,1.179542,3.354500,0.001208,0.210792,0.570834,2.410370,0.147542,0.000000,0.000000
1,spawn,115,8.355000,8.202667,0,0.000000,3.621708,0.001375,0.076667,4.069959,2.653159,0.203083,0.000000,0.000000
1,spawn,116,8.505875,5.833750,1,1.164875,3.475625,0.001209,0.074167,0.605375,2.557250,0.140708,0.000000,0.000000
1,spawn,117,8.474833,7.250292,0,0.000042,3.632000,0.001292,0.085750,3.094292,2.672837,0.171208,0.000000,0.000000
1,spawn,118,8.676250,5.667125,1,1.103833,3.430167,0.001292,0.069625,0.583500,2.496130,0.156834,0.000000,0.000000
1,spawn,119,8.343708,8.296084,0,0.000042,3.455833,0.001500,0.092583,4.203958,2.503166,0.146165,0.000000,0.000000
1,spawn,120,8.663208,5.773750,1,1.139750,3.481125,0.001541,0.129750,0.542208,2.503170,0.157874,0.000000,0.000000
1,spawn,121,8.797875,4.660833,0,0.000042,3.403083,0.002000,0.089625,0.706125,2.431330,0.152376,0.000000,0.000000
1,spawn,122,8.683500,5.635125,1,1.160416,3.397584,0.001292,0.076250,0.542833,2.465751,0.144166,0.000000,0.000000
1,spawn,123,8.797500,4.717416,0,0.000042,3.566167,0.001667,0.082875,0.614375,2.620990,0.148916,0.000000,0.000000
1,spawn,124,8.362250,8.145000,1,1.111042,3.540125,0.001333,0.072083,2.972917,2.535126,0.152708,0.000000,0.000000
1,spawn,125,8.660917,5.774125,0,0.000250,3.414542,0.001458,0.091542,1.719042,2.503377,0.157249,0.000000,0.000000
1,spawn,126,8.413958,7.754166,1,1.108000,3.480291,0.001333,0.072625,2.637417,2.501414,0.148916,0.000000,0.000000
1,spawn,127,8.795209,4.778875,0,0.000083,3.449625,0.001542,0.099958,0.766541,2.494712,0.138084,0.000000,0.000000
1,spawn,128,9.441666,9.441042,1,1.120959,3.548875,0.001542,0.088208,4.217500,2.581082,0.159374,0.000000,0.000000
1,spawn,129,8.802791,4.651042,0,0.000000,3.573958,0.001333,0.075833,0.547834,2.579213,0.150460,0.000000,0.000000
1,spawn,130,8.541416,6.708458,1,1.084833,3.614375,0.001250,0.083750,1.423709,2.570003,0.142708,0.000000,0.000000
1,spawn,131,8.617167,6.197750,0,0.000042,3.371083,0.001250,0.181916,2.190334,2.478586,0.137790,0.000000,0.000000
1,spawn,132,8.576208,6.459917,1,1.117542,3.572666,0.001750,0.088542,1.239292,2.599453,0.170542,0.000000,0.000000
1,spawn,133,8.588791,6.409167,0,0.000083,3.324458,0.001209,0.081334,2.586750,2.414920,0.153208,0.000000,0.000000
1,spawn,134,8.604542,6.200250,1,1.182125,3.653667,0.001458,0.093666,0.806875,2.691335,0.163043,0.000000,0.000000
1,spawn,135,8.815125,4.516291,0,0.000041,3.349792,0.001334,0.075584,0.641792,2.423915,0.146125,0.000000,0.000000
1,spawn,136,8.424083,7.790917,1,1.135833,3.624375,0.001583,0.099959,2.450666,2.624418,0.147041,0.000000,0.000000
1,spawn,137,8.806417,4.684291,0,0.000042,3.524459,0.001916,0.087250,0.598125,2.533126,0.174166,0.000000,0.000000
1,spawn,138,8.605542,6.195792,1,1.195375,3.398500,0.001666,0.079125,1.036375,2.490461,0.148375,0.000000,0.000000
1,spawn,139,8.702250,5.409875,0,0.000042,3.375625,0.001250,0.075416,1.533333,2.474711,0.138208,0.000000,0.000000
1,spawn,140,8.664541,5.851583,1,1.145042,3.501500,0.001459,0.091792,0.652792,2.563795,0.146626,0.000000,0.000000
1,spawn,141,8.792417,4.702125,0,0.000083,3.340959,0.001250,0.077625,0.789000,2.408500,0.160292,0.000000,0.000000
1,spawn,142,8.657333,5.874666,1,1.150292,3.472125,0.001333,0.140000,0.669167,2.549955,0.147166,0.000000,0.000000
1,spawn,143,8.596542,6.370792,0,0.000125,3.225750,0.001250,0.082250,2.562333,2.342962,0.143667,0.000000,0.000000
1,spawn,144,8.655208,5.830875,1,1.331042,3.308250,0.001292,0.072625,0.658709,2.393466,0.137751,0.000000,0.000000
1,spawn,145,8.813875,4.524833,0,0.000000,3.449083,0.001208,0.068625,0.573458,2.500168,0.140708,0.000000,0.000000
1,spawn,146,8.679667,5.699833,1,1.120583,3.329375,0.001584,0.082708,0.605792,2.424497,0.140251,0.000000,0.000000
1,spawn,147,8.813208,4.545291,0,0.000167,3.456708,0.001250,0.069666,0.556459,2.528004,0.160500,0.000000,0.000000
1,spawn,148,8.486083,7.244000,1,1.147834,3.371916,0.001333,0.136375,2.076750,2.476003,0.150916,0.000000,0.000000
1,spawn,149,8.427584,7.645500,0,0.000084,3.468333,0.001750,0.080458,3.654667,2.473588,0.161876,0.000000,0.000000
1,spawn,150,8.536209,6.756084,1,1.116333,3.427125,0.002125,0.107333,1.520375,2.468039,0.143459,0.000000,0.000000
1,spawn,151,8.447333,7.566958,0,0.000042,3.371208,0.001459,0.077084,3.672750,2.413547,0.148875,0.000000,0.000000
1,spawn,152,8.633166,6.061417,1,1.200375,3.427208,0.001541,0.085000,0.796083,2.511998,0.144542,0.000000,0.000000
1,spawn,153,8.529500,6.798583,0,0.000083,3.427000,0.001583,0.085459,2.732875,2.442456,0.152667,0.000000,0.000000
1,spawn,154,8.678625,5.751042,1,1.143417,3.394750,0.001583,0.076583,0.647667,2.393629,0.151291,0.000000,0.000000
1,spawn,155,8.708666,8.707833,0,0.000125,3.513708,0.001250,0.079166,4.648125,2.604206,0.142792,0.000000,0.000000
1,spawn,156,8.675042,5.730333,1,1.096959,3.398583,0.002125,0.081166,0.661209,2.418169,0.149500,0.000000,0.000000
1,spawn,157,8.766916,8.766583,0,0.000083,3.464417,0.001625,0.079791,4.748583,2.545040,0.147833,0.000000,0.000000
1,spawn,158,8.662167,5.785709,1,1.108375,3.486250,0.001500,0.077916,0.614417,2.506620,0.154667,0.000000,0.000000
1,spawn,159,10.241833,10.241458,0,0.000083,3.442542,0.001458,0.079333,6.269917,2.482456,0.142791,0.000000,0.000000
1,spawn,160,8.656792,5.777458,1,1.175375,3.355916,0.001333,0.075709,0.668291,2.450919,0.138168,0.000000,0.000000
1,spawn,161,9.574250,9.574084,0,0.000041,3.340708,0.001333,0.080542,5.731875,2.452586,0.138958,0.000000,0.000000
1,spawn,162,8.662292,5.763042,1,1.168709,3.426333,0.001208,0.071542,0.644167,2.465953,0.150375,0.000000,0.000000
1,spawn,163,8.483250,7.177083,0,0.000042,3.309833,0.001292,0.137458,3.154791,2.391126,0.139793,0.000000,0.000000
1,spawn,164,8.660125,5.759375,1,1.133000,3.458916,0.001334,0.074541,0.610292,2.502925,0.158416,0.000000,0.000000
1,spawn,165,8.385125,8.384791,0,0.000042,3.379708,0.001500,0.086541,4.483584,2.445168,0.137916,0.000000,0.000000
1,spawn,166,11.977583,11.977417,1,1.275209,3.368791,0.001250,0.075417,6.807791,2.452877,0.143792,0.000000,0.000000
1,spawn,167,8.736083,5.157875,0,0.000125,3.353625,0.001375,0.084417,1.284666,2.453667,0.137876,0.000000,0.000000
1,spawn,168,10.612084,10.611791,1,1.109916,3.625584,0.001666,0.090792,5.273334,2.648120,0.147333,0.000000,0.000000
1,spawn,169,8.715333,5.317042,0,0.000041,3.670416,0.001833,0.083917,1.106333,2.757792,0.155500,0.000000,0.000000
1,spawn,170,9.689791,9.689542,1,1.133666,3.514708,0.001292,0.096875,4.475250,2.610043,0.139084,0.000000,0.000000
1,spawn,171,8.794042,4.684000,0,0.000000,3.445334,0.001375,0.095833,0.720958,2.464503,0.152999,0.000000,0.000000
1,spawn,172,8.533083,6.885791,1,1.236250,3.368750,0.001292,0.078334,1.743917,2.443548,0.138501,0.000000,0.000000
1,spawn,173,11.218917,11.218208,0,0.000167,3.426083,0.001291,0.071833,7.253000,2.497452,0.150501,0.000000,0.000000
1,spawn,174,8.671125,5.683667,1,1.119292,3.459750,0.001375,0.075208,0.579458,2.444287,0.180334,0.000000,0.000000
1,spawn,175,8.474333,7.257209,0,0.000000,3.350625,0.001542,0.085625,3.385834,2.424537,0.149084,0.000000,0.000000
1,spawn,176,8.638250,5.991500,1,1.176666,3.415917,0.001334,0.072375,0.871666,2.469211,0.139083,0.000000,0.000000
1,spawn,177,10.240792,10.239625,0,0.000291,3.532583,0.001417,0.084333,6.128333,2.541046,0.139083,0.000000,0.000000
1,spawn,178,8.555875,6.049583,1,1.141292,3.604708,0.001291,0.074375,0.709792,2.644036,0.160458,0.000000,0.000000
1,spawn,179,8.682667,5.689375,0,0.000166,3.389708,0.001292,0.072417,1.780875,2.420626,0.154292,0.000000,0.000000
1,spawn,180,13.045333,13.044792,1,1.129333,3.478417,0.001417,0.081250,7.891833,2.527625,0.145125,0.000000,0.000000
1,spawn,181,8.429167,5.005959,0,0.000042,3.586084,0.001750,0.099917,0.875125,2.673003,0.146333,0.000000,0.000000
1,spawn,182,9.274708,9.274500,1,1.140584,3.375500,0.001292,0.070000,4.248250,2.464087,0.154500,0.000000,0.000000
1,spawn,183,8.431334,4.598208,0,0.000000,3.403208,0.001542,0.140708,0.573708,2.454662,0.148833,0.000000,0.000000
1,spawn,184,8.866417,8.866166,1,1.187666,3.348666,0.001292,0.074958,3.806125,2.451959,0.148000,0.000000,0.000000
1,spawn,185,8.810791,4.562125,0,0.000041,3.503583,0.001417,0.078416,0.532792,2.584624,0.138126,0.000000,0.000000
1,spawn,186,8.462000,7.348459,1,1.085125,3.412167,0.001250,0.082459,2.293708,2.456710,0.151626,0.000000,0.000000
1,spawn,187,8.813250,4.564333,0,0.000042,3.382458,0.001417,0.132750,0.611125,2.449126,0.161541,0.000000,0.000000
1,spawn,188,8.366917,8.093375,1,1.142125,3.388833,0.001458,0.115916,2.889459,2.437341,0.137751,0.000000,0.000000
1,spawn,189,8.810625,4.546209,0,0.000042,3.389125,0.001250,0.073042,0.669500,2.451412,0.143709,0.000000,0.000000
1,spawn,190,8.527792,6.827042,1,1.105417,3.500125,0.001417,0.081667,1.642458,2.553586,0.138499,0.000000,0.000000
1,spawn,191,8.806625,4.592625,0,0.000000,3.451417,0.001708,0.097083,0.587042,2.495790,0.145250,0.000000,0.000000
1,spawn,192,8.608292,6.183417,1,1.124667,3.425208,0.001584,0.080208,0.977208,2.516338,0.148916,0.000000,0.000000
1,spawn,193,8.545709,4.545042,0,0.000000,3.385417,0.001250,0.082084,0.621667,2.470082,0.152583,0.000000,0.000000
1,spawn,194,8.663583,5.830625,1,1.208500,3.460334,0.001459,0.077542,0.606708,2.495333,0.138000,0.000000,0.000000
1,spawn,195,8.815959,4.647417,0,0.000084,3.454667,0.001292,0.073792,0.641917,2.530581,0.162334,0.000000,0.000000
1,spawn,196,8.627333,6.043417,1,1.153291,3.509375,0.001334,0.093167,0.799125,2.586295,0.161375,0.000000,0.000000
1,spawn,197,8.836667,4.447417,0,0.000042,3.346458,0.001333,0.074000,0.590708,2.410630,0.149166,0.000000,0.000000
1,spawn,198,8.652916,5.911917,1,1.232834,3.442084,0.001375,0.075500,0.677541,2.523750,0.137916,0.000000,0.000000
1,spawn,199,10.310041,10.309458,0,0.000125,3.378625,0.001458,0.080375,6.361417,2.425414,0.148042,0.000000,0.000000
1,spawn,200,8.664791,5.830917,1,1.155666,3.510000,0.001250,0.078708,0.602458,2.552961,0.153792,0.000000,0.000000
1,spawn,201,8.504000,7.107792,0,0.000167,3.524500,0.001833,0.085000,3.030125,2.569632,0.167417,0.000000,0.000000
1,spawn,202,8.645291,5.896583,1,1.172584,3.534916,0.001542,0.195375,0.539708,2.622417,0.138584,0.000000,0.000000
1,spawn,203,9.495625,9.495292,0,0.000042,3.514709,0.001292,0.081250,5.480500,2.561959,0.147124,0.000000,0.000000
1,spawn,204,8.651708,5.930500,1,1.285625,3.413834,0.001375,0.130667,0.636000,2.448424,0.146209,0.000000,0.000000
1,spawn,205,8.391833,7.917792,0,0.000083,3.457834,0.001791,0.079166,3.933875,2.551202,0.147625,0.000000,0.000000
1,spawn,206,8.671417,5.763583,1,1.143625,3.428750,0.001666,0.071875,0.645875,2.446621,0.141916,0.000000,0.000000
1,spawn,207,9.572709,9.571958,0,0.000125,3.519875,0.001250,0.080833,5.495125,2.546578,0.169584,0.000000,0.000000
1,spawn,208,8.658750,5.865416,1,1.162583,3.476542,0.001333,0.074541,0.671083,2.496207,0.163333,0.000000,0.000000
1,spawn,209,8.687750,5.635792,0,0.000042,3.400916,0.001333,0.075291,1.701416,2.433748,0.148459,0.000000,0.000000
1,spawn,210,8.668375,5.718167,1,1.210208,3.338125,0.001208,0.068917,0.663000,2.407914,0.146583,0.000000,0.000000
1,spawn,211,8.759083,4.996500,0,0.000042,3.570208,0.001417,0.096083,0.904209,2.607041,0.167958,0.000000,0.000000
1,spawn,212,11.057291,11.057042,1,1.129667,3.306917,0.001334,0.080208,5.965583,2.375787,0.163208,0.000000,0.000000
1,spawn,213,8.757375,4.988417,0,0.000083,3.368584,0.001500,0.087959,1.013333,2.443367,0.143083,0.000000,0.000000
1,spawn,214,10.897500,10.897292,1,1.112792,3.625000,0.001250,0.080042,5.610375,2.627710,0.146542,0.000000,0.000000
1,spawn,215,8.755209,5.002958,0,0.000125,3.598084,0.001292,0.083250,0.911916,2.652086,0.161711,0.000000,0.000000
1,spawn,216,8.396417,7.875333,1,1.087417,3.442542,0.001625,0.089542,2.748667,2.467916,0.144458,0.000000,0.000000
1,spawn,217,8.806500,4.587125,0,0.000042,3.415584,0.001250,0.075625,0.682917,2.467624,0.138293,0.000000,0.000000
1,spawn,218,8.394166,7.889083,1,1.085000,3.511375,0.001500,0.105000,2.739333,2.534122,0.171083,0.000000,0.000000
1,spawn,219,8.666625,4.771583,0,0.000042,3.473875,0.001667,0.073167,0.778834,2.532748,0.137541,0.000000,0.000000
1,spawn,220,9.166791,9.166583,1,1.149000,3.425792,0.001417,0.072292,4.087666,2.499671,0.165415,0.000000,0.000000
1,spawn,221,8.799375,4.643916,0,0.000042,3.494792,0.001375,0.147875,0.570125,2.521539,0.146334,0.000000,0.000000
1,spawn,222,8.598083,6.260000,1,1.160375,3.485584,0.001917,0.127334,0.997459,2.536292,0.144876,0.000000,0.000000
1,spawn,223,8.821334,4.582209,0,0.000042,3.458292,0.001250,0.071583,0.636208,2.486667,0.164791,0.000000,0.000000
1,spawn,224,8.544708,6.747000,1,1.234792,3.441916,0.001458,0.085083,1.496292,2.546997,0.146416,0.000000,0.000000
1,spawn,225,9.891000,9.890334,0,0.000084,3.326708,0.001542,0.075375,5.996375,2.411951,0.149959,0.000000,0.000000
1,spawn,226,8.455750,7.402583,1,1.164250,3.236459,0.001625,0.240042,2.260750,2.343296,0.138166,0.000000,0.000000
1,spawn,227,8.670834,5.682542,0,0.000041,3.480834,0.001375,0.111708,1.623666,2.521917,0.148999,0.000000,0.000000
1,spawn,228,8.632209,6.071208,1,1.110000,3.405458,0.001625,0.080750,1.032042,2.422916,0.138875,0.000000,0.000000
1,spawn,229,8.357208,8.179958,0,0.000125,3.467416,0.001209,0.087167,4.185792,2.536910,0.147708,0.000000,0.000000
1,spawn,230,8.375583,8.032292,1,1.287458,3.437208,0.001459,0.083042,2.749416,2.508914,0.142417,0.000000,0.000000
1,spawn,231,8.601584,6.275917,0,0.000000,3.409625,0.001250,0.076750,2.363125,2.457341,0.146209,0.000000,0.000000
1,spawn,232,8.681125,5.687958,1,1.154625,3.375458,0.001375,0.094458,0.603084,2.448454,0.145751,0.000000,0.000000
1,spawn,233,8.600792,6.345791,0,0.000125,3.539500,0.001625,0.073709,2.230000,2.534671,0.182751,0.000000,0.000000
1,spawn,234,8.662334,5.757791,1,1.238000,3.398334,0.001833,0.083708,0.539375,2.442291,0.153458,0.000000,0.000000
1,spawn,235,8.537209,6.746500,0,0.000042,3.697791,0.001458,0.119667,2.397500,2.686661,0.164749,0.000000,0.000000
1,spawn,236,8.671458,5.673250,1,1.148750,3.356292,0.002000,0.099125,0.551209,2.408297,0.147250,0.000000,0.000000
1,spawn,237,10.104667,10.104541,0,0.000041,3.443791,0.001292,0.074167,6.175167,2.520708,0.152749,0.000000,0.000000
1,spawn,238,8.666875,5.837333,1,1.155125,3.458875,0.001292,0.075500,0.687917,2.514913,0.159917,0.000000,0.000000
1,spawn,239,8.566541,6.515666,0,0.000167,3.437959,0.001542,0.082916,2.522917,2.534880,0.139626,0.000000,0.000000
1,spawn,240,11.026417,11.026250,1,1.224666,3.387584,0.001458,0.071708,5.892042,2.406708,0.148208,0.000000,0.000000
1,spawn,241,8.395125,7.889500,0,0.000084,3.565166,0.001542,0.097375,3.786375,2.616489,0.154041,0.000000,0.000000
1,spawn,242,8.365500,8.121334,1,1.129291,3.578958,0.001334,0.081958,2.807250,2.604582,0.151500,0.000000,0.000000
1,spawn,243,8.384000,7.964709,0,0.000042,3.460917,0.001458,0.082875,3.994792,2.535541,0.142625,0.000000,0.000000
1,spawn,244,8.554916,8.554750,1,1.133541,3.433833,0.001417,0.070125,3.464291,2.510042,0.152625,0.000000,0.000000
1,spawn,245,8.798625,4.670000,0,0.000000,3.466000,0.002041,0.253042,0.513584,2.563797,0.144791,0.000000,0.000000
1,spawn,246,8.771791,8.771625,1,1.157959,3.484333,0.001917,0.094583,3.559334,2.574373,0.142500,0.000000,0.000000
1,spawn,247,8.770708,4.905792,0,0.000042,3.684333,0.001333,0.091500,0.706875,2.746762,0.162417,0.000000,0.000000
1,spawn,248,8.880500,8.880292,1,1.110000,3.412792,0.001709,0.073250,3.839208,2.424084,0.159126,0.000000,0.000000
1,spawn,249,8.362333,8.147042,0,0.000041,3.546042,0.001292,0.100167,4.039625,2.580089,0.154751,0.000000,0.000000
1,spawn,250,8.585625,6.360333,1,1.225584,3.766750,0.001334,0.085833,0.750958,2.801212,0.189333,0.000000,0.000000
1,spawn,251,8.547584,6.657958,0,0.000042,3.539167,0.001209,0.085000,2.569250,2.574621,0.160291,0.000000,0.000000
1,spawn,252,8.415166,7.725750,1,1.082458,3.414542,0.001209,0.079500,2.661500,2.445702,0.171458,0.000000,0.000000
1,spawn,253,8.403333,7.819541,0,0.000000,3.519792,0.001292,0.097041,3.745084,2.548088,0.154958,0.000000,0.000000
1,spawn,254,8.544125,6.683041,1,1.175042,3.227792,0.001417,0.067208,1.806125,2.326078,0.141250,0.000000,0.000000
1,spawn,255,8.780041,4.813542,0,0.000000,3.614417,0.001250,0.081458,0.603958,2.594626,0.169666,0.000000,0.000000
1,spawn,256,8.525375,6.840625,1,1.096584,3.643583,0.001625,0.102250,1.524792,2.504001,0.158709,0.000000,0.000000
1,spawn,257,8.801042,4.634250,0,0.000000,3.483541,0.001250,0.072125,0.661209,2.538672,0.149751,0.000000,0.000000
1,spawn,258,8.437000,7.643083,1,1.137750,3.561083,0.001250,0.083458,2.382917,2.539713,0.138042,0.000000,0.000000
1,spawn,259,8.726625,5.225625,0,0.000125,3.550167,0.001167,0.098375,1.140709,2.561873,0.164042,0.000000,0.000000
1,spawn,260,8.971833,8.971625,1,1.126125,3.518125,0.001625,0.088125,3.777375,2.576040,0.160792,0.000000,0.000000
1,spawn,261,8.793833,4.681125,0,0.000042,3.419584,0.001375,0.075375,0.781125,2.483421,0.154917,0.000000,0.000000
1,spawn,262,8.530250,6.806042,1,1.184208,3.562500,0.001375,0.091792,1.453250,2.555662,0.157375,0.000000,0.000000
1,spawn,263,8.792750,4.776750,0,0.000000,3.527167,0.001334,0.086042,0.689959,2.545668,0.176000,0.000000,0.000000
1,spawn,264,8.614000,6.163917,1,1.136084,3.564083,0.001250,0.076084,0.922917,2.584338,0.146167,0.000000,0.000000
1,spawn,265,10.659750,10.659542,0,0.000042,3.429667,0.001208,0.073083,6.732125,2.528712,0.137917,0.000000,0.000000
1,spawn,266,8.617042,6.219916,1,1.429250,3.430958,0.001500,0.247750,0.515209,2.478543,0.147458,0.000000,0.000000
1,spawn,267,8.409209,7.191625,0,0.000083,3.409208,0.001250,0.073625,3.224625,2.425998,0.146374,0.000000,0.000000
1,spawn,268,8.640417,6.005375,1,1.302334,3.498792,0.001459,0.079375,0.657375,2.462541,0.144333,0.000000,0.000000
1,spawn,269,9.544458,9.543958,0,0.000125,3.510666,0.001375,0.090750,5.488666,2.552621,0.155583,0.000000,0.000000
1,spawn,270,8.441708,6.351375,1,1.206750,3.910000,0.001417,0.079750,0.693417,2.921586,0.148458,0.000000,0.000000
1,spawn,271,8.560584,6.653916,0,0.000083,3.418333,0.001250,0.069083,2.733125,2.448081,0.151833,0.000000,0.000000
1,spawn,272,13.554292,13.553833,1,1.148875,3.729625,0.001292,0.071875,8.136542,2.668380,0.167042,0.000000,0.000000
1,spawn,273,8.790458,4.764167,0,0.000084,3.677250,0.001875,0.089834,0.557708,2.753292,0.141458,0.000000,0.000000
1,spawn,274,9.603417,9.603125,1,1.176375,3.444417,0.001292,0.072417,4.425667,2.492508,0.155293,0.000000,0.000000
1,spawn,275,8.802875,4.622209,0,0.000042,3.481417,0.001250,0.072750,0.628042,2.558668,0.143917,0.000000,0.000000
1,spawn,276,8.357792,8.182625,1,1.134584,3.548042,0.001500,0.085792,2.937666,2.574457,0.138667,0.000000,0.000000
1,spawn,277,8.489792,7.116875,0,0.000083,3.367125,0.001292,0.097625,3.183667,2.455886,0.147500,0.000000,0.000000
1,spawn,278,8.468125,7.302333,1,1.073250,3.408750,0.001208,0.065208,2.308000,2.481708,0.145001,0.000000,0.000000
1,spawn,279,8.816292,4.538000,0,0.000000,3.379334,0.001208,0.112209,0.599792,2.440712,0.163834,0.000000,0.000000
1,spawn,280,8.520375,6.903791,1,1.138167,3.569708,0.001666,0.104125,1.612667,2.619412,0.167459,0.000000,0.000000
1,spawn,281,8.790167,4.718208,0,0.000000,3.475958,0.001333,0.077375,0.702167,2.546129,0.161875,0.000000,0.000000
1,spawn,282,8.516125,6.920834,1,1.210542,3.454625,0.001333,0.075750,1.644792,2.480876,0.144043,0.000000,0.000000
1,spawn,283,8.781458,4.788084,0,0.000000,3.571458,0.010458,0.093750,0.643333,2.540204,0.175292,0.000000,0.000000
1,spawn,284,8.603458,6.303958,1,1.161417,3.431500,0.001750,0.089916,1.109959,2.442795,0.148000,0.000000,0.000000
1,spawn,285,8.787583,4.776125,0,0.000125,3.604500,0.001709,0.113125,0.524750,2.595709,0.173625,0.000000,0.000000
1,spawn,286,8.421333,6.194000,1,1.253791,3.602042,0.001375,0.104042,0.683542,2.612201,0.146792,0.000000,0.000000
1,spawn,287,8.806667,4.690500,0,0.000041,3.501500,0.001625,0.085583,0.668500,2.516005,0.167750,0.000000,0.000000
1,spawn,288,8.629791,6.127500,1,1.098791,3.520416,0.001667,0.158000,0.717542,2.577460,0.174502,0.000000,0.000000
1,spawn,289,8.810375,4.754917,0,0.000000,3.514875,0.001292,0.126125,0.661417,2.536254,0.176250,0.000000,0.000000
1,spawn,290,8.601500,6.262583,1,1.275625,3.581250,0.001458,0.098208,0.785833,2.640464,0.137791,0.000000,0.000000
1,spawn,291,9.727375,9.727042,0,0.000000,3.599375,0.001333,0.094000,5.573875,2.603211,0.152791,0.000000,0.000000
1,spawn,292,8.655125,5.839250,1,1.261958,3.452750,0.001625,0.097125,0.561875,2.500792,0.152084,0.000000,0.000000
1,spawn,293,8.395458,8.395250,0,0.000084,3.543541,0.001333,0.084416,4.244958,2.525124,0.184375,0.000000,0.000000
1,spawn,294,8.635250,6.012834,1,1.226959,3.615708,0.001708,0.093917,0.534625,2.585045,0.171125,0.000000,0.000000
1,spawn,295,8.393916,7.899500,0,0.000041,3.566667,0.001250,0.077500,3.835042,2.625707,0.153041,0.000000,0.000000
1,spawn,296,8.667792,5.787292,1,1.132541,3.450291,0.001458,0.191583,0.528500,2.456830,0.154291,0.000000,0.000000
1,spawn,297,8.394167,7.916167,0,0.000125,3.489167,0.001750,0.078125,3.838791,2.494160,0.153500,0.000000,0.000000
1,spawn,298,8.637709,6.035542,1,1.257709,3.464834,0.001333,0.079875,0.689750,2.462293,0.153874,0.000000,0.000000
1,spawn,299,8.377500,8.073000,0,0.000083,3.566750,0.001458,0.081875,3.939333,2.602836,0.166459,0.000000,0.000000
1,spawn,300,8.619709,6.176083,1,1.272083,3.536416,0.001291,0.117917,0.675791,2.503831,0.140500,0.000000,0.000000
1,spawn,301,8.492875,7.130500,0,0.000125,3.522125,0.001250,0.083584,3.085416,2.546292,0.188833,0.000000,0.000000
1,spawn,302,8.675583,5.671917,1,1.100250,3.422667,0.001375,0.098042,0.536625,2.448918,0.147041,0.000000,0.000000
1,spawn,303,8.655792,5.834708,0,0.000041,3.488375,0.001292,0.088500,1.823416,2.516204,0.158584,0.000000,0.000000
1,spawn,304,8.658333,5.807625,1,1.113584,3.570625,0.001292,0.072292,0.594042,2.569922,0.181918,0.000000,0.000000
1,spawn,305,8.540500,6.757292,0,0.000000,3.688167,0.001250,0.091375,2.451875,2.671044,0.147374,0.000000,0.000000
1,spawn,306,8.631209,5.990292,1,1.174584,3.544208,0.001375,0.157834,0.593000,2.506459,0.175834,0.000000,0.000000
1,spawn,307,8.637458,5.982708,0,0.000000,3.404000,0.001209,0.129083,2.024209,2.409747,0.158584,0.000000,0.000000
1,spawn,308,8.631500,5.986708,1,1.151708,3.603500,0.001250,0.098042,0.633583,2.512128,0.184584,0.000000,0.000000
1,spawn,309,8.644500,5.993166,0,0.000042,3.518459,0.001625,0.092750,1.842625,2.495836,0.149375,0.000000,0.000000
1,spawn,310,8.652167,5.910000,1,1.130625,3.615583,0.001209,0.091542,0.593541,2.597751,0.164626,0.000000,0.000000
1,spawn,311,8.640083,6.042000,0,0.000167,3.368666,0.001167,0.099542,2.087917,2.420665,0.137874,0.000000,0.000000
1,spawn,312,8.639709,5.940417,1,1.112250,3.570833,0.001167,0.192542,0.618000,2.589454,0.156001,0.000000,0.000000
1,spawn,313,8.698583,5.522542,0,0.000042,3.364459,0.001458,0.076500,1.571375,2.429086,0.152083,0.000000,0.000000
1,spawn,314,9.846000,9.845583,1,1.138417,3.536750,0.001292,0.073208,4.598792,2.546502,0.168541,0.000000,0.000000
1,spawn,315,8.817167,4.605542,0,0.000708,3.505083,0.001666,0.085458,0.554792,2.573125,0.146542,0.000000,0.000000
1,spawn,316,8.523875,6.951667,1,1.112292,3.451709,0.001666,0.085709,1.846708,2.483921,0.147668,0.000000,0.000000
1,spawn,317,8.791666,4.710083,0,0.000125,3.440375,0.001417,0.084875,0.715792,2.519207,0.146001,0.000000,0.000000
1,spawn,318,9.466334,9.466125,1,1.072000,3.560333,0.001458,0.076958,4.297834,2.592585,0.160291,0.000000,0.000000
1,spawn,319,8.620375,4.715417,0,0.000041,3.407167,0.001417,0.081125,0.682083,2.494965,0.137960,0.000000,0.000000
1,spawn,320,8.776917,8.776250,1,1.199125,3.397250,0.001625,0.080250,3.654666,2.482458,0.156291,0.000000,0.000000
1,spawn,321,8.785416,4.764208,0,0.000042,3.452792,0.001334,0.079500,0.829208,2.559543,0.137916,0.000000,0.000000
1,center,0,8.700667,8.700500,1,1.377875,6.043250,0.001375,0.107083,0.609667,4.742836,0.358085,0.000000,0.000000
1,center,1,8.350166,8.350084,0,0.000000,5.769041,0.001167,0.101000,2.055708,4.511834,0.355667,0.000000,0.000000
1,center,2,8.632084,8.631958,1,1.318833,6.093333,0.001458,0.118916,0.579625,4.809917,0.350003,0.000000,0.000000
1,center,3,8.871250,8.871167,0,0.000042,5.915792,0.001375,0.079833,2.429292,4.581332,0.357082,0.000000,0.000000
1,center,4,8.595041,8.594875,1,1.081667,6.160125,0.001750,0.121917,0.676958,4.796662,0.420167,0.000000,0.000000
1,center,5,8.773708,8.773500,0,0.000042,6.206541,0.001584,0.111375,1.997375,4.863902,0.354876,0.000000,0.000000
1,center,6,14.634375,14.634250,1,1.146834,6.200250,0.001917,0.095292,6.631541,4.909538,0.385125,0.000000,0.000000
1,center,7,8.477292,7.267791,0,0.000083,6.122875,0.001833,0.105084,0.568834,4.862338,0.361125,0.000000,0.000000
1,center,8,9.178125,9.177917,1,1.247834,5.924458,0.001417,0.081417,1.466250,4.684005,0.359707,0.000000,0.000000
1,center,9,8.500333,7.040500,0,0.000042,5.984250,0.001458,0.075208,0.530542,4.723199,0.346708,0.000000,0.000000
1,center,10,8.348542,8.259292,1,1.090084,5.904958,0.001500,0.085917,0.629750,4.561625,0.433292,0.000000,0.000000
1,center,11,8.507667,6.980375,0,0.000042,5.774208,0.001416,0.067417,0.718000,4.542868,0.363916,0.000000,0.000000
1,center,12,8.409500,8.409333,1,1.095125,5.730833,0.001416,0.078083,1.024292,4.501628,0.347083,0.000000,0.000000
1,center,13,8.503292,7.045333,0,0.000041,5.862333,0.001291,0.075250,0.679875,4.560246,0.352751,0.000000,0.000000
1,center,14,8.601166,8.601000,1,1.126041,5.906583,0.002125,0.097333,0.961084,4.660003,0.367168,0.000000,0.000000
1,center,15,8.520250,6.916125,0,0.000042,5.775708,0.001250,0.067125,0.644625,4.553042,0.351209,0.000000,0.000000
1,center,16,8.917667,8.917375,1,1.174666,6.049208,0.002125,0.128584,1.007750,4.689205,0.393083,0.000000,0.000000
1,center,17,8.460916,7.356625,0,0.000000,6.069792,0.001875,0.088875,0.743333,4.803419,0.363418,0.000000,0.000000
1,center,18,8.380750,8.380500,1,1.203542,5.813583,0.001625,0.089542,0.804083,4.576362,0.353666,0.000000,0.000000
1,center,19,13.133125,13.132875,0,0.000000,6.032375,0.001708,0.091833,6.577375,4.770545,0.374667,0.000000,0.000000
1,center,20,8.350125,8.247083,1,1.200750,5.890209,0.001417,0.088167,0.578500,4.664679,0.347251,0.000000,0.000000
1,center,21,8.597417,8.597167,0,0.000375,6.032750,0.001667,0.101541,1.989625,4.797492,0.353459,0.000000,0.000000
1,center,22,8.455416,8.455250,1,1.196791,6.029666,0.001292,0.079000,0.669542,4.762331,0.368500,0.000000,0.000000
1,center,23,9.136500,9.136333,0,0.000000,5.872000,0.001667,0.088208,2.745125,4.663335,0.354124,0.000000,0.000000
1,center,24,8.338083,8.337709,1,1.190375,5.768875,0.001750,0.272917,0.545750,4.557244,0.348706,0.000000,0.000000
1,center,25,8.376334,8.040208,0,0.000042,5.734833,0.001375,0.112750,1.763000,4.526295,0.336165,0.000000,0.000000
1,center,26,8.360542,8.155542,1,1.154292,5.780292,0.001583,0.113458,0.597416,4.543709,0.336207,0.000000,0.000000
1,center,27,8.360958,8.161541,0,0.000041,5.967708,0.001416,0.092667,1.619584,4.692045,0.373915,0.000000,0.000000
1,center,28,8.401375,8.401125,1,1.165459,5.899833,0.001250,0.195334,0.640125,4.609788,0.344499,0.000000,0.000000
1,center,29,8.366959,8.144916,0,0.000042,5.954125,0.001333,0.082083,1.684292,4.637667,0.433958,0.000000,0.000000
1,center,30,8.372042,8.371791,1,1.203125,5.821125,0.001250,0.173667,0.635583,4.619535,0.342708,0.000000,0.000000
1,center,31,8.340250,8.318458,0,0.000041,5.813667,0.001250,0.073625,2.005000,4.550619,0.353833,0.000000,0.000000
1,center,32,8.361375,8.148542,1,1.165459,5.780750,0.001208,0.071000,0.650167,4.548332,0.340042,0.000000,0.000000
1,center,33,8.783875,8.783708,0,0.000041,5.725584,0.001250,0.086209,2.537458,4.479549,0.366667,0.000000,0.000000
1,center,34,8.364250,8.131333,1,1.167542,5.773666,0.001167,0.068584,0.676458,4.561009,0.338083,0.000000,0.000000
1,center,35,8.367209,8.108500,0,0.000000,5.880625,0.001541,0.099625,1.665541,4.595157,0.376584,0.000000,0.000000
1,center,36,8.374125,8.046875,1,1.110833,5.785542,0.001250,0.076542,0.617166,4.580408,0.347332,0.000000,0.000000
1,center,37,8.635167,8.635041,0,0.000041,5.892250,0.001250,0.079875,2.213834,4.574121,0.374625,0.000000,0.000000
1,center,38,12.231292,12.231208,1,1.318250,5.956750,0.001500,0.077833,4.315125,4.709696,0.346626,0.000000,0.000000
1,center,39,8.491333,7.117959,0,0.000125,5.976416,0.001542,0.086541,0.586416,4.629748,0.351500,0.000000,0.000000
1,center,40,10.786000,10.785792,1,1.135750,5.902084,0.001458,0.086125,3.064542,4.655088,0.364083,0.000000,0.000000
1,center,41,8.521042,6.977917,0,0.000083,5.829959,0.001334,0.075209,0.633875,4.623501,0.350375,0.000000,0.000000
1,center,42,10.778250,10.777375,1,1.208167,5.990083,0.001833,0.087875,2.966375,4.652845,0.373043,0.000000,0.000000
1,center,43,8.481417,7.173750,0,0.000042,6.039917,0.001500,0.088250,0.614666,4.788919,0.355875,0.000000,0.000000
1,center,44,9.168125,9.167958,1,1.167667,5.984291,0.001584,0.075250,1.476375,4.666302,0.379749,0.000000,0.000000
1,center,45,12.937875,12.937625,0,0.000042,6.096708,0.001583,0.105125,6.294625,4.765663,0.366624,0.000000,0.000000
1,center,46,8.497334,8.497083,1,1.220334,5.916833,0.001375,0.092750,0.748750,4.631041,0.405291,0.000000,0.000000
1,center,47,9.034291,9.034125,0,0.000000,6.007958,0.001333,0.102333,2.412125,4.700621,0.356542,0.000000,0.000000
1,center,48,8.429792,8.429666,1,1.202084,5.984417,0.001250,0.104792,0.683334,4.718703,0.374125,0.000000,0.000000
1,center,49,8.902042,8.901875,0,0.000084,5.910125,0.001333,0.124250,2.428167,4.674661,0.345875,0.000000,0.000000
1,center,50,12.584958,12.584792,1,1.187916,5.978500,0.001959,0.122250,4.816083,4.706036,0.371417,0.000000,0.000000
1,center,51,8.411958,7.768791,0,0.000000,6.359708,0.002291,0.116834,0.676250,4.840341,0.558127,0.000000,0.000000
1,center,52,12.699792,12.699208,1,1.168500,6.067792,0.002042,0.094792,4.850125,4.740538,0.386626,0.000000,0.000000
1,center,53,8.429292,7.668417,0,0.000000,6.303250,0.001875,0.093375,0.717458,4.944962,0.390209,0.000000,0.000000
1,center,54,9.784666,9.784250,1,1.191125,6.160083,0.001875,0.182542,1.676916,4.878082,0.359459,0.000000,0.000000
1,center,55,10.231166,10.231042,0,0.000000,6.094541,0.001750,0.084125,3.600000,4.804451,0.371082,0.000000,0.000000
1,center,56,8.370542,8.370125,1,1.171292,5.969458,0.001625,0.078541,0.636792,4.635294,0.387169,0.000000,0.000000
1,center,57,11.371375,11.371292,0,0.000041,5.814125,0.001500,0.083917,5.037042,4.564827,0.364125,0.000000,0.000000
1,center,58,8.430708,8.430458,1,1.307375,5.800042,0.001834,0.093167,0.691542,4.592956,0.340293,0.000000,0.000000
1,center,59,8.463542,7.339709,0,0.000041,6.016167,0.001625,0.085834,0.787875,4.739787,0.369086,0.000000,0.000000
1,center,60,8.361750,8.149042,1,1.180041,5.773583,0.001375,0.072541,0.659792,4.551125,0.336958,0.000000,0.000000
1,center,61,8.509000,8.508792,0,0.000042,5.851125,0.001292,0.086542,2.131833,4.627492,0.342835,0.000000,0.000000
1,center,62,8.409917,8.409709,1,1.282125,5.799709,0.001292,0.094250,0.688167,4.541495,0.365207,0.000000,0.000000
1,center,63,8.398459,7.851875,0,0.000041,5.966709,0.001834,0.087875,1.348083,4.704408,0.392834,0.000000,0.000000
1,center,64,8.348250,8.347917,1,1.217292,5.854917,0.001708,0.090917,0.689917,4.568584,0.360958,0.000000,0.000000
1,center,65,8.357875,8.184083,0,0.000000,5.994042,0.002000,0.085709,1.631667,4.739340,0.346208,0.000000,0.000000
1,center,66,8.353083,8.352792,1,1.168708,5.902250,0.001291,0.114750,0.665375,4.646416,0.359874,0.000000,0.000000
1,center,67,8.394083,7.902042,0,0.000000,5.901000,0.001334,0.077250,1.496167,4.608208,0.340625,0.000000,0.000000
1,center,68,8.340042,8.312625,1,1.215167,5.828458,0.001833,0.080625,0.596375,4.610253,0.339917,0.000000,0.000000
1,center,69,8.708875,8.708750,0,0.000000,5.800250,0.001333,0.077375,2.392333,4.586455,0.337208,0.000000,0.000000
1,center,70,8.342458,8.305542,1,1.292542,5.771292,0.001208,0.072375,0.695166,4.486998,0.339666,0.000000,0.000000
1,center,71,8.411084,7.748125,0,0.000000,5.920167,0.001667,0.089875,1.317000,4.634615,0.348083,0.000000,0.000000
1,center,72,8.412000,8.411791,1,1.250041,5.824042,0.001916,0.086083,0.769917,4.580833,0.338376,0.000000,0.000000
1,center,73,8.420750,7.680167,0,0.000000,5.996917,0.001625,0.130542,1.091583,4.688872,0.342999,0.000000,0.000000
1,center,74,8.347250,8.266250,1,1.136125,5.810750,0.001459,0.070750,0.780375,4.584875,0.359999,0.000000,0.000000
1,center,75,8.381792,7.981167,0,0.000042,5.779708,0.001209,0.072041,1.690083,4.559796,0.363205,0.000000,0.000000
1,center,76,14.284667,14.284333,1,1.191916,5.835375,0.001250,0.133292,6.643042,4.591543,0.356501,0.000000,0.000000
1,center,77,8.430167,7.592667,0,0.000000,5.843792,0.001709,0.081750,1.203917,4.559748,0.373708,0.000000,0.000000
1,center,78,8.461666,8.461334,1,1.108833,6.086833,0.001625,0.245083,0.516750,4.728996,0.422251,0.000000,0.000000
1,center,79,8.431125,7.603042,0,0.000083,5.807209,0.001583,0.101334,1.272000,4.593414,0.347835,0.000000,0.000000
1,center,80,8.744041,8.743833,1,1.107083,5.974125,0.001334,0.091334,1.055416,4.644584,0.348000,0.000000,0.000000
1,center,81,8.393500,7.889958,0,0.000042,5.841125,0.001250,0.070958,1.571167,4.610411,0.366457,0.000000,0.000000
1,center,82,9.156791,9.156584,1,1.229000,6.061583,0.001916,0.091625,1.285791,4.737741,0.357002,0.000000,0.000000
1,center,83,8.452041,7.431417,0,0.000042,6.136500,0.001458,0.146875,0.722000,4.850050,0.394457,0.000000,0.000000
1,center,84,9.175875,9.175666,1,1.206291,5.863708,0.001542,0.081000,1.531250,4.557824,0.373709,0.000000,0.000000
1,center,85,8.515000,7.002083,0,0.000041,5.836750,0.001834,0.090000,0.611209,4.584667,0.357794,0.000000,0.000000
1,center,86,8.342458,8.307916,1,1.136750,5.938416,0.001375,0.081667,0.575083,4.614832,0.370790,0.000000,0.000000
1,center,87,8.475833,7.224500,0,0.000041,5.940166,0.001333,0.079583,0.729958,4.721287,0.345249,0.000000,0.000000
1,center,88,8.348333,8.244000,1,1.079542,5.871625,0.001792,0.083875,0.727458,4.544412,0.352333,0.000000,0.000000
1,center,89,8.487875,7.143792,0,0.000000,5.783292,0.001209,0.075041,0.856958,4.591091,0.346374,0.000000,0.000000
1,center,90,8.344500,8.278000,1,1.174833,5.896042,0.001333,0.076917,0.678083,4.658374,0.362459,0.000000,0.000000
1,center,91,14.007542,14.007334,0,0.000041,5.873125,0.001208,0.074625,7.649792,4.663839,0.360665,0.000000,0.000000
1,center,92,8.367333,8.107500,1,1.189417,5.791917,0.001792,0.078791,0.535917,4.552711,0.338959,0.000000,0.000000
1,center,93,8.458958,7.366583,0,0.000042,6.117792,0.001709,0.158334,0.648291,4.803123,0.390292,0.000000,0.000000
1,center,94,8.357417,8.172458,1,1.091125,5.901167,0.001250,0.070292,0.632834,4.589326,0.373125,0.000000,0.000000
1,center,95,9.322500,9.322084,0,0.000000,5.767916,0.001167,0.074875,3.052083,4.545628,0.371207,0.000000,0.000000
1,center,96,8.355500,8.203958,1,1.200083,5.726292,0.001250,0.134042,0.681500,4.521082,0.341416,0.000000,0.000000
1,center,97,8.640667,8.640583,0,0.000000,5.914667,0.001416,0.087250,2.159959,4.638042,0.346668,0.000000,0.000000
1,center,98,8.468333,8.468041,1,1.192042,5.864000,0.001292,0.079625,0.803708,4.644674,0.343084,0.000000,0.000000
1,center,99,9.390459,9.390333,0,0.000000,5.785292,0.001209,0.077417,3.109709,4.568913,0.359959,0.000000,0.000000
1,center,100,12.755709,12.755583,1,1.144875,5.945375,0.001208,0.065916,5.126792,4.609755,0.362665,0.000000,0.000000
1,center,101,8.503417,7.053167,0,0.000042,5.936958,0.001250,0.089542,0.583459,4.683326,0.377207,0.000000,0.000000
1,center,102,9.213625,9.213417,1,1.132584,5.941834,0.001416,0.078083,1.554750,4.541707,0.500459,0.000000,0.000000
1,center,103,8.499125,7.040583,0,0.000041,5.798042,0.001334,0.139708,0.700333,4.585909,0.349415,0.000000,0.000000
1,center,104,9.751250,9.751000,1,1.111791,5.794875,0.001416,0.077416,2.248542,4.479173,0.356707,0.000000,0.000000
1,center,105,8.521708,6.956459,0,0.000000,5.819417,0.001292,0.074667,0.633208,4.584414,0.362291,0.000000,0.000000
1,center,106,9.555958,9.555333,1,1.194917,6.015917,0.001792,0.113166,1.704667,4.713416,0.344295,0.000000,0.000000
1,center,107,13.235791,13.235750,0,0.000041,6.110750,0.001375,0.076708,6.624916,4.822461,0.373000,0.000000,0.000000
1,center,108,8.338541,8.330875,1,1.296333,5.879917,0.001459,0.072875,0.554000,4.546869,0.365291,0.000000,0.000000
1,center,109,9.904333,9.904208,0,0.000042,6.008250,0.001500,0.095375,3.357083,4.758554,0.371460,0.000000,0.000000
1,center,110,8.530833,8.530833,1,1.176250,6.102417,0.001209,0.105167,0.674000,4.822537,0.383584,0.000000,0.000000
1,center,111,8.751584,8.751458,0,0.000000,6.005459,0.001167,0.092667,2.232375,4.736838,0.356709,0.000000,0.000000
1,center,112,13.688125,13.687958,1,1.206500,5.912208,0.001208,0.068750,5.856625,4.587118,0.356959,0.000000,0.000000
1,center,113,8.489209,7.133125,0,0.000125,5.987417,0.001542,0.076375,0.614875,4.679253,0.389665,0.000000,0.000000
1,center,114,9.969792,9.969625,1,1.194208,5.931791,0.001541,0.093042,2.235125,4.631625,0.353875,0.000000,0.000000
1,center,115,8.487709,7.146459,0,0.000042,5.994833,0.001583,0.069708,0.615792,4.743332,0.363958,0.000000,0.000000
1,center,116,9.454042,9.453834,1,1.165042,5.992458,0.001250,0.083167,1.727292,4.642092,0.378335,0.000000,0.000000
1,center,117,8.487083,7.152959,0,0.000042,5.974250,0.001541,0.077917,0.662834,4.719959,0.359335,0.000000,0.000000
1,center,118,9.771375,9.771167,1,1.179375,6.222500,0.001916,0.087666,1.760208,4.869335,0.372332,0.000000,0.000000
1,center,119,12.944917,12.944750,0,0.000041,5.846917,0.001625,0.078750,6.584833,4.589847,0.354875,0.000000,0.000000
1,center,120,8.503916,8.503750,1,1.321833,5.921958,0.002167,0.088958,0.551791,4.662244,0.348043,0.000000,0.000000
1,center,121,9.175958,9.175792,0,0.000000,5.920459,0.002083,0.103042,2.698708,4.660785,0.382416,0.000000,0.000000
1,center,122,8.383042,8.382792,1,1.229291,5.981083,0.001500,0.068792,0.614833,4.727961,0.349876,0.000000,0.000000
1,center,123,9.209292,9.209166,0,0.000042,6.005584,0.001333,0.094209,2.655792,4.719334,0.372377,0.000000,0.000000
1,center,124,13.319041,13.318292,1,1.277042,5.922708,0.001584,0.132750,5.445208,4.670072,0.346875,0.000000,0.000000
1,center,125,8.450833,7.444833,0,0.000042,6.075750,0.001500,0.093417,0.727875,4.787873,0.382042,0.000000,0.000000
1,center,126,9.217875,9.217584,1,1.113125,5.853500,0.001625,0.086666,1.585625,4.588169,0.364041,0.000000,0.000000
1,center,127,8.462333,7.344000,0,0.000041,6.175417,0.001333,0.074500,0.613042,4.891002,0.389584,0.000000,0.000000
1,center,128,11.178834,11.178667,1,1.230292,6.236167,0.001875,0.098667,3.003375,4.871204,0.364293,0.000000,0.000000
1,center,129,8.486084,7.156083,0,0.000042,5.976750,0.001459,0.076500,0.656208,4.752082,0.351584,0.000000,0.000000
1,center,130,9.856917,9.856666,1,1.113541,5.948375,0.001333,0.086667,2.211584,4.641336,0.375126,0.000000,0.000000
1,center,131,11.764750,11.764584,0,0.000041,6.044875,0.001375,0.062833,5.265500,4.784886,0.384625,0.000000,0.000000
1,center,132,8.654542,8.654291,1,1.141459,5.977667,0.001750,0.080042,0.918250,4.579377,0.456375,0.000000,0.000000
1,center,133,8.465542,7.354459,0,0.000042,6.053833,0.001958,0.094208,0.710625,4.727489,0.408333,0.000000,0.000000
1,center,134,8.355667,8.197000,1,1.162500,5.851833,0.001292,0.071500,0.628125,4.658127,0.342292,0.000000,0.000000
1,center,135,9.170750,9.170625,0,0.000041,5.827875,0.001334,0.068000,2.854417,4.596132,0.349833,0.000000,0.000000
1,center,136,8.505333,8.505209,1,1.158750,6.067459,0.001542,0.081041,0.661375,4.740247,0.369749,0.000000,0.000000
1,center,137,8.422125,7.672958,0,0.000000,6.111750,0.001959,0.113500,0.913250,4.830281,0.370833,0.000000,0.000000
1,center,138,8.347708,8.283250,1,1.179667,5.836125,0.001917,0.080208,0.719209,4.576495,0.372167,0.000000,0.000000
1,center,139,8.527375,8.527208,0,0.000041,6.012125,0.001250,0.084208,1.917750,4.729215,0.340000,0.000000,0.000000
1,center,140,8.634292,8.634208,1,1.269875,5.917375,0.001250,0.144000,0.768083,4.715496,0.340001,0.000000,0.000000
1,center,141,8.580708,8.580625,0,0.000042,5.824208,0.001209,0.081083,2.254750,4.597832,0.342542,0.000000,0.000000
1,center,142,8.351584,8.250500,1,1.176875,5.814334,0.001208,0.065833,0.713375,4.521949,0.338666,0.000000,0.000000
1,center,143,8.364000,8.128292,0,0.000792,5.807708,0.001833,0.191833,1.685208,4.581502,0.352208,0.000000,0.000000
1,center,144,8.343542,8.343459,1,1.252542,5.796708,0.001292,0.154333,0.655792,4.574619,0.341542,0.000000,0.000000
1,center,145,8.365791,8.365709,0,0.000042,5.789708,0.001292,0.120042,2.025417,4.548791,0.338543,0.000000,0.000000
1,center,146,8.366083,8.107000,1,1.070667,5.823875,0.001667,0.072500,0.681792,4.591583,0.360708,0.000000,0.000000
1,center,147,8.466167,7.417917,0,0.000000,5.864833,0.001375,0.128166,0.983000,4.618092,0.365417,0.000000,0.000000
1,center,148,14.319542,14.319416,1,1.076000,5.874541,0.001417,0.144041,6.759334,4.636498,0.362000,0.000000,0.000000
1,center,149,8.488750,7.157375,0,0.000125,6.002583,0.001542,0.132542,0.575583,4.699249,0.343584,0.000000,0.000000
1,center,150,9.135792,9.135625,1,1.071917,5.886083,0.001625,0.119041,1.592667,4.620789,0.392625,0.000000,0.000000
1,center,151,8.479625,7.207625,0,0.000042,5.869750,0.001334,0.141125,0.768458,4.662294,0.345666,0.000000,0.000000
1,center,152,8.395250,8.395042,1,1.175417,5.957709,0.001542,0.095667,0.680666,4.673205,0.355249,0.000000,0.000000
1,center,153,8.494958,7.082792,0,0.000000,5.980416,0.001500,0.087250,0.592875,4.744075,0.358206,0.000000,0.000000
1,center,154,8.628542,8.628334,1,1.190250,5.836875,0.001416,0.083625,1.048000,4.604539,0.364123,0.000000,0.000000
1,center,155,8.478916,7.223209,0,0.000000,6.043333,0.001417,0.102167,0.637542,4.755217,0.415791,0.000000,0.000000
1,center,156,8.337542,8.337208,1,1.096208,5.851292,0.001333,0.092959,0.799000,4.547580,0.376002,0.000000,0.000000
1,center,157,8.423750,7.654792,0,0.000000,5.733709,0.001791,0.087250,1.390500,4.499621,0.355832,0.000000,0.000000
1,center,158,8.598458,8.598375,1,1.075625,5.850750,0.001250,0.072875,1.137125,4.611263,0.338541,0.000000,0.000000
1,center,159,8.511583,6.946334,0,0.000000,5.724709,0.001292,0.111333,0.665458,4.431594,0.340208,0.000000,0.000000
1,center,160,8.339083,8.320583,1,1.094958,5.843250,0.001834,0.096500,0.800125,4.576046,0.353915,0.000000,0.000000
1,center,161,8.509500,6.996084,0,0.000042,5.880292,0.001375,0.065792,0.617959,4.631082,0.340416,0.000000,0.000000
1,center,162,8.352875,8.260333,1,1.145625,5.874417,0.001209,0.088042,0.671083,4.526959,0.375125,0.000000,0.000000
1,center,163,8.523042,6.965458,0,0.000042,5.777209,0.001209,0.073917,0.670625,4.555081,0.366459,0.000000,0.000000
1,center,164,8.584000,8.583250,1,1.207500,6.108875,0.001416,0.128708,0.628500,4.703122,0.360750,0.000000,0.000000
1,center,165,8.479208,7.204125,0,0.000000,5.887250,0.001250,0.080500,0.780250,4.655876,0.344916,0.000000,0.000000
1,center,166,8.340375,8.310542,1,1.090417,5.850333,0.001250,0.079333,0.830875,4.589455,0.396209,0.000000,0.000000
1,center,167,8.496542,7.058958,0,0.000041,5.808042,0.001334,0.078500,0.739542,4.554749,0.356792,0.000000,0.000000
1,center,168,8.353416,8.200500,1,1.080708,5.919500,0.001250,0.072125,0.644375,4.648702,0.356000,0.000000,0.000000
1,center,169,8.490500,7.134208,0,0.000042,5.729709,0.001834,0.088291,0.844375,4.490587,0.338750,0.000000,0.000000
1,center,170,8.357250,8.179375,1,1.081875,5.898542,0.001209,0.070000,0.672042,4.621085,0.364209,0.000000,0.000000
1,center,171,12.967083,12.966875,0,0.000000,5.838208,0.001542,0.079083,6.633333,4.542129,0.339750,0.000000,0.000000
1,center,172,8.365792,8.157208,1,1.127667,5.843542,0.001500,0.142666,0.578666,4.599084,0.368207,0.000000,0.000000
1,center,173,9.620917,9.620542,0,0.000042,5.985959,0.002208,0.122916,3.021416,4.696005,0.363042,0.000000,0.000000
1,center,174,8.460167,8.460000,1,1.196916,5.892958,0.001250,0.102333,0.689583,4.621781,0.342000,0.000000,0.000000
1,center,175,8.791833,8.791708,0,0.000042,5.849583,0.001292,0.097542,2.336083,4.563547,0.382457,0.000000,0.000000
1,center,176,8.464917,8.464833,1,1.224209,5.869750,0.001208,0.088375,0.729250,4.639371,0.353875,0.000000,0.000000
1,center,177,9.023917,9.023833,0,0.000083,5.942541,0.001500,0.088750,2.542584,4.645749,0.360707,0.000000,0.000000
1,center,178,14.114500,14.114250,1,1.129125,5.838000,0.001833,0.077000,6.562208,4.569757,0.341668,0.000000,0.000000
1,center,179,8.503875,7.024166,0,0.000041,5.922334,0.001625,0.076125,0.556958,4.600549,0.361376,0.000000,0.000000
1,center,180,10.144083,10.143791,1,1.073666,6.028375,0.001375,0.087250,2.478459,4.682540,0.438500,0.000000,0.000000
1,center,181,8.481292,7.182875,0,0.000000,6.042917,0.001500,0.077959,0.628333,4.768078,0.382125,0.000000,0.000000
1,center,182,8.509875,8.509584,1,1.145417,5.690667,0.001333,0.092084,1.117583,4.496716,0.348541,0.000000,0.000000
1,center,183,8.478667,7.215167,0,0.000042,6.005292,0.001334,0.133334,0.651500,4.746501,0.388541,0.000000,0.000000
1,center,184,8.342083,8.308042,1,1.099041,5.732708,0.001500,0.089292,0.904000,4.500574,0.377126,0.000000,0.000000
1,center,185,8.518416,6.894459,0,0.000000,5.732250,0.001208,0.084583,0.655583,4.536832,0.344419,0.000000,0.000000
1,center,186,8.340292,8.313208,1,1.141292,5.865250,0.001500,0.093083,0.702458,4.554498,0.360043,0.000000,0.000000
1,center,187,12.876875,12.876750,0,0.000041,5.821625,0.001333,0.074250,6.579458,4.558585,0.352042,0.000000,0.000000
1,center,188,8.368500,8.089000,1,1.141500,5.783458,0.001875,0.087834,0.590959,4.535533,0.349166,0.000000,0.000000
1,center,189,8.347125,8.275333,0,0.000042,5.798875,0.001292,0.079542,1.950417,4.514157,0.347210,0.000000,0.000000
1,center,190,8.350542,8.235333,1,1.166209,5.852792,0.001333,0.077375,0.683084,4.566829,0.373042,0.000000,0.000000
1,center,191,9.365875,9.365625,0,0.000042,5.966625,0.001375,0.079542,2.897750,4.751459,0.351834,0.000000,0.000000
1,center,192,8.444792,8.444625,1,1.316958,5.936333,0.001250,0.075666,0.585875,4.719997,0.345082,0.000000,0.000000
1,center,193,8.552500,8.552417,0,0.000000,5.774208,0.001875,0.095500,2.266583,4.514926,0.350790,0.000000,0.000000
1,center,194,8.638667,8.638458,1,1.232125,6.087083,0.001750,0.090416,0.742333,4.747093,0.373209,0.000000,0.000000
1,center,195,9.185250,9.185083,0,0.000083,5.802292,0.001416,0.096166,2.804500,4.537921,0.357083,0.000000,0.000000
1,center,196,8.359750,8.188792,1,1.162334,5.769709,0.001709,0.085000,0.668750,4.537949,0.345584,0.000000,0.000000
1,center,197,8.858709,8.858500,0,0.000000,5.929542,0.001458,0.079084,2.395750,4.642943,0.344625,0.000000,0.000000
1,center,198,14.304208,14.304083,1,1.209542,5.846458,0.001750,0.094166,6.638416,4.580910,0.343915,0.000000,0.000000
1,center,199,8.501542,7.045500,0,0.000000,5.909333,0.001500,0.093208,0.607083,4.676007,0.362540,0.000000,0.000000
1,center,200,8.452125,8.451875,1,1.151750,6.014667,0.001625,0.157000,0.663917,4.726965,0.352501,0.000000,0.000000
1,center,201,8.519750,6.947625,0,0.000000,5.790667,0.001458,0.135959,0.605583,4.567085,0.341042,0.000000,0.000000
1,center,202,10.724291,10.724042,1,1.185875,5.794958,0.001250,0.077625,3.196084,4.553543,0.368459,0.000000,0.000000
1,center,203,8.496083,7.070416,0,0.000042,5.856667,0.001208,0.073625,0.732250,4.639539,0.344082,0.000000,0.000000
1,center,204,8.398792,8.398250,1,1.119208,5.814583,0.001875,0.094584,0.793667,4.547381,0.370084,0.000000,0.000000
1,center,205,8.506958,6.989584,0,0.000042,5.834375,0.001208,0.088042,0.631791,4.579676,0.392126,0.000000,0.000000
1,center,206,8.356792,8.223167,1,1.169583,5.797791,0.001417,0.082625,0.715083,4.455370,0.436959,0.000000,0.000000
1,center,207,8.497208,7.057709,0,0.000000,5.818833,0.001208,0.157333,0.663125,4.608582,0.348581,0.000000,0.000000
1,center,208,8.343916,8.284042,1,1.091167,5.944750,0.001584,0.094334,0.689125,4.715532,0.355126,0.000000,0.000000
1,center,209,8.514375,6.915375,0,0.000000,5.760542,0.001167,0.081542,0.664458,4.543116,0.346335,0.000000,0.000000
1,center,210,9.365167,9.364916,1,1.111416,5.678792,0.001375,0.080042,2.010792,4.441125,0.387791,0.000000,0.000000
1,center,211,12.185917,12.185792,0,0.000000,5.870416,0.001209,0.064167,5.829958,4.530082,0.342835,0.000000,0.000000
1,center,212,8.357625,8.205166,1,1.211042,5.799875,0.001417,0.126708,0.579083,4.553255,0.373124,0.000000,0.000000
1,center,213,8.438750,7.536916,0,0.000000,6.051375,0.001833,0.085709,0.858834,4.779622,0.389750,0.000000,0.000000
1,center,214,8.366208,8.123083,1,1.099583,5.766084,0.001541,0.075417,0.704416,4.523370,0.350375,0.000000,0.000000
1,center,215,9.139709,9.139583,0,0.000166,5.882250,0.001292,0.078209,2.755000,4.560079,0.373043,0.000000,0.000000
1,center,216,8.342417,8.290792,1,1.114459,5.934084,0.001625,0.070875,0.650750,4.669176,0.350209,0.000000,0.000000
1,center,217,8.797917,8.797792,0,0.000042,5.909333,0.001375,0.083417,2.344333,4.660216,0.350209,0.000000,0.000000
1,center,218,8.380375,8.380292,1,1.246208,5.857042,0.001208,0.156542,0.625958,4.618749,0.340001,0.000000,0.000000
1,center,219,8.848750,8.848500,0,0.000000,5.786959,0.001209,0.079792,2.578375,4.546743,0.359583,0.000000,0.000000
1,center,220,8.359542,8.164125,1,1.131583,5.736083,0.001208,0.092709,0.692375,4.510535,0.350834,0.000000,0.000000
1,center,221,8.374042,8.057375,0,0.000000,5.814709,0.001250,0.080625,1.743583,4.525044,0.354876,0.000000,0.000000
1,center,222,12.429500,12.429292,1,1.174291,5.694000,0.001209,0.127792,4.988208,4.471276,0.353875,0.000000,0.000000
1,center,223,8.534083,6.897000,0,0.000458,5.822833,0.001334,0.093792,0.551125,4.561171,0.390541,0.000000,0.000000
1,center,224,9.650375,9.649917,1,1.125042,5.785958,0.001292,0.077250,2.198959,4.532789,0.381375,0.000000,0.000000
1,center,225,8.501375,7.046583,0,0.000084,5.974583,0.001250,0.087416,0.556208,4.727502,0.350959,0.000000,0.000000
1,center,226,9.863000,9.862750,1,1.070792,5.934416,0.001833,0.082208,2.263750,4.668042,0.367750,0.000000,0.000000
1,center,227,8.507958,7.055625,0,0.000041,5.869000,0.001500,0.156291,0.596334,4.623040,0.352000,0.000000,0.000000
1,center,228,9.646375,9.646209,1,1.212000,5.731292,0.001417,0.078584,2.164833,4.476540,0.341416,0.000000,0.000000
1,center,229,8.512208,6.943875,0,0.000042,5.798791,0.001541,0.214041,0.432667,4.539702,0.354627,0.000000,0.000000
1,center,230,8.364834,8.141750,1,1.109000,5.668792,0.001334,0.081625,0.826917,4.423242,0.370918,0.000000,0.000000
1,center,231,8.520334,6.949333,0,0.000000,5.829625,0.001209,0.090083,0.609167,4.518911,0.387001,0.000000,0.000000
1,center,232,8.594000,8.593125,1,1.211041,5.807459,0.001333,0.081375,1.022042,4.546160,0.364043,0.000000,0.000000
1,center,233,12.384042,12.383959,0,0.000000,5.852625,0.001208,0.072417,6.030333,4.636373,0.342708,0.000000,0.000000
1,center,234,8.367417,8.137583,1,1.123000,5.747208,0.001209,0.170125,0.600583,4.508955,0.363210,0.000000,0.000000
1,center,235,8.435833,7.559292,0,0.000041,6.045125,0.002167,0.116666,0.907667,4.745995,0.350167,0.000000,0.000000
1,center,236,8.352792,8.215208,1,1.231625,5.788084,0.001666,0.078292,0.641167,4.482336,0.341793,0.000000,0.000000
1,center,237,11.635416,11.635250,0,0.000042,5.849000,0.001250,0.079333,5.291333,4.637254,0.360208,0.000000,0.000000
1,center,238,11.602167,11.602083,1,1.120000,5.769750,0.001292,0.081958,4.165958,4.533219,0.359083,0.000000,0.000000
1,center,239,8.467666,7.300416,0,0.000208,5.821333,0.001583,0.086541,0.923292,4.510407,0.349793,0.000000,0.000000
1,center,240,9.919625,9.919417,1,1.136958,5.859334,0.001375,0.116667,2.254917,4.591830,0.343709,0.000000,0.000000
1,center,241,8.459625,7.360916,0,0.000042,5.762333,0.001333,0.081500,1.092167,4.546872,0.341249,0.000000,0.000000
1,center,242,10.804875,10.804708,1,1.229709,5.880334,0.001250,0.127958,3.085125,4.556785,0.351416,0.000000,0.000000
1,center,243,8.493792,7.100791,0,0.000000,5.734334,0.001167,0.076542,0.871500,4.515077,0.364582,0.000000,0.000000
1,center,244,9.675875,9.675667,1,1.098750,6.108583,0.001708,0.079709,1.925750,4.814960,0.406335,0.000000,0.000000
1,center,245,10.275791,10.275625,0,0.000125,5.726500,0.001417,0.190250,3.921750,4.502493,0.351919,0.000000,0.000000
1,center,246,8.363250,8.148250,1,1.136000,5.906542,0.001625,0.073292,0.576000,4.641998,0.383876,0.000000,0.000000
1,center,247,8.338667,8.328917,0,0.000083,5.956833,0.001500,0.081958,1.846250,4.668757,0.348791,0.000000,0.000000
1,center,248,8.386625,8.386417,1,1.101417,5.782833,0.001417,0.170208,0.760750,4.555929,0.379877,0.000000,0.000000
1,center,249,11.056250,11.056166,0,0.000041,5.819167,0.001792,0.068459,4.754083,4.575120,0.363251,0.000000,0.000000
1,center,250,8.353083,8.214833,1,1.300333,5.830791,0.001417,0.073209,0.539250,4.512205,0.352751,0.000000,0.000000
1,center,251,8.460250,7.386750,0,0.000041,6.063250,0.001458,0.078500,0.823084,4.784506,0.393999,0.000000,0.000000
1,center,252,8.372083,8.058500,1,1.205625,5.664583,0.001375,0.066333,0.631542,4.438077,0.364418,0.000000,0.000000
1,center,253,8.852708,8.852500,0,0.000042,5.839625,0.001958,0.079833,2.517959,4.612336,0.340959,0.000000,0.000000
1,center,254,8.345792,8.277708,1,1.230000,5.888084,0.001417,0.074875,0.620875,4.469171,0.540542,0.000000,0.000000
1,center,255,8.421959,7.651250,0,0.000000,5.891375,0.001417,0.075709,1.251916,4.700455,0.334875,0.000000,0.000000
1,center,256,8.368125,8.102584,1,1.139917,5.776208,0.001292,0.070625,0.649500,4.546248,0.353417,0.000000,0.000000
1,center,257,8.974791,8.974459,0,0.000042,6.101208,0.001666,0.092583,2.311583,4.772672,0.375001,0.000000,0.000000
1,center,258,8.355334,8.193042,1,1.195500,5.822625,0.001875,0.085500,0.573833,4.563334,0.338125,0.000000,0.000000
1,center,259,8.454666,7.400083,0,0.000042,6.035709,0.001375,0.084250,0.834584,4.762497,0.387333,0.000000,0.000000
1,center,260,8.349250,8.244709,1,1.182625,5.768375,0.001250,0.130709,0.599417,4.489259,0.340290,0.000000,0.000000
1,center,261,8.622458,8.622292,0,0.000417,5.840000,0.001208,0.080000,2.221292,4.553967,0.382292,0.000000,0.000000
1,center,262,8.366334,8.111333,1,1.197542,5.760708,0.001375,0.157042,0.491459,4.558088,0.338291,0.000000,0.000000
1,center,263,8.369000,8.082292,0,0.000041,5.881833,0.001333,0.102500,1.667000,4.642246,0.341084,0.000000,0.000000
1,center,264,8.362375,8.129208,1,1.188708,5.734750,0.001208,0.093333,0.640333,4.517377,0.347083,0.000000,0.000000
1,center,265,8.497083,7.070416,0,0.000000,5.897292,0.001375,0.092625,0.649292,4.667832,0.362747,0.000000,0.000000
1,center,266,13.442667,13.442417,1,1.159125,5.723541,0.001209,0.093541,6.016834,4.511667,0.342125,0.000000,0.000000
1,center,267,8.426541,7.636000,0,0.000084,5.803625,0.001625,0.084000,1.304959,4.616835,0.344541,0.000000,0.000000
1,center,268,8.425459,8.425166,1,1.120583,5.980292,0.001375,0.087416,0.719167,4.679010,0.370750,0.000000,0.000000
1,center,269,8.505333,7.079500,0,0.000167,5.889167,0.001375,0.095417,0.656459,4.609377,0.359291,0.000000,0.000000
1,center,270,10.247875,10.247167,1,1.120125,5.854000,0.001625,0.108250,2.557750,4.620078,0.342792,0.000000,0.000000
1,center,271,8.486375,7.172167,0,0.000000,5.844167,0.001291,0.084042,0.824333,4.588202,0.356501,0.000000,0.000000
1,center,272,8.703250,8.703000,1,1.090625,5.866208,0.001500,0.095666,1.184000,4.601172,0.349166,0.000000,0.000000
1,center,273,8.510792,7.065292,0,0.000042,5.856458,0.001209,0.076625,0.685541,4.598534,0.360294,0.000000,0.000000
1,center,274,8.345583,8.270917,1,1.123125,5.810875,0.001583,0.085333,0.699708,4.556123,0.347793,0.000000,0.000000
1,center,275,8.507625,7.081125,0,0.000000,5.854375,0.001458,0.083666,0.665125,4.543581,0.347459,0.000000,0.000000
1,center,276,8.462291,8.461708,1,1.129875,5.844583,0.001333,0.079583,0.931375,4.617947,0.366541,0.000000,0.000000
1,center,277,8.452917,7.424792,0,0.000041,5.949667,0.001708,0.073250,0.905583,4.737878,0.338041,0.000000,0.000000
1,center,278,8.358000,8.186334,1,1.076458,5.882625,0.001583,0.084958,0.636500,4.608004,0.373250,0.000000,0.000000
1,center,279,8.516833,6.988500,0,0.000000,5.768333,0.001167,0.088000,0.704667,4.549039,0.337583,0.000000,0.000000
1,center,280,8.353458,8.203750,1,1.217167,5.747125,0.001208,0.069083,0.730625,4.516500,0.337708,0.000000,0.000000
1,center,281,8.504459,6.989500,0,0.000000,5.845208,0.001667,0.078917,0.613625,4.611253,0.375543,0.000000,0.000000
1,center,282,8.665459,8.665292,1,1.227541,5.875250,0.001458,0.082584,0.922625,4.606253,0.388249,0.000000,0.000000
1,center,283,12.957750,12.957666,0,0.000042,5.827625,0.001709,0.082000,6.577834,4.620328,0.339416,0.000000,0.000000
1,center,284,8.351917,8.219792,1,1.181541,5.798542,0.001291,0.103000,0.632666,4.558511,0.366709,0.000000,0.000000
1,center,285,8.587042,8.586792,0,0.000042,5.953791,0.001458,0.098833,2.077250,4.671208,0.384376,0.000000,0.000000
1,center,286,8.338667,8.323667,1,1.184250,5.791750,0.001208,0.165041,0.645333,4.576243,0.355791,0.000000,0.000000
1,center,287,9.050166,9.050042,0,0.000042,5.863209,0.001625,0.089166,2.639917,4.640991,0.352543,0.000000,0.000000
1,center,288,8.738834,8.738708,1,1.149625,5.850542,0.001459,0.079125,1.191500,4.597372,0.358459,0.000000,0.000000
1,center,289,8.684583,8.684459,0,0.000125,5.870500,0.001375,0.093917,2.249250,4.585368,0.373541,0.000000,0.000000
1,center,290,13.823250,13.823125,1,1.154667,5.812375,0.001250,0.116875,6.194584,4.520827,0.355291,0.000000,0.000000
1,center,291,8.390542,6.871583,0,0.000042,5.757583,0.001459,0.175875,0.516833,4.533370,0.373165,0.000000,0.000000
1,center,292,9.749666,9.749500,1,1.184459,5.983792,0.001584,0.085958,1.872250,4.658035,0.388708,0.000000,0.000000
1,center,293,8.503792,7.128417,0,0.000042,5.900708,0.001792,0.075250,0.698416,4.638794,0.363083,0.000000,0.000000
1,center,294,9.053000,9.052417,1,1.118375,5.872167,0.001291,0.080333,1.500208,4.631874,0.348833,0.000000,0.000000
1,center,295,8.529667,6.918250,0,0.000041,5.801417,0.001875,0.086583,0.589667,4.504836,0.362665,0.000000,0.000000
1,center,296,9.277083,9.276250,1,1.118125,5.820750,0.001583,0.079208,1.738583,4.600415,0.352624,0.000000,0.000000
1,center,297,8.509041,6.985167,0,0.000042,5.824000,0.001208,0.087875,0.644083,4.571625,0.355334,0.000000,0.000000
1,center,298,8.728666,8.728292,1,1.180083,6.162875,0.001625,0.091792,0.790417,4.785376,0.375167,0.000000,0.000000
1,center,299,8.503166,7.045167,0,0.000042,5.897000,0.001250,0.065417,0.666000,4.563052,0.348957,0.000000,0.000000
1,center,300,8.344917,8.329167,1,1.118250,5.880292,0.001625,0.090125,0.764667,4.550995,0.467917,0.000000,0.000000
1,center,301,8.487125,7.130875,0,0.000000,5.923250,0.001209,0.088583,0.677917,4.674044,0.382918,0.000000,0.000000
1,center,302,8.364166,8.132958,1,1.077292,5.888250,0.001459,0.079000,0.598291,4.614128,0.352585,0.000000,0.000000
1,center,303,8.505500,7.027291,0,0.000042,5.888250,0.001334,0.073084,0.617334,4.596408,0.339583,0.000000,0.000000
1,center,304,8.844209,8.844000,1,1.149000,5.885667,0.001583,0.086208,1.208792,4.535040,0.389959,0.000000,0.000000
1,center,305,12.263459,12.263333,0,0.000000,5.870000,0.001709,0.088208,5.852834,4.644243,0.342210,0.000000,0.000000
1,center,306,8.346916,8.274459,1,1.138625,5.888083,0.001667,0.177750,0.536083,4.602791,0.364999,0.000000,0.000000
1,center,307,9.943583,9.943417,0,0.000000,6.113625,0.001959,0.091750,3.287166,4.861036,0.364249,0.000000,0.000000
1,center,308,8.436667,8.436583,1,1.296208,5.863708,0.001333,0.093917,0.678625,4.619418,0.353208,0.000000,0.000000
1,center,309,8.340750,8.322458,0,0.000042,5.945209,0.001375,0.068584,1.886875,4.666375,0.359374,0.000000,0.000000
1,center,310,8.344709,8.276375,1,1.217042,5.839958,0.001375,0.070667,0.662667,4.591624,0.371541,0.000000,0.000000
1,center,311,8.959625,8.959458,0,0.000000,5.962333,0.001250,0.090041,2.455167,4.677373,0.359875,0.000000,0.000000
1,center,312,8.356000,8.237625,1,1.148334,5.793417,0.001291,0.087959,0.741583,4.564784,0.363458,0.000000,0.000000
1,center,313,9.234000,9.233625,0,0.000042,5.822750,0.001167,0.137708,2.779750,4.564792,0.339083,0.000000,0.000000
1,center,314,13.552167,13.552041,1,1.292833,6.120125,0.001750,0.090208,5.496625,4.757953,0.353873,0.000000,0.000000
1,center,315,8.494209,7.092625,0,0.000042,5.970875,0.001416,0.105958,0.575166,4.736328,0.351250,0.000000,0.000000
1,center,316,9.932000,9.931791,1,1.133375,6.026792,0.001459,0.081083,2.109334,4.699284,0.391998,0.000000,0.000000
1,center,317,8.471625,7.289667,0,0.000000,6.077416,0.001292,0.128083,0.639375,4.790712,0.394667,0.000000,0.000000
1,center,318,8.938167,8.937833,1,1.215500,5.792875,0.001333,0.085333,1.374292,4.542699,0.364293,0.000000,0.000000
1,center,319,8.516083,7.042375,0,0.000000,5.859291,0.001209,0.070584,0.659125,4.599701,0.344874,0.000000,0.000000
1,center,320,8.491625,8.491167,1,1.185625,5.841708,0.001292,0.078333,0.918167,4.589667,0.359918,0.000000,0.000000
1,center,321,8.498000,7.050792,0,0.000042,5.886791,0.001292,0.068833,0.677375,4.625084,0.345207,0.000000,0.000000
1,center,322,9.464375,9.464208,1,1.085458,5.911042,0.001292,0.074083,1.896791,4.581547,0.399583,0.000000,0.000000
1,center,323,12.872375,12.872250,0,0.000042,5.939083,0.001333,0.082417,6.411666,4.578580,0.436334,0.000000,0.000000
1,center,324,8.352208,8.228500,1,1.271250,5.754958,0.001875,0.080625,0.604916,4.551204,0.338083,0.000000,0.000000
1,center,325,8.458667,7.389583,0,0.000000,5.998334,0.001625,0.099542,0.809917,4.748242,0.378584,0.000000,0.000000
1,center,326,8.358583,8.171209,1,1.130792,5.834125,0.001250,0.108000,0.616041,4.565283,0.342124,0.000000,0.000000
1,center,327,8.769584,8.769417,0,0.000041,5.922209,0.001500,0.081375,2.331792,4.652838,0.396458,0.000000,0.000000
1,center,328,8.358208,8.186458,1,1.103208,5.864292,0.001791,0.092167,0.650625,4.656380,0.358541,0.000000,0.000000
1,center,329,9.482875,9.482667,0,0.000000,5.791209,0.001875,0.090583,3.057416,4.581832,0.347084,0.000000,0.000000
26,spawn,0,16.005750,16.005667,1,4.063458,3.826416,1.508833,0.078083,6.085000,0.684958,1.702876,0.021586,0.597082
26,spawn,1,8.576167,6.434250,0,0.000000,3.887500,1.465542,0.099375,0.529583,0.684835,1.801334,0.021248,0.577005
26,spawn,2,11.987958,11.987750,1,4.064292,3.798584,1.440208,0.074916,1.117042,0.701040,1.690333,0.021544,0.623618
26,spawn,3,8.582292,6.488459,0,0.000042,3.795875,1.518291,0.086167,0.633083,0.717080,1.673334,0.022084,0.575875
26,spawn,4,10.803167,10.802458,1,3.912417,4.084042,1.421500,0.076084,0.821333,0.813248,1.677665,0.021125,0.601499
26,spawn,5,11.180708,11.180584,0,0.000000,3.830084,1.429167,0.080125,5.414625,0.714248,1.700832,0.020793,0.591004
26,spawn,6,15.690917,15.690708,1,3.926000,3.862167,1.444542,0.092583,5.900125,0.685043,1.733045,0.022625,0.598833
26,spawn,7,8.553958,6.709250,0,0.000041,3.926292,1.532000,0.094084,0.702333,0.734126,1.773042,0.022084,0.618167
26,spawn,8,11.084917,11.084292,1,4.185042,3.775084,1.537875,0.089042,0.959666,0.688832,1.667748,0.022961,0.587582
26,spawn,9,8.568875,6.486083,0,0.000000,3.844708,1.421875,0.090708,0.689084,0.719834,1.729875,0.022331,0.596828
26,spawn,10,10.380209,10.380042,1,3.791250,3.837708,1.409459,0.095833,0.755333,0.716335,1.702539,0.021832,0.597378
26,spawn,11,11.359625,11.359500,0,0.000000,3.726667,1.517500,0.080208,5.607375,0.681499,1.660541,0.021377,0.588747
26,spawn,12,10.301542,10.301458,1,3.841166,3.784708,1.488875,0.083958,0.630791,0.690042,1.691794,0.020832,0.591585
26,spawn,13,8.378875,8.003167,0,0.000000,3.981750,1.481375,0.078250,2.017417,0.769791,1.783207,0.024584,0.622125
26,spawn,14,15.597000,15.596750,1,3.977417,3.750458,1.530334,0.079583,5.814292,0.673377,1.698876,0.021957,0.579838
26,spawn,15,8.579958,6.516708,0,0.000167,3.944167,1.405000,0.091875,0.661875,0.711999,1.796500,0.023540,0.641498
26,spawn,16,10.881292,10.880458,1,4.027791,3.857292,1.595792,0.093042,0.724208,0.759042,1.685752,0.021831,0.598623
26,spawn,17,8.495958,6.384666,0,0.000000,3.783083,1.441959,0.087875,0.616667,0.671790,1.688665,0.021209,0.597672
26,spawn,18,10.803334,10.803125,1,3.846583,3.995708,1.523584,0.086083,0.697667,0.721000,1.808084,0.023210,0.630544
26,spawn,19,11.156042,11.155917,0,0.000000,3.986792,1.605750,0.075750,5.048291,0.703960,1.805000,0.023250,0.607210
26,spawn,20,15.759875,15.759750,1,3.876042,3.768500,1.507625,0.083708,6.066833,0.685626,1.666957,0.021957,0.612913
26,spawn,21,8.557792,6.685208,0,0.000291,3.997125,1.562084,0.088666,0.587875,0.698958,1.901535,0.024041,0.585502
26,spawn,22,12.889791,12.889084,1,4.114791,3.824958,1.404667,0.884208,2.189250,0.715086,1.693794,0.021960,0.584334
26,spawn,23,11.006708,11.006625,0,0.000041,3.770042,1.544291,0.081042,5.168125,0.691708,1.679787,0.021125,0.599748
26,spawn,24,10.461334,10.461208,1,3.973000,3.823667,1.406750,0.085958,0.710750,0.718623,1.698542,0.021084,0.602498
26,spawn,25,8.466375,7.319542,0,0.000041,3.942500,1.540500,0.110375,1.217167,0.706248,1.728165,0.023212,0.638792
26,spawn,26,16.282250,16.281916,1,3.900292,3.829500,1.478708,0.092750,6.529334,0.694458,1.699126,0.022665,0.586454
26,spawn,27,8.591667,6.445000,0,0.000000,3.910041,1.426375,0.089167,0.596584,0.740295,1.764413,0.023833,0.615585
26,spawn,28,10.663708,10.663208,1,4.114500,3.762084,1.542667,0.082333,0.681292,0.700459,1.669415,0.021459,0.596881
26,spawn,29,8.593500,6.382375,0,0.000000,3.795833,1.452959,0.084750,0.616917,0.682791,1.694040,0.021083,0.594415
26,spawn,30,10.685084,10.684500,1,4.032584,3.857000,1.542666,0.091875,0.682041,0.717377,1.739328,0.022375,0.614294
26,spawn,31,9.154250,9.154125,0,0.000042,3.892292,1.483625,0.079250,3.273041,0.761665,1.682665,0.022083,0.604127
26,spawn,32,10.611917,10.611791,1,3.898167,3.988375,1.415791,0.086875,0.689167,0.702625,1.740955,0.023167,0.584752
26,spawn,33,11.822708,11.822375,0,0.000042,4.007459,1.570334,0.092542,5.675459,0.712834,1.824166,0.022124,0.617705
26,spawn,34,12.321000,12.320875,1,3.988459,3.786459,1.469167,0.087709,2.533708,0.700666,1.676123,0.022999,0.605210
26,spawn,35,8.589875,6.440459,0,0.000084,3.740417,1.522291,0.086000,0.657875,0.706750,1.651121,0.022418,0.589626
26,spawn,36,11.815916,11.815334,1,4.075792,4.016916,1.404083,0.090042,1.754708,0.772249,1.751705,0.023459,0.698957
26,spawn,37,12.218583,12.218500,0,0.000042,3.797750,1.473542,0.069292,6.426375,0.692082,1.684336,0.021585,0.586499
26,spawn,38,10.503417,10.503208,1,4.083041,3.742250,1.491083,0.081459,0.631209,0.673542,1.654669,0.021125,0.587790
26,spawn,39,9.107083,9.107000,0,0.000000,4.004375,1.472333,0.083959,3.066375,0.770082,1.740960,0.022372,0.620502
26,spawn,40,15.363542,15.363458,1,3.969500,3.873167,1.473916,0.075667,5.339666,0.724003,1.708371,0.021957,0.596956
26,spawn,41,8.569208,6.592208,0,0.000083,3.957375,1.415667,0.088125,0.700500,0.759668,1.772791,0.021544,0.618338
26,spawn,42,10.933750,10.933250,1,3.971750,3.839458,1.527334,0.074875,0.868250,0.720163,1.709169,0.021544,0.607004
26,spawn,43,12.537917,12.537791,0,0.000041,3.781083,1.408042,0.066750,6.859125,0.703791,1.682124,0.022998,0.598125
26,spawn,44,13.924917,13.924625,1,3.990375,3.856166,1.427959,0.072250,4.113000,0.712791,1.722334,0.022458,0.605792
26,spawn,45,8.510541,6.985291,0,0.000000,3.852750,1.499417,0.157458,0.898250,0.747249,1.715291,0.024211,0.597542
26,spawn,46,12.937709,12.937292,1,3.824416,4.040125,1.569000,0.092708,2.862666,0.760082,1.748751,0.023291,0.631583
26,spawn,47,8.559250,6.585542,0,0.000042,4.038958,1.437833,0.088708,0.562125,0.768584,1.817749,0.022212,0.634539
26,spawn,48,10.906791,10.906584,1,4.032167,3.826792,1.519958,0.148959,0.893709,0.697209,1.673627,0.022751,0.598582
26,spawn,49,11.672000,11.671875,0,0.000041,3.791292,1.536250,0.081333,5.816708,0.706623,1.673540,0.022335,0.612374
26,spawn,50,15.266000,15.265791,1,4.049125,3.698959,1.510541,0.090750,5.456875,0.669834,1.656039,0.021040,0.585707
26,spawn,51,8.420541,7.684416,0,0.000042,3.840291,1.487917,0.090209,1.750542,0.713876,1.727667,0.023128,0.598415
26,spawn,52,10.870083,10.869791,1,4.042208,3.965083,1.622500,0.089417,0.644625,0.722374,1.762290,0.022126,0.639332
26,spawn,53,8.584875,6.468333,0,0.000041,3.896792,1.413834,0.078625,0.641250,0.742707,1.731544,0.021788,0.605168
26,spawn,54,11.027959,11.027375,1,3.987792,3.760083,1.631000,0.083416,1.072500,0.679833,1.699753,0.022296,0.595917
26,spawn,55,12.265083,12.264917,0,0.000042,4.030500,1.441584,0.088083,6.279333,0.905959,1.704124,0.021291,0.605583
26,spawn,56,10.556875,10.556791,1,4.030500,3.772375,1.415250,0.204042,0.684750,0.678626,1.724332,0.023334,0.583960
26,spawn,57,8.498958,7.055375,0,0.000000,4.043333,1.437792,0.174833,0.962792,0.799333,1.764172,0.023460,0.667461
26,spawn,58,13.456042,13.455791,1,3.861708,3.736625,1.565834,0.085541,3.718792,0.673583,1.654758,0.020912,0.571290
26,spawn,59,10.067541,10.067375,0,0.000125,3.936583,1.467042,0.078167,4.150250,0.734169,1.722380,0.021915,0.616334
26,spawn,60,10.596917,10.596833,1,4.018750,3.848958,1.458042,0.081750,0.688208,0.735502,1.700127,0.023206,0.600878
26,spawn,61,8.566875,6.504500,0,0.000000,3.813959,1.419750,0.083875,0.767584,0.712917,1.684795,0.021040,0.614335
26,spawn,62,10.794209,10.794000,1,4.018000,3.867792,1.566625,0.098584,0.635250,0.719291,1.722081,0.023293,0.600956
26,spawn,63,10.354875,10.354792,0,0.000000,3.803083,1.477375,0.081125,4.584667,0.682876,1.690287,0.033334,0.594666
26,spawn,64,10.521375,10.521291,1,4.063708,3.719417,1.562750,0.091667,0.601042,0.675291,1.650664,0.021248,0.593497
26,spawn,65,10.526666,10.526584,0,0.000042,3.917000,1.490792,0.086291,4.614833,0.758045,1.698502,0.021455,0.595954
26,spawn,66,15.382334,15.382292,1,3.985750,3.826583,1.497167,0.078000,5.554041,0.701248,1.676544,0.022623,0.580916
26,spawn,67,8.601333,6.327000,0,0.000042,3.726333,1.477375,0.122042,0.570750,0.696373,1.645873,0.022125,0.588791
26,spawn,68,10.650875,10.650250,1,3.982250,3.761959,1.421917,0.075625,0.965666,0.713623,1.661545,0.022416,0.597084
26,spawn,69,11.414625,11.414292,0,0.000000,3.798833,1.455792,0.075958,5.676792,0.712999,1.674831,0.021210,0.614958
26,spawn,70,15.675792,15.675625,1,3.990042,3.836667,1.430500,0.076000,5.847375,0.713791,1.739246,0.021628,0.604083
26,spawn,71,8.519083,6.895375,0,0.000042,4.132583,1.642666,0.077875,0.566875,0.757291,1.878208,0.023583,0.625997
26,spawn,72,12.141292,12.140917,1,3.933917,3.859750,1.482791,0.095875,2.242708,0.728788,1.682662,0.023083,0.628082
26,spawn,73,14.080375,14.080208,0,0.000042,6.345084,1.513875,0.072125,5.676500,0.744046,4.200001,0.024832,0.589127
26,spawn,74,15.309959,15.309917,1,3.973708,3.790750,1.487583,0.083542,5.522583,0.709000,1.683042,0.025336,0.613709
26,spawn,75,8.566750,6.502125,0,0.000041,3.823125,1.510792,0.081541,0.639667,0.719375,1.670708,0.022333,0.595916
26,spawn,76,11.102250,11.102041,1,3.949584,3.966625,1.420334,0.083042,1.199334,0.698624,1.846164,0.024249,0.610585
26,spawn,77,14.907500,14.907333,0,0.000000,4.494500,1.525541,0.085917,8.286375,0.697748,2.375747,0.021709,0.581834
26,spawn,78,13.322791,13.322667,1,4.031125,3.797833,1.454667,0.083666,3.483333,0.690208,1.704543,0.022126,0.595124
26,spawn,79,8.589250,6.420833,0,0.000042,3.797084,1.507958,0.092333,0.584125,0.724291,1.648833,0.021915,0.594420
26,spawn,80,12.781333,12.780750,1,4.032083,3.890917,1.432875,0.089917,2.872208,0.737501,1.744497,0.023043,0.617250
26,spawn,81,8.552750,6.614292,0,0.000000,3.828083,1.445042,0.083667,0.738000,0.701000,1.703042,0.021832,0.614792
26,spawn,82,10.585917,10.585750,1,3.895625,3.923917,1.484791,0.106958,0.721500,0.766706,1.739791,0.021248,0.610585
26,spawn,83,11.405583,11.405459,0,0.000041,3.812542,1.435167,0.083833,5.642542,0.699873,1.708667,0.022041,0.603791
26,spawn,84,10.365000,10.364875,1,3.968500,3.788208,1.420792,0.088042,0.636584,0.704499,1.669670,0.022626,0.618458
26,spawn,85,8.515209,6.960208,0,0.000041,4.058584,1.730917,0.106875,0.593792,0.711291,1.850000,0.024292,0.653168
26,spawn,86,15.492500,15.492292,1,3.871292,3.755458,1.494000,0.091292,5.820375,0.679292,1.651293,0.020628,0.585003
26,spawn,87,8.589542,6.399000,0,0.000041,3.837000,1.442333,0.086667,0.605667,0.707291,1.740751,0.021333,0.586836
26,spawn,88,10.829291,10.829000,1,4.028167,3.793791,1.501917,0.077208,0.925125,0.718125,1.690708,0.021333,0.598000
26,spawn,89,8.561000,6.563875,0,0.000042,3.768542,1.510875,0.090416,0.767167,0.677042,1.668295,0.021000,0.616997
26,spawn,90,10.630750,10.630541,1,3.994000,3.895041,1.427750,0.094250,0.677625,0.725417,1.721584,0.022167,0.618584
26,spawn,91,12.259917,12.259875,0,0.000042,3.871125,1.439167,0.095000,6.433375,0.707502,1.761086,0.021041,0.608827
26,spawn,92,13.104708,13.104542,1,3.920375,3.812042,1.459334,0.086208,3.362292,0.689041,1.706746,0.022289,0.620875
26,spawn,93,8.561875,6.627625,0,0.000209,3.940500,1.480125,0.099709,0.635625,0.665458,1.816668,0.021083,0.574122
26,spawn,94,12.226500,12.226250,1,3.831708,3.885542,1.519417,0.085625,2.426208,0.730208,1.708122,0.024165,0.625244
26,spawn,95,8.575958,6.460583,0,0.000041,3.835042,1.398625,0.074917,0.700125,0.699498,1.727663,0.021791,0.583294
26,spawn,96,10.797333,10.797042,1,3.962750,3.930625,1.436250,0.157083,0.861833,0.755544,1.763711,0.021167,0.609791
26,spawn,97,11.637708,11.637625,0,0.000000,3.770791,1.506041,0.093625,5.836250,0.690126,1.655168,0.021750,0.600003
26,spawn,98,10.277792,10.277542,1,3.818625,3.768208,1.569458,0.084666,0.569292,0.694252,1.675001,0.020914,0.604291
26,spawn,99,8.534084,6.890833,0,0.000042,3.985958,1.529417,0.086291,0.807958,0.716292,1.779252,0.022250,0.632664
26,spawn,100,15.734417,15.733666,1,3.970084,3.821458,1.452875,0.091208,5.956500,0.680083,1.707542,0.023456,0.609375
26,spawn,101,8.582208,6.419583,0,0.000042,3.893500,1.439250,0.094333,0.549250,0.782874,1.723789,0.023832,0.593917
26,spawn,102,10.861500,10.861209,1,4.161666,3.842333,1.614666,0.086083,0.665042,0.782248,1.642375,0.023000,0.578039
26,spawn,103,8.573375,6.490500,0,0.000042,3.829166,1.447916,0.085041,0.691292,0.688250,1.724581,0.021084,0.569917
26,spawn,104,10.857625,10.857250,1,4.022583,3.867583,1.635083,0.107792,0.747000,0.702833,1.777123,0.023580,0.604000
26,spawn,105,11.516625,11.516417,0,0.000000,3.904708,1.529125,0.075417,5.566791,0.708294,1.742959,0.022082,0.612420
26,spawn,106,14.838125,14.837875,1,4.067917,3.868917,1.487416,0.090250,4.868125,0.746793,1.688543,0.022541,0.610875
26,spawn,107,8.558042,6.684959,0,0.000125,3.939167,1.493709,0.074709,0.729750,0.701295,1.792962,0.022707,0.617042
26,spawn,108,10.798583,10.797958,1,3.975125,3.874167,1.490666,0.081500,0.855125,0.713084,1.690626,0.022417,0.609083
26,spawn,109,8.578083,6.447959,0,0.000042,3.857042,1.410459,0.078166,0.672375,0.735125,1.709039,0.021707,0.608044
26,spawn,110,10.685084,10.684917,1,3.866209,3.863833,1.507292,0.078083,0.878875,0.711751,1.716082,0.022000,0.622792
26,spawn,111,10.070208,10.070042,0,0.000042,3.739875,1.521042,0.074625,4.304792,0.687749,1.673250,0.021207,0.572207
26,spawn,112,10.491958,10.491875,1,3.815916,3.933375,1.470875,0.088583,0.709125,0.791210,1.729753,0.023623,0.634000
26,spawn,113,10.414375,10.414083,0,0.000041,3.853084,1.576209,0.089041,4.419666,0.676294,1.710748,0.022126,0.605169
26,spawn,114,13.650959,13.650875,1,4.013625,3.891833,1.459959,0.085417,3.726209,0.721754,1.693415,0.024293,0.599083
26,spawn,115,8.563667,6.559875,0,0.000125,3.893375,1.535833,0.135167,0.528000,0.720084,1.711295,0.021835,0.609125
26,spawn,116,10.467333,10.467000,1,3.847958,3.941042,1.478750,0.204000,0.513333,0.736999,1.746044,0.021624,0.633168
26,spawn,117,8.574084,6.453875,0,0.000000,3.702458,1.513875,0.090916,0.677041,0.677542,1.638959,0.022253,0.595998
26,spawn,118,10.912667,10.912583,1,4.274625,3.845834,1.508542,0.085208,0.699250,0.700545,1.752876,0.022001,0.586501
26,spawn,119,10.349209,10.349042,0,0.000041,3.852042,1.407417,0.070334,4.587625,0.710417,1.728543,0.021625,0.621251
26,spawn,120,10.599541,10.599167,1,4.036916,3.793000,1.403666,0.088125,0.670417,0.684625,1.715123,0.022458,0.589916
26,spawn,121,8.505333,8.505250,0,0.000042,3.916208,1.501375,0.088084,2.585625,0.726794,1.715042,0.022960,0.636793
26,spawn,122,13.928792,13.928666,1,3.934458,3.722583,1.490500,0.108625,4.217625,0.683916,1.658380,0.021045,0.581290
26,spawn,123,8.574166,6.586709,0,0.000166,3.868583,1.613875,0.095917,0.547667,0.716833,1.680210,0.021086,0.584124
26,spawn,124,13.764000,13.763334,1,3.986375,3.961583,1.423208,0.080375,3.761375,0.727543,1.733332,0.023207,0.606869
26,spawn,125,8.562875,6.540542,0,0.000083,3.859209,1.534916,0.081208,0.644458,0.712209,1.753583,0.022668,0.598585
26,spawn,126,10.706791,10.706625,1,4.052125,3.735333,1.563375,0.077292,0.795250,0.691290,1.682541,0.022836,0.579334
26,spawn,127,10.205042,10.204916,0,0.000041,3.828709,1.427042,0.080667,4.426459,0.691793,1.729542,0.021624,0.617126
26,spawn,128,10.412250,10.411916,1,4.002375,3.788375,1.445292,0.097584,0.610875,0.663874,1.677497,0.022418,0.590953
26,spawn,129,8.645833,8.645791,0,0.000000,3.944417,1.459000,0.121000,2.702542,0.763542,1.747583,0.023499,0.623002
26,spawn,130,14.467000,14.466917,1,3.899917,3.781459,1.561459,0.078750,4.666416,0.695834,1.671415,0.022166,0.602166
26,spawn,131,8.582625,6.482708,0,0.000041,3.862958,1.435250,0.086375,0.664333,0.697083,1.730627,0.021955,0.603500
26,spawn,132,10.914041,10.913167,1,3.958667,3.722708,1.430708,0.088833,1.200417,0.672377,1.613334,0.021002,0.575043
26,spawn,133,8.554667,6.595458,0,0.000042,3.988334,1.414208,0.090125,0.673709,0.845873,1.728960,0.022960,0.609083
26,spawn,134,10.680667,10.680500,1,4.031250,3.878000,1.485791,0.100834,0.680167,0.700666,1.769541,0.021293,0.593415
26,spawn,135,12.203084,12.202958,0,0.000000,3.719875,1.508625,0.107583,6.446958,0.705874,1.625831,0.021457,0.588958
26,spawn,136,15.517125,15.516958,1,3.920375,3.694792,1.464167,0.084583,5.855208,0.676624,1.632082,0.021084,0.581539
26,spawn,137,8.561416,6.580541,0,0.000042,3.967833,1.450959,0.086792,0.631917,0.741957,1.787665,0.021166,0.592829
26,spawn,138,13.866291,13.866000,1,3.977083,3.950125,1.413250,0.077333,3.987125,0.752460,1.755415,0.022997,0.636668
26,spawn,139,10.422917,10.422833,0,0.000041,3.828458,1.489375,0.090333,4.581834,0.714084,1.701919,0.022458,0.606294
26,spawn,140,10.581500,10.581375,1,4.073042,3.919083,1.472667,0.084500,0.521292,0.710124,1.763211,0.021542,0.600293
26,spawn,141,10.941500,10.941333,0,0.000041,3.868292,1.523042,0.088292,5.026459,0.744626,1.711247,0.022417,0.632790
26,spawn,142,12.561625,12.561417,1,4.059583,3.732542,1.414291,0.075791,2.846458,0.668832,1.638837,0.020879,0.572915
26,spawn,143,8.418584,7.814042,0,0.000042,3.803166,1.413416,0.077416,2.112833,0.702039,1.678457,0.021875,0.591372
26,spawn,144,10.886125,10.885541,1,4.016834,3.930917,1.489958,0.074625,0.889417,0.712668,1.693371,0.022169,0.597956
26,spawn,145,11.992708,11.992625,0,0.000000,3.718708,1.473084,0.108834,6.277167,0.695335,1.646542,0.023336,0.594580
26,spawn,146,10.487541,10.487417,1,4.010666,3.810291,1.426083,0.080833,0.645625,0.693958,1.677374,0.022500,0.604543
26,spawn,147,11.624208,11.624000,0,0.000000,3.899084,1.523584,0.082875,5.645833,0.715627,1.694500,0.022830,0.655829
26,spawn,148,15.233208,15.233125,1,3.949500,3.867958,1.399625,0.075500,5.488917,0.680039,1.715712,0.023789,0.636540
26,spawn,149,8.572333,6.503375,0,0.000084,3.856000,1.428667,0.092250,0.684166,0.716626,1.743085,0.021083,0.603873
26,spawn,150,10.618791,10.618583,1,3.861291,3.665292,1.494833,0.079958,1.021625,0.673873,1.635707,0.023335,0.580084
26,spawn,151,12.155250,12.155125,0,0.000042,3.885083,1.422542,0.079375,6.352792,0.697417,1.802418,0.021127,0.573540
26,spawn,152,13.730917,13.730750,1,4.042792,3.768792,1.590500,0.081000,3.792792,0.670373,1.716124,0.021249,0.572706
26,spawn,153,8.564500,6.545334,0,0.000083,3.818792,1.456500,0.097500,0.719833,0.705876,1.694206,0.025125,0.595044
26,spawn,154,12.184834,12.184000,1,3.936208,3.866042,1.521292,0.072833,2.326584,0.751960,1.710084,0.021958,0.613041
26,spawn,155,8.555416,6.697917,0,0.000042,4.006708,1.463916,0.156583,0.588667,0.758002,1.762836,0.026791,0.612831
26,spawn,156,11.227291,11.226834,1,4.072125,3.856417,1.446083,0.096625,1.260791,0.711373,1.751168,0.024918,0.595627
26,spawn,157,12.444208,12.444083,0,0.000000,3.839041,1.573459,0.099417,6.497334,0.709999,1.700918,0.021502,0.616080
26,spawn,158,13.682000,13.681875,1,4.012709,3.754250,1.477125,0.094000,3.860542,0.683501,1.663708,0.020875,0.574874
26,spawn,159,8.554208,6.608958,0,0.000042,3.909959,1.463875,0.100333,0.685541,0.745251,1.756041,0.022624,0.617292
26,spawn,160,12.033791,12.033542,1,3.795167,3.754459,1.515625,0.080125,2.439834,0.688002,1.666205,0.021877,0.588671
26,spawn,161,8.565833,6.696708,0,0.000042,3.847542,1.561291,0.126792,0.720000,0.715334,1.683873,0.021083,0.626669
26,spawn,162,12.172208,12.171542,1,4.026833,3.926167,1.535208,0.085833,2.084708,0.779707,1.717122,0.022794,0.596293
26,spawn,163,11.558666,11.558500,0,0.000042,3.857875,1.432333,0.078000,5.771625,0.692500,1.725625,0.022873,0.603459
26,spawn,164,14.447791,14.447625,1,4.167833,3.886500,1.411292,0.081625,4.415459,0.720208,1.738664,0.023163,0.624912
26,spawn,165,8.564708,6.565875,0,0.000000,3.852458,1.462000,0.079083,0.740917,0.696376,1.754042,0.022167,0.583168
26,spawn,166,12.964833,12.964625,1,3.889334,3.730625,1.441750,0.086833,3.339833,0.697249,1.659082,0.021125,0.591996
26,spawn,167,13.687083,13.687000,0,0.000041,3.887000,1.520666,0.083334,7.776917,0.741001,1.759167,0.021955,0.594623
26,spawn,168,10.489125,10.489042,1,3.990166,3.823125,1.423000,0.082458,0.698500,0.723333,1.683833,0.021500,0.598882
26,spawn,169,8.496542,7.070750,0,0.000000,3.811458,1.487208,0.168916,1.164667,0.712708,1.642042,0.020876,0.601712
26,spawn,170,18.081500,18.081250,1,3.957542,3.897959,1.507792,0.093375,8.138791,0.697000,1.724919,0.021043,0.594962
26,spawn,171,8.568125,6.492000,0,0.000167,3.815917,1.480500,0.165125,0.599209,0.695584,1.692247,0.020833,0.580586
26,spawn,172,11.038291,11.038125,1,3.958916,3.704958,1.493625,0.096375,1.250916,0.672500,1.622002,0.020791,0.576834
26,spawn,173,9.350834,9.350625,0,0.000042,3.986125,1.555167,0.086250,3.275292,0.799459,1.708130,0.023293,0.625708
26,spawn,174,10.490833,10.490709,1,4.089250,3.699458,1.545416,0.079875,0.586542,0.678875,1.646047,0.021791,0.580541
26,spawn,175,8.542166,6.740667,0,0.000041,4.028708,1.563500,0.078709,0.583750,0.733374,1.809290,0.025337,0.625378
26,spawn,176,15.732916,15.732834,1,3.825541,3.905125,1.458334,0.075334,6.031750,0.697502,1.772748,0.024712,0.621042
26,spawn,177,8.589708,6.327291,0,0.000000,3.780375,1.442584,0.093083,0.571500,0.687916,1.698248,0.021166,0.597048
26,spawn,178,10.881792,10.881541,1,3.927625,3.824667,1.589250,0.115750,0.850459,0.722376,1.707920,0.021416,0.599415
26,spawn,179,8.562833,6.535000,0,0.000125,3.861333,1.491375,0.082542,0.667500,0.716501,1.706376,0.025246,0.637541
26,spawn,180,10.703417,10.703167,1,3.972292,3.804958,1.552542,0.082750,0.788208,0.693375,1.692580,0.023249,0.604626
26,spawn,181,8.418417,7.834459,0,0.000000,3.776042,1.558417,0.090166,1.914833,0.670418,1.681915,0.021044,0.605710
26,spawn,182,10.531959,10.531375,1,3.994209,3.914750,1.416083,0.090041,0.652708,0.797708,1.709498,0.024332,0.597873
26,spawn,183,9.937041,9.936917,0,0.000041,3.998875,1.427917,0.079500,4.026125,0.780626,1.748333,0.022795,0.676252
26,spawn,184,15.125875,15.125750,1,3.944167,3.792209,1.537000,0.082125,5.322334,0.682541,1.690171,0.020999,0.583666
26,spawn,185,8.553375,6.675417,0,0.000042,4.047083,1.440584,0.084625,0.683625,0.837998,1.806541,0.023667,0.604167
26,spawn,186,11.267833,11.267542,1,3.957000,3.813500,1.466000,0.090084,1.435500,0.695584,1.704170,0.021540,0.609121
26,spawn,187,8.579125,6.406459,0,0.000000,3.785083,1.465125,0.077958,0.609917,0.692876,1.686122,0.020786,0.574751
26,spawn,188,11.003125,11.002833,1,4.023416,4.061708,1.517958,0.101917,0.764416,0.780958,1.842121,0.024495,0.612502
26,spawn,189,11.731833,11.731625,0,0.000000,3.962292,1.568042,0.095041,5.627209,0.724124,1.784088,0.024126,0.624587
26,spawn,190,13.675250,13.675084,1,3.960625,3.837375,1.524083,0.091042,3.799458,0.728002,1.710415,0.021457,0.593541
26,spawn,191,8.543125,6.829125,0,0.000000,3.829125,1.639917,0.136542,0.752667,0.696832,1.692500,0.022083,0.598250
26,spawn,192,12.879625,12.878916,1,3.923334,3.926750,1.489667,0.080333,2.982667,0.715959,1.766086,0.022001,0.630705
26,spawn,193,8.569583,6.495167,0,0.000042,3.852500,1.418084,0.081292,0.667292,0.696834,1.709045,0.023042,0.619334
26,spawn,194,10.519708,10.519500,1,3.972125,3.737000,1.558167,0.123375,0.672250,0.673960,1.675293,0.021667,0.586043
26,spawn,195,12.195958,12.195875,0,0.000000,3.769458,1.484209,0.087333,6.402083,0.712249,1.643293,0.021167,0.585420
26,spawn,196,12.808666,12.808584,1,3.929542,3.728458,1.521000,0.098042,3.052167,0.678584,1.653165,0.021043,0.577248
26,spawn,197,8.393541,7.919125,0,0.000042,3.890125,1.459917,0.096000,2.010667,0.755334,1.709126,0.022832,0.610915
26,spawn,198,12.186291,12.186125,1,3.961625,3.870083,1.570417,0.099958,2.138666,0.674458,1.674625,0.022669,0.596294
26,spawn,199,8.586667,6.454958,0,0.000042,3.859084,1.446041,0.082833,0.631000,0.708833,1.722254,0.021084,0.627039
26,spawn,200,11.255750,11.255083,1,4.039000,3.762542,1.466292,0.076459,1.329333,0.702875,1.700044,0.021710,0.579711
26,spawn,201,11.857375,11.857250,0,0.000042,4.647458,1.488334,0.080667,5.141167,0.740876,2.506748,0.022291,0.608919
26,spawn,202,10.488084,10.487958,1,3.872417,3.861625,1.465792,0.076834,0.741250,0.684167,1.808874,0.022170,0.578872
26,spawn,203,13.135959,13.135875,0,0.000041,3.793250,1.534833,0.076000,7.287625,0.734044,1.677084,0.020709,0.602998
26,spawn,204,11.812792,11.812708,1,4.073833,3.826500,1.545459,0.106959,1.779541,0.726665,1.685753,0.022335,0.607040
26,spawn,205,12.849167,12.848959,0,0.000042,3.791375,1.485666,0.109625,4.802917,0.679788,1.686541,0.021084,0.583917
26,spawn,206,10.265458,10.265375,1,3.918292,3.748041,1.449083,0.087375,0.611334,0.683042,1.666165,0.022418,0.591665
26,spawn,207,8.340042,8.322958,0,0.000000,3.852625,1.469584,0.085875,2.504792,0.730081,1.704085,0.020913,0.628168
26,spawn,208,10.355208,10.355083,1,3.951500,3.716083,1.537708,0.084625,0.597167,0.671583,1.641704,0.021166,0.585663
26,spawn,209,9.806291,9.806167,0,0.000000,4.019333,1.466458,0.088875,3.701208,0.757082,1.752122,0.022044,0.611667
26,spawn,210,13.607042,13.606917,1,3.804625,3.939750,1.407667,0.071417,3.901583,0.747002,1.749714,0.021083,0.609376
26,spawn,211,8.585209,6.473208,0,0.000041,3.966875,1.429750,0.088042,0.559375,0.716163,1.838336,0.022542,0.605915
26,spawn,212,11.025500,11.025083,1,3.979459,3.883250,1.528875,0.215291,0.946459,0.727877,1.731544,0.021627,0.596955
26,spawn,213,8.489375,6.418125,0,0.000000,3.763833,1.427584,0.091958,0.679541,0.696708,1.640585,0.021373,0.591416
26,spawn,214,11.017375,11.017250,1,4.186708,3.720209,1.438625,0.136459,1.041583,0.676916,1.667751,0.022251,0.580876
26,spawn,215,8.816542,8.816416,0,0.000042,3.763417,1.524167,0.085542,3.011334,0.684960,1.660126,0.021043,0.587211
26,spawn,216,10.444708,10.444625,1,3.987458,3.818125,1.431958,0.092916,0.636750,0.672999,1.736039,0.021041,0.575295
26,spawn,217,8.376375,8.376250,0,0.000000,3.951417,1.628917,0.085583,2.256208,0.719500,1.759706,0.026128,0.646081
26,spawn,218,16.299042,16.298750,1,3.894167,3.842000,1.516250,0.088583,6.511708,0.686878,1.703044,0.022332,0.619705
26,spawn,219,8.580666,6.496209,0,0.000084,3.865208,1.456666,0.093334,0.623042,0.711584,1.751415,0.021626,0.585788
26,spawn,220,12.854583,12.853833,1,4.170750,3.928958,1.436167,0.077583,2.741500,0.691128,1.792164,0.023461,0.609875
26,spawn,221,11.953541,11.953417,0,0.000042,3.795833,1.444334,0.079959,6.130834,0.680334,1.682832,0.021250,0.593166
26,spawn,222,15.051041,15.050917,1,3.969917,3.729417,1.449959,0.070042,5.336083,0.671791,1.648752,0.021583,0.586337
26,spawn,223,8.572875,6.503292,0,0.000000,3.870125,1.447667,0.091042,0.597375,0.717165,1.709336,0.024790,0.593917
26,spawn,224,11.066375,11.066083,1,3.935917,3.967542,1.417875,0.079584,1.206000,0.747834,1.746417,0.021292,0.675707
26,spawn,225,8.593209,6.427083,0,0.000125,3.760834,1.468291,0.102958,0.669375,0.672292,1.663291,0.022584,0.594166
26,spawn,226,10.704709,10.703042,1,3.911542,3.947833,1.477958,0.102750,0.758000,0.713334,1.757751,0.021335,0.589748
26,spawn,227,11.481625,11.481459,0,0.000000,3.923250,1.414041,0.080750,5.629750,0.700958,1.798664,0.021161,0.636045
26,spawn,228,10.428791,10.428500,1,4.021083,3.855042,1.412291,0.093959,0.573208,0.709539,1.714999,0.025874,0.625749
26,spawn,229,8.514375,6.934083,0,0.000042,4.133583,1.582625,0.083083,0.682125,0.882417,1.775668,0.023000,0.655874
26,spawn,230,15.485125,15.484917,1,3.866333,3.739708,1.511959,0.083459,5.801416,0.673124,1.667876,0.020999,0.591878
26,spawn,231,8.563208,6.652250,0,0.000042,3.818125,1.444166,0.079583,0.893958,0.724250,1.697788,0.023163,0.616626
26,spawn,232,10.872334,10.871333,1,4.023000,3.855917,1.514667,0.082833,0.933292,0.696584,1.720917,0.022041,0.596871
26,spawn,233,8.544583,6.725083,0,0.000125,3.844000,1.486292,0.092667,0.864875,0.750626,1.687168,0.020749,0.603670
26,spawn,234,10.606375,10.605834,1,3.951125,3.830916,1.564292,0.091750,0.638167,0.713126,1.668917,0.021126,0.587916
26,spawn,235,10.177500,10.177333,0,0.000042,3.827792,1.440750,0.079125,4.421666,0.722622,1.717668,0.020999,0.586671
26,spawn,236,10.497666,10.497625,1,3.967042,3.806375,1.502583,0.078834,0.670416,0.695542,1.686246,0.021667,0.598958
26,spawn,237,8.904292,8.904208,0,0.000042,3.933833,1.556166,0.123042,2.817875,0.702291,1.771542,0.022625,0.606747
26,spawn,238,15.691292,15.691166,1,3.925042,3.749708,1.500167,0.081125,5.972292,0.714959,1.643248,0.021042,0.599248
26,spawn,239,8.596667,6.359000,0,0.000000,3.829667,1.435042,0.088791,0.582000,0.725917,1.692332,0.022581,0.598379
26,spawn,240,11.173500,11.172750,1,4.035709,3.873792,1.464917,0.081334,1.237458,0.710417,1.713415,0.023123,0.621249
26,spawn,241,8.577625,6.503125,0,0.000000,3.867666,1.407125,0.085000,0.718250,0.701459,1.727583,0.035418,0.620669
26,spawn,242,14.093625,14.092791,1,3.972375,3.748250,1.602042,0.079416,4.191583,0.699458,1.668793,0.021707,0.592917
26,spawn,243,8.389458,7.947083,0,0.000000,3.830750,1.606583,0.089792,1.984958,0.685417,1.699000,0.021005,0.603206
26,spawn,244,15.258000,15.257375,1,3.996333,3.700458,1.465666,0.086500,5.526250,0.675959,1.634877,0.021039,0.573539
26,spawn,245,8.567583,6.533125,0,0.000042,3.835667,1.603542,0.125042,0.520500,0.694418,1.718543,0.021290,0.578665
26,spawn,246,12.833167,12.832917,1,4.017750,3.986708,2.526250,0.136916,1.689125,0.785708,1.714540,0.022460,0.690710
26,spawn,247,10.875625,10.875417,0,0.000042,3.844375,1.512666,0.088291,4.929208,0.720751,1.700082,0.024503,0.593085
26,spawn,248,17.102542,17.102417,1,4.006875,3.859875,1.498792,0.080083,7.183417,0.683875,1.772791,0.024542,0.600167
26,spawn,249,8.586000,6.492667,0,0.000083,3.860750,1.508375,0.093417,0.590208,0.731918,1.715334,0.022875,0.627918
26,spawn,250,10.651792,10.650791,1,3.996125,3.882833,1.549291,0.093750,0.637709,0.693793,1.751496,0.021874,0.590335
26,spawn,251,8.591541,6.395667,0,0.000000,3.755834,1.508625,0.092792,0.607916,0.705458,1.647751,0.021331,0.584333
26,spawn,252,10.616416,10.615667,1,4.061125,3.813334,1.466625,0.090292,0.670959,0.703084,1.690832,0.022835,0.625334
26,spawn,253,12.063417,12.063375,0,0.000000,3.913875,1.530959,0.082500,6.116833,0.794375,1.707203,0.022375,0.584376
26,spawn,254,15.632875,15.632708,1,3.947584,3.979166,1.468583,0.099417,5.658750,0.727210,1.804669,0.022541,0.612377
26,spawn,255,8.559333,6.597458,0,0.000208,3.899375,1.557292,0.092792,0.586333,0.712081,1.704170,0.021209,0.587083
26,spawn,256,12.409167,12.408792,1,3.997459,3.845250,2.445334,0.214833,1.447542,0.684041,1.740501,0.021462,0.590497
26,spawn,257,8.547417,6.656750,0,0.000041,3.913417,1.584333,0.077084,0.640083,0.677083,1.824165,0.021250,0.582000
26,spawn,258,10.736375,10.736083,1,3.971625,4.044000,1.474791,0.088541,0.651541,0.736750,1.808502,0.023251,0.588794
26,spawn,259,11.499917,11.499791,0,0.000042,3.885916,1.472875,0.077250,5.642917,0.737708,1.708460,0.022624,0.618583
26,spawn,260,15.772167,15.772000,1,4.152250,3.841000,1.487583,0.086750,5.746708,0.703960,1.702877,0.024752,0.611837
26,spawn,261,8.581416,6.492500,0,0.000000,3.941625,1.455458,0.094000,0.565084,0.706999,1.791585,0.022084,0.604459
26,spawn,262,10.777417,10.776875,1,4.033250,3.857167,1.641334,0.086167,0.682416,0.700211,1.722250,0.022165,0.601874
26,spawn,263,8.541917,6.704000,0,0.000000,4.028417,1.467375,0.078833,0.688667,0.738458,1.807332,0.023253,0.614504
26,spawn,264,10.771875,10.771709,1,3.927417,3.954916,1.528875,0.159584,0.677166,0.783668,1.716836,0.022418,0.633500
26,spawn,265,11.922541,11.922375,0,0.000000,3.841875,1.586833,0.078500,5.996375,0.752040,1.680961,0.021121,0.590627
26,spawn,266,16.390000,16.389833,1,3.901250,3.754042,1.555833,0.085542,6.604709,0.678877,1.674460,0.021876,0.580168
26,spawn,267,8.612125,6.516417,0,0.000041,3.922375,1.419959,0.090291,0.609708,0.718289,1.763125,0.022582,0.577332
26,spawn,268,10.806209,10.805583,1,4.092250,4.060000,1.454417,0.093208,0.627375,0.716168,1.947038,0.021791,0.600540
26,spawn,269,8.570625,6.468667,0,0.000042,3.823625,1.557167,0.081833,0.566208,0.754416,1.656832,0.022003,0.597460
26,spawn,270,10.579959,10.579750,1,3.915750,3.919292,1.435958,0.088875,0.738125,0.749790,1.771126,0.022041,0.578414
26,spawn,271,11.420583,11.420416,0,0.000042,3.794167,1.535833,0.071458,5.605917,0.701250,1.669421,0.022873,0.614956
26,spawn,272,14.359417,14.359333,1,4.017750,3.787250,1.546917,0.095666,4.443417,0.664165,1.735749,0.021624,0.594249
26,spawn,273,8.529083,6.817958,0,0.000083,3.809958,1.503958,0.095083,0.860083,0.693291,1.704336,0.021500,0.591993
26,center,0,17.034333,17.034208,1,4.063166,6.635500,2.815458,0.085792,2.970042,1.614581,2.877166,0.046670,1.264629
26,center,1,15.791708,15.791500,0,0.000000,6.309583,2.807292,0.075750,6.169209,1.465916,2.735915,0.042710,1.198913
26,center,2,17.776916,17.776667,1,3.923292,6.295791,3.020333,0.123209,3.931458,1.474082,2.718500,0.043621,1.217085
26,center,3,14.849042,14.848833,0,0.000041,6.296583,2.832750,0.077333,5.206958,1.489412,2.752667,0.043625,1.206455
26,center,4,15.502542,15.502417,1,3.849208,6.343375,2.924792,0.092750,1.799083,1.498458,2.724376,0.044754,1.209087
26,center,5,10.245875,10.245750,0,0.000000,6.386166,2.791292,0.080833,0.555042,1.506253,2.799414,0.044126,1.191418
26,center,6,14.657125,14.657042,1,4.069375,6.299125,2.964709,0.092625,0.684375,1.432411,2.846413,0.043708,1.190459
26,center,7,12.222541,12.222292,0,0.000000,6.391958,2.966541,0.083750,2.331958,1.444708,2.829921,0.043420,1.224289
26,center,8,17.687792,17.687583,1,3.910333,6.212916,2.854500,0.097167,4.168208,1.390457,2.732292,0.043582,1.236789
26,center,9,13.580500,13.580458,0,0.000000,6.290416,2.808875,0.076500,3.983875,1.433378,2.809375,0.043749,1.180368
26,center,10,16.236458,16.236250,1,3.916667,6.531209,2.993709,0.082542,2.263041,1.484789,2.964040,0.045495,1.227454
26,center,11,15.588208,15.588000,0,0.000166,6.344042,2.784625,0.086667,5.895584,1.498418,2.742958,0.042540,1.226333
26,center,12,21.041584,21.041458,1,4.001917,6.335875,2.960208,0.078708,7.122416,1.484249,2.730083,0.045419,1.212503
26,center,13,16.228375,16.228166,0,0.000042,6.375709,2.841167,0.080250,6.500708,1.468750,2.885750,0.041704,1.177626
26,center,14,16.905375,16.905292,1,3.983041,6.224250,2.933333,1.164542,2.147250,1.440377,2.737874,0.044537,1.207127
26,center,15,12.656375,12.656209,0,0.000042,6.255417,2.774667,0.086000,3.083667,1.482292,2.692127,0.044411,1.172130
26,center,16,17.791958,17.791833,1,4.015084,6.353875,2.788917,0.083542,4.085625,1.470669,2.823998,0.045001,1.176745
26,center,17,15.312708,15.312542,0,0.000042,6.187042,2.896625,0.087209,5.716041,1.436294,2.728089,0.042791,1.176793
26,center,18,18.864166,18.864042,1,4.119583,6.255958,2.985375,0.084125,4.925084,1.456956,2.739707,0.044294,1.203414
26,center,19,13.718125,13.717958,0,0.000042,6.360916,2.778958,0.079375,4.054875,1.542621,2.768706,0.043083,1.185082
26,center,20,16.124292,16.124166,1,4.103750,6.209041,2.888167,0.086084,2.351417,1.428122,2.750116,0.042499,1.186293
26,center,21,10.542500,10.542416,0,0.000041,6.387084,3.035292,0.082208,0.611125,1.520917,2.827632,0.044331,1.212584
26,center,22,16.176417,16.176333,1,3.951625,6.539125,2.932541,0.074750,2.213833,1.514372,2.928832,0.047584,1.220003
26,center,23,10.507708,10.507584,0,0.000000,6.307500,2.972417,0.088541,0.704458,1.458876,2.765916,0.042912,1.208452
26,center,24,15.439208,15.438834,1,3.931458,6.291208,2.826042,0.078833,1.859166,1.524291,2.723586,0.043880,1.195871
26,center,25,14.760042,14.759916,0,0.000041,6.401083,2.870792,0.096125,4.973583,1.504084,2.804379,0.042833,1.254005
26,center,26,18.110042,18.109834,1,3.984750,6.282541,2.834958,0.082709,4.457083,1.434621,2.769917,0.048289,1.194457
26,center,27,15.994875,15.994667,0,0.000125,6.367292,2.835708,0.084792,6.267666,1.487168,2.790580,0.044248,1.234960
26,center,28,15.781916,15.781417,1,3.961041,6.289167,3.057000,0.086042,1.923333,1.464791,2.740584,0.042795,1.211127
26,center,29,17.408333,17.408250,0,0.000000,6.388709,2.812333,0.081834,7.689167,1.471205,2.809876,0.042128,1.219127
26,center,30,16.058416,16.058209,1,3.956250,6.275500,3.073542,0.103125,2.152584,1.468123,2.752793,0.044250,1.210457
26,center,31,10.535959,10.535833,0,0.000125,6.509042,2.816125,0.087792,0.627083,1.487918,2.901999,0.044915,1.203503
26,center,32,14.600000,14.599917,1,4.067917,6.315167,2.889042,0.089375,0.764833,1.491252,2.805124,0.043622,1.188333
26,center,33,10.986875,10.986667,0,0.000042,6.371833,2.811333,0.073958,1.324583,1.565791,2.744836,0.045126,1.209378
26,center,34,16.595083,16.595000,1,3.994709,6.281167,3.269375,0.110458,2.479958,1.457417,2.734337,0.044125,1.196830
26,center,35,17.089709,17.089625,0,0.000000,6.491333,2.802333,0.086708,7.270750,1.471669,2.910628,0.045166,1.220793
26,center,36,16.716292,16.716208,1,4.042167,6.470042,2.857459,0.112292,2.738125,1.530790,2.795667,0.045041,1.245373
26,center,37,13.971375,13.970833,0,0.000167,6.271458,2.804750,0.094083,4.349084,1.447709,2.763203,0.044874,1.188245
26,center,38,17.951708,17.951584,1,4.165917,6.430333,2.909916,0.091291,3.846583,1.502543,2.807501,0.046085,1.225291
26,center,39,15.501500,15.501291,0,0.000041,6.480667,2.837458,0.131750,5.586083,1.511582,2.889289,0.044837,1.202458
26,center,40,17.937583,17.937416,1,3.974209,6.357708,2.805042,0.083250,4.196500,1.439293,2.790125,0.046625,1.237210
26,center,41,16.005709,16.005542,0,0.000042,6.587209,3.020000,0.075792,5.851584,1.599708,2.880750,0.044666,1.224206
26,center,42,15.913625,15.913500,1,4.045209,6.434833,2.944083,0.091042,1.893417,1.468707,2.828128,0.045875,1.236002
26,center,43,16.727000,16.726917,0,0.000166,6.662709,3.058208,0.093166,6.464583,1.538834,2.956999,0.043880,1.249039
26,center,44,20.074459,20.074166,1,4.210000,6.553959,3.049000,0.094916,5.670584,1.515920,2.871709,0.046961,1.249294
26,center,45,14.241625,14.241458,0,0.000041,6.634875,3.006458,0.085416,4.056125,1.550082,2.898918,0.045542,1.304922
26,center,46,16.493041,16.492917,1,3.933333,6.399542,2.949750,0.104500,2.628583,1.485002,2.787707,0.049042,1.232420
26,center,47,16.543000,16.542875,0,0.000208,6.372167,2.829458,0.086667,6.817041,1.472295,2.830456,0.046041,1.209551
26,center,48,16.944416,16.944125,1,3.883167,6.392000,2.870375,0.091791,3.217792,1.473079,2.796751,0.043041,1.176797
26,center,49,15.801375,15.801291,0,0.000041,6.337833,2.930125,0.086250,6.020375,1.527748,2.775251,0.042374,1.187414
26,center,50,15.971833,15.971666,1,3.966542,6.270000,2.928375,0.098625,2.245958,1.429713,2.726334,0.043790,1.187455
26,center,51,10.285125,10.284917,0,0.000000,6.315750,2.827250,0.088375,0.625666,1.496376,2.756792,0.045502,1.218839
26,center,52,17.110917,17.110833,1,4.095708,6.346500,4.855833,0.388666,0.969916,1.435502,2.841785,0.042331,1.138374
26,center,53,14.441583,14.441458,0,0.000000,6.492333,4.324417,0.203875,0.989458,1.572959,2.853503,0.045960,1.193462
26,center,54,14.520292,14.520125,1,4.040708,6.376708,2.838000,0.089750,0.693625,1.481873,2.779952,0.042083,1.192921
26,center,55,12.609875,12.609709,0,0.000000,6.389542,2.964792,0.086833,2.726833,1.441914,2.769543,0.044790,1.211333
26,center,56,16.524125,16.524000,1,3.964792,6.424667,2.746417,0.079292,2.845792,1.489541,2.853583,0.045954,1.195291
26,center,57,13.405792,13.405708,0,0.000000,6.337250,2.836584,0.083750,3.710709,1.533039,2.735921,0.042041,1.220583
26,center,58,17.895542,17.895333,1,3.986958,6.351625,2.897750,0.097292,4.075458,1.496954,2.770123,0.044546,1.226255
26,center,59,10.304041,10.303917,0,0.000042,6.439500,2.767000,0.083334,0.569958,1.488541,2.885251,0.044168,1.221789
26,center,60,14.478667,14.478583,1,3.952833,6.517500,2.743875,0.084667,0.721417,1.557129,2.854586,0.046500,1.203294
26,center,61,10.643333,10.643125,0,0.000042,6.314625,2.989000,0.084709,0.829959,1.479373,2.732088,0.043918,1.216623
26,center,62,15.852084,15.852000,1,3.859333,6.270250,2.874041,0.087292,2.313250,1.423166,2.762750,0.043623,1.231122
26,center,63,14.401792,14.401666,0,0.000000,6.335833,2.781167,0.080333,4.756792,1.466958,2.778377,0.043001,1.205669
26,center,64,16.585541,16.585334,1,4.016625,6.409000,2.856000,0.080333,2.748916,1.592165,2.735170,0.042625,1.234459
26,center,65,10.485250,10.485125,0,0.000041,6.493167,2.910084,0.092792,0.539417,1.530086,2.833126,0.044585,1.257332
26,center,66,14.639375,14.639166,1,4.062250,6.498250,2.875166,0.091292,0.634333,1.547876,2.872087,0.043333,1.219707
26,center,67,13.316916,13.316834,0,0.000000,6.573875,3.072542,0.087042,3.135250,1.521083,2.932667,0.043128,1.243253
26,center,68,14.505375,14.505291,1,3.928542,6.226792,2.940291,0.097083,0.852500,1.414373,2.757124,0.041666,1.213917
26,center,69,14.387042,14.386791,0,0.000042,6.345041,2.891041,0.079250,4.616959,1.500874,2.827838,0.044211,1.162416
26,center,70,15.843917,15.843625,1,4.195458,6.256791,2.797625,0.095792,2.003209,1.426580,2.782955,0.044126,1.181501
26,center,71,10.340708,10.340625,0,0.000041,6.293959,2.923958,0.099292,0.595250,1.481331,2.767959,0.042079,1.200502
26,center,72,15.055416,15.055125,1,4.178333,6.714375,2.810625,0.087000,0.784250,1.625709,2.891297,0.046706,1.296333
26,center,73,11.831458,11.831375,0,0.000916,6.420375,2.891917,0.083584,2.002916,1.447207,2.877127,0.049495,1.233958
26,center,74,15.973500,15.973417,1,3.850958,6.334667,2.782208,0.116583,2.392917,1.453123,2.822584,0.043292,1.215461
26,center,75,15.772625,15.772500,0,0.000041,6.314959,2.881250,0.107083,6.029042,1.522123,2.732835,0.043127,1.213996
26,center,76,14.879041,14.878709,1,3.984208,6.411917,2.948083,0.096875,0.941166,1.496918,2.789419,0.055995,1.202625
26,center,77,10.449834,10.449666,0,0.000000,6.481500,2.801958,0.086208,0.567250,1.497918,2.804957,0.046211,1.217623
26,center,78,14.748875,14.748750,1,4.050417,6.415459,2.894041,0.138750,0.740625,1.530749,2.825204,0.043955,1.201254
26,center,79,10.972292,10.972125,0,0.000583,6.351542,2.958083,0.112875,1.085791,1.470375,2.824167,0.044041,1.205788
26,center,80,16.390833,16.390667,1,3.943666,6.403667,2.794417,0.088542,2.703625,1.479043,2.816794,0.043460,1.221956
26,center,81,14.917209,14.917083,0,0.000000,6.661000,2.796541,0.087375,4.942917,1.582836,2.918586,0.047462,1.215714
26,center,82,17.109167,17.108750,1,4.059750,6.296250,3.034209,0.087000,3.123750,1.410549,2.813453,0.042709,1.169248
26,center,83,15.747708,15.747500,0,0.000042,6.412167,2.991375,0.131042,5.739458,1.522209,2.805752,0.042875,1.226170
26,center,84,17.296334,17.296250,1,4.117125,6.239750,3.171417,0.096958,3.165417,1.440707,2.722832,0.048082,1.199419
26,center,85,10.417083,10.416834,0,0.000041,6.368750,2.750750,0.091458,0.782833,1.515916,2.796167,0.042293,1.176749
26,center,86,14.406166,14.405958,1,3.875209,6.397458,2.877750,0.086750,0.672792,1.466421,2.828547,0.044794,1.233248
26,center,87,14.863916,14.863667,0,0.000000,6.290042,2.886125,0.083250,5.194625,1.483791,2.761046,0.043205,1.218330
26,center,88,14.745292,14.745208,1,3.911833,6.574583,2.960917,0.087708,0.730167,1.595043,2.876165,0.048336,1.246204
26,center,89,12.840375,12.840250,0,0.000000,6.387166,2.812041,0.076791,3.115000,1.507875,2.772041,0.044997,1.200760
26,center,90,16.230792,16.230708,1,3.881459,6.303791,2.847000,0.079709,2.644625,1.430172,2.767790,0.044208,1.246252
26,center,91,14.068084,14.067958,0,0.000000,6.421625,2.795833,0.089000,4.219000,1.494167,2.810997,0.045540,1.253083
26,center,92,16.392750,16.392417,1,4.136167,6.269167,2.831667,0.089458,2.581916,1.455125,2.717749,0.045080,1.246252
26,center,93,10.670625,10.670500,0,0.000125,6.546834,2.925083,0.083000,0.679667,1.691753,2.803996,0.044127,1.199329
26,center,94,14.421708,14.421625,1,3.969959,6.403084,2.786291,0.073500,0.732958,1.527417,2.785879,0.042083,1.219667
26,center,95,12.020333,12.020042,0,0.000000,6.299625,2.932500,0.186125,2.177458,1.436047,2.769464,0.045957,1.240082
26,center,96,16.564709,16.564583,1,3.863458,6.475250,2.910750,0.079417,2.760084,1.522417,2.869002,0.046543,1.204334
26,center,97,15.593041,15.592958,0,0.000000,6.279917,2.884042,0.085792,5.908583,1.443622,2.793251,0.041625,1.208627
26,center,98,17.420583,17.420459,1,3.944584,6.317500,2.931083,0.103667,3.598333,1.452749,2.739295,0.046166,1.242086
26,center,99,15.540333,15.540250,0,0.000042,6.449375,2.843375,0.087458,5.668500,1.581588,2.771414,0.046874,1.233581
26,center,100,16.916334,16.916125,1,3.957125,6.349625,2.863375,0.084875,3.193125,1.456582,2.787541,0.042753,1.220127
26,center,101,10.412750,10.412667,0,0.000000,6.364167,2.826500,0.101167,0.665875,1.540041,2.749664,0.042459,1.214092
26,center,102,14.764792,14.764667,1,4.166292,6.509833,2.808083,0.091666,0.703000,1.475372,2.936915,0.044580,1.235249
26,center,103,10.656125,10.656042,0,0.000042,6.459292,2.943166,0.085625,0.716208,1.543331,2.813495,0.042584,1.243123
26,center,104,15.867666,15.867459,1,3.919083,6.299458,2.786667,0.082250,2.322166,1.497957,2.725540,0.043541,1.236542
26,center,105,13.915375,13.915167,0,0.000000,6.429209,2.882916,0.091875,4.059333,1.615332,2.771544,0.043415,1.200869
26,center,106,19.176833,19.176500,1,3.972083,6.435334,2.869125,0.074416,5.364750,1.467205,2.825333,0.044705,1.228748
26,center,107,17.217292,17.217166,0,0.000042,6.646458,2.984083,0.114209,7.022125,1.585709,2.898043,0.047085,1.262504
26,center,108,17.297209,17.297125,1,3.962917,6.374333,2.809042,0.090292,3.583084,1.431538,2.828871,0.044248,1.193494
26,center,109,14.596250,14.596125,0,0.000375,6.491459,2.880834,0.084292,4.713416,1.452670,2.960418,0.044043,1.226501
26,center,110,15.572167,15.572042,1,3.826750,6.442250,3.039542,0.089459,1.702250,1.522710,2.833000,0.042416,1.222212
26,center,111,10.321625,10.321500,0,0.000042,6.352042,2.856500,0.089625,0.600750,1.482417,2.824957,0.043661,1.162369
26,center,112,14.792958,14.792875,1,4.088375,6.235792,3.133250,0.141417,0.705500,1.473542,2.712465,0.044505,1.198627
26,center,113,13.322875,13.322667,0,0.000000,6.355458,3.056833,0.084917,3.393667,1.516997,2.803751,0.041833,1.184834
26,center,114,17.491000,17.490875,1,4.871625,6.421167,2.834750,0.084708,2.754041,1.440458,2.881799,0.045415,1.205625
26,center,115,12.628667,12.628458,0,0.000000,6.438083,2.890625,0.101375,2.782041,1.538625,2.829457,0.043540,1.211711
26,center,116,17.099166,17.098917,1,3.911750,6.252500,2.892333,0.077667,3.510916,1.442081,2.732045,0.045290,1.205623
26,center,117,15.216792,15.216750,0,0.000042,6.365000,2.778167,0.075334,5.577500,1.470044,2.774043,0.043666,1.212624
26,center,118,14.901375,14.901292,1,3.991750,6.313500,2.976958,0.088750,1.049417,1.436293,2.770373,0.043958,1.222079
26,center,119,10.371000,10.370875,0,0.000500,6.387584,2.845084,0.077458,0.620208,1.542457,2.755660,0.043918,1.233422
26,center,120,14.463708,14.463625,1,4.005083,6.440875,2.776917,0.089541,0.663625,1.465375,2.945709,0.043169,1.197666
26,center,121,12.207417,12.207333,0,0.000042,6.389958,3.081250,0.099917,2.177041,1.475585,2.762579,0.041918,1.236879
26,center,122,15.541875,15.541541,1,3.941125,6.211292,3.053042,0.106083,1.777666,1.413418,2.752123,0.042917,1.196543
26,center,123,15.475875,15.475750,0,0.000042,6.335875,2.874209,0.074250,5.764542,1.498831,2.766826,0.042956,1.220041
26,center,124,15.058833,15.058709,1,4.113250,6.254416,2.962125,0.096167,1.130459,1.442666,2.716710,0.043372,1.222458
26,center,125,10.270333,10.270084,0,0.000291,6.292625,2.782333,0.082208,0.686958,1.489663,2.719540,0.044290,1.229461
26,center,126,14.547875,14.547792,1,3.843750,6.747666,2.771791,0.081041,0.644708,1.697543,2.892838,0.045417,1.232212
26,center,127,11.618250,11.618083,0,0.000000,6.488167,2.873792,0.081750,1.747792,1.496666,2.818628,0.045670,1.250419
26,center,128,16.070875,16.070750,1,3.898958,6.447917,2.826458,0.089583,2.319916,1.479042,2.890169,0.043457,1.234372
26,center,129,14.539708,14.539542,0,0.000000,6.340125,2.776959,0.076667,4.914042,1.435583,2.793997,0.044087,1.250339
26,center,130,16.423458,16.423250,1,3.992209,6.271125,2.937708,0.086875,2.677708,1.449752,2.736337,0.043751,1.234957
26,center,131,10.421583,10.421459,0,0.000042,6.493250,2.817666,0.083542,0.574542,1.501835,2.832292,0.044040,1.200797
26,center,132,14.684167,14.684083,1,3.962666,6.513583,2.883291,0.090167,0.775917,1.476295,2.930209,0.046421,1.251084
26,center,133,10.623792,10.623666,0,0.000166,6.480791,2.949084,0.106667,0.640584,1.486544,2.867121,0.045080,1.267129
26,center,134,16.577375,16.577250,1,3.983833,6.319959,2.823875,0.076667,2.891625,1.420208,2.764167,0.043585,1.222005
26,center,135,15.202458,15.202333,0,0.000042,6.390625,2.883208,0.071125,5.394625,1.517747,2.787580,0.044041,1.215171
26,center,136,15.621625,15.621375,1,4.117583,6.301625,3.015834,0.095500,1.585375,1.452167,2.756043,0.043415,1.220331
26,center,137,10.550875,10.550791,0,0.000208,6.378250,2.930750,0.096666,0.716167,1.526832,2.782627,0.043836,1.237332
26,center,138,14.595209,14.595041,1,3.972250,6.324250,2.735541,0.077167,1.020958,1.419042,2.806043,0.046167,1.189042
26,center,139,11.257666,11.257584,0,0.000000,6.266084,2.749709,0.071458,1.760958,1.460499,2.736914,0.044328,1.224754
26,center,140,16.763000,16.762917,1,3.880542,6.365042,2.796250,0.083875,3.176250,1.487166,2.762376,0.045921,1.234166
26,center,141,14.540875,14.540708,0,0.000042,6.318667,2.881625,0.091125,4.812917,1.458835,2.751587,0.042125,1.265706
26,center,142,15.591083,15.591000,1,3.930791,6.476959,2.931625,0.104959,1.682250,1.475207,2.853042,0.047040,1.235707
26,center,143,10.551042,10.550875,0,0.000167,6.540792,2.793458,0.080459,0.698041,1.583710,2.801214,0.044414,1.177835
26,center,144,14.699375,14.699292,1,3.937375,6.465584,2.961875,0.087000,0.657875,1.584628,2.778124,0.045415,1.203539
26,center,145,11.946500,11.946416,0,0.000042,6.303417,2.879042,0.076333,2.263042,1.486831,2.747293,0.043004,1.210251
26,center,146,16.239042,16.238958,1,3.979584,6.234459,2.843834,0.084083,2.586708,1.410039,2.777373,0.044002,1.187248
26,center,147,14.287250,14.287042,0,0.000000,6.323167,2.733709,0.079250,4.738958,1.486164,2.753623,0.060250,1.228622
26,center,148,21.295042,21.294708,1,4.188417,6.398292,2.878375,0.081459,7.274708,1.478665,2.814458,0.045081,1.213203
26,center,149,14.509458,14.509291,0,0.000042,6.570042,2.754208,0.083167,4.640334,1.532500,2.840790,0.043999,1.279124
26,center,150,17.686334,17.686125,1,4.284209,6.226958,2.806208,0.089042,3.815625,1.422291,2.722334,0.048705,1.214085
26,center,151,13.690875,13.690625,0,0.000042,6.642542,3.098084,0.084750,3.424917,1.592165,2.864378,0.044542,1.227541
26,center,152,16.083708,16.083625,1,4.014792,6.412250,2.879750,0.097042,2.198584,1.464580,2.841705,0.045001,1.226416
26,center,153,15.707542,15.707291,0,0.000167,6.494459,2.967833,0.081166,5.723625,1.518000,2.821830,0.044374,1.240837
26,center,154,17.661458,17.661084,1,4.163416,6.617917,2.919500,0.093792,3.359583,1.611584,2.869290,0.049085,1.254043
26,center,155,15.137291,15.136958,0,0.000042,7.417500,2.925375,0.094375,4.179584,1.839375,3.212002,0.048001,1.313505
26,center,156,19.609209,19.609000,1,4.757583,6.983791,3.309583,0.093500,3.806958,1.665667,3.057122,0.047168,1.292705
26,center,157,13.091375,13.091083,0,0.000042,7.155209,3.088000,0.096042,2.272583,1.694750,3.174208,0.046289,1.354124
26,center,158,18.803875,18.803666,1,4.168500,6.638583,2.996000,0.158375,4.338208,1.557373,2.914873,0.046336,1.262377
26,center,159,10.835292,10.835166,0,0.000042,6.608083,2.980416,0.088125,0.663916,1.621336,2.865123,0.044293,1.233457
26,center,160,15.295333,15.295083,1,4.174667,6.708000,2.980084,0.097667,0.775334,1.658665,2.908836,0.046790,1.232416
26,center,161,11.994000,11.993875,0,0.000042,6.616208,3.009209,0.220375,1.672709,1.564714,2.917499,0.047874,1.222919
26,center,162,15.370875,15.370750,1,4.000208,6.301084,2.815500,0.087416,1.681583,1.443752,2.734743,0.046044,1.215873
26,center,163,14.322208,14.322042,0,0.000041,6.345750,2.813459,0.075542,4.667000,1.509085,2.798083,0.044710,1.168208
26,center,164,17.561792,17.561583,1,4.160250,6.401834,2.773917,0.086584,3.675042,1.465462,2.813874,0.043795,1.232874
26,center,165,16.282375,16.282250,0,0.000000,6.394458,2.947792,0.103458,6.371416,1.481667,2.782330,0.046755,1.215707
26,center,166,15.880750,15.880459,1,4.054084,6.344833,2.852166,0.093417,2.054666,1.480458,2.762254,0.046710,1.197503
26,center,167,16.834416,16.834208,0,0.000000,6.497625,2.861875,0.087500,6.958542,1.626669,2.780211,0.044041,1.234999
26,center,168,18.020500,18.020375,1,3.987542,6.353583,2.915792,0.124292,4.152792,1.434711,2.831003,0.048913,1.194503
26,center,169,17.301916,17.301792,0,0.000000,6.616292,2.897459,0.077084,7.278917,1.611458,2.814916,0.048249,1.242709
26,center,170,16.456458,16.456375,1,3.968125,6.320125,2.967916,0.090625,2.648667,1.479210,2.754916,0.047419,1.213255
26,center,171,18.214000,18.213875,0,0.000000,6.425791,2.840000,0.072708,8.439083,1.502205,2.799577,0.047375,1.197998
26,center,172,16.781584,16.781500,1,3.921000,6.347541,2.811541,2.066750,1.144500,1.447542,2.798461,0.046793,1.216751
26,center,173,12.929250,12.929083,0,0.000000,6.470292,2.851833,0.076334,3.078917,1.552999,2.825453,0.044458,1.216500
26,center,174,16.888458,16.888250,1,3.930417,6.372833,2.755792,0.081459,3.252083,1.436625,2.779544,0.044747,1.232751
26,center,175,16.385208,16.385083,0,0.000042,6.522084,2.898917,0.081625,6.442083,1.607752,2.747008,0.044542,1.281209
26,center,176,15.974083,15.973916,1,4.505250,6.432167,2.812416,0.080667,1.664333,1.468499,2.832498,0.046876,1.242373
26,center,177,10.469625,10.469542,0,0.000042,6.346041,2.928959,0.084084,0.678958,1.485706,2.787677,0.043458,1.222164
26,center,178,14.973167,14.973125,1,4.093750,6.577000,2.784292,0.084375,0.924834,1.523750,2.964878,0.045086,1.187039
26,center,179,10.419917,10.419667,0,0.000041,6.346000,2.827000,0.084417,0.735625,1.426417,2.814666,0.044711,1.208924
26,center,180,16.304708,16.304625,1,3.836500,6.668459,2.904584,0.107833,2.259458,1.509043,2.937585,0.048999,1.285619
26,center,181,14.948042,14.947916,0,0.000166,6.358625,2.878458,0.074958,5.170125,1.512498,2.748130,0.047164,1.229912
26,center,182,17.019917,17.019792,1,3.990375,6.440334,2.835292,0.128416,3.162417,1.485625,2.812706,0.044498,1.251212
26,center,183,16.133417,16.133292,0,0.000042,6.493750,2.784167,0.072500,6.343500,1.469670,2.869042,0.046002,1.284835
26,center,184,17.162667,17.162458,1,3.921417,6.424083,2.965000,0.091666,3.296791,1.458250,2.796666,0.043457,1.201748
26,center,185,14.613666,14.613500,0,0.000042,6.324000,2.888167,0.076708,4.869833,1.484541,2.761753,0.044004,1.233997
26,center,186,18.724834,18.724708,1,4.146958,6.486541,2.893625,0.089708,4.611417,1.439664,2.889877,0.045539,1.274121
26,center,187,15.643083,15.642875,0,0.000083,6.380167,2.905291,0.084167,5.781250,1.528875,2.781833,0.047791,1.215874
26,center,188,17.286917,17.286667,1,4.035375,6.291958,2.850709,0.078916,3.550958,1.451255,2.747456,0.045620,1.216836
26,center,189,15.396875,15.396750,0,0.000000,6.460000,2.824792,0.083250,5.560500,1.617541,2.732004,0.043835,1.229663
26,center,190,18.389625,18.389500,1,3.931834,6.312250,2.916250,0.085875,4.665833,1.442502,2.799376,0.045461,1.213663
26,center,191,15.969709,15.969375,0,0.000000,6.311375,2.854334,0.086209,6.286833,1.496247,2.740450,0.042711,1.217334
26,center,192,19.069458,19.069209,1,3.993583,6.502750,2.853416,0.088958,5.152917,1.509749,2.903206,0.044370,1.190297
26,center,193,16.355542,16.355458,0,0.000166,6.404583,2.946125,0.075042,6.464792,1.538458,2.738701,0.047079,1.272498
26,center,194,17.424458,17.424333,1,4.012459,6.528709,2.943500,0.086041,3.401458,1.550168,2.819129,0.048958,1.283666
26,center,195,14.557083,14.556959,0,0.000042,6.416042,2.851208,0.083167,4.788959,1.497713,2.827666,0.049998,1.202502
26,center,196,18.184916,18.184792,1,4.088959,6.413625,2.913125,0.098042,4.211666,1.486251,2.810124,0.047709,1.240374
26,center,197,15.677875,15.677666,0,0.000041,6.324667,2.924000,0.073291,5.929667,1.476497,2.789292,0.044124,1.199498
26,center,198,16.610542,16.610333,1,3.857250,6.490250,2.849458,0.099500,2.847458,1.457835,2.816670,0.045374,1.256876
26,center,199,15.766458,15.766167,0,0.000000,6.322458,2.893542,0.078625,6.024625,1.460539,2.819831,0.044664,1.182042
