stage,view,frame,frame_ms,render_ms,shadow_refreshed,shadow_ms,world_ms,forest_ms,post_ms,end_drawing_ms,brick_ms,steel_ms,water_ms,trunks_ms
1,German-Tiger,0,11.998916,11.998667,1,2.747750,7.767708,0.002250,0.130708,1.006958,4.850750,0.361544,0.000000,0.000000
1,German-Tiger,1,13.822250,13.821750,0,0.000042,8.653792,0.001958,0.101417,4.712584,5.360120,0.575039,0.000000,0.000000
1,German-Tiger,2,15.004375,15.003959,1,2.711458,7.341500,0.001916,0.096625,4.564250,4.623208,0.325665,0.000000,0.000000
1,German-Tiger,3,8.462750,8.462458,0,0.000000,7.469667,0.001792,0.088250,0.637750,4.771755,0.335417,0.000000,0.000000
1,German-Tiger,4,11.829125,11.828792,1,2.549250,7.433416,0.001958,0.102750,1.406750,4.669962,0.342041,0.000000,0.000000
1,German-Tiger,5,13.113000,13.112500,0,0.000041,7.464667,0.001834,0.091375,5.290958,4.680947,0.347209,0.000000,0.000000
1,German-Tiger,6,17.520666,17.520208,1,2.611625,7.247583,0.001875,0.154375,7.204542,4.551506,0.324750,0.000000,0.000000
1,German-Tiger,7,16.066333,16.065625,0,0.000416,8.109875,0.002000,0.207916,7.438417,5.211909,0.401334,0.000000,0.000000
1,German-Tiger,8,16.721667,16.721166,1,2.790292,7.439500,0.002208,0.115959,6.043500,4.622042,0.341209,0.000000,0.000000
1,German-Tiger,9,16.328291,16.328000,0,0.000041,7.527084,0.002167,0.105792,8.411584,4.759202,0.348790,0.000000,0.000000
1,German-Tiger,10,16.809541,16.809375,1,2.662083,7.336458,0.002125,0.096875,6.414500,4.638077,0.341374,0.000000,0.000000
1,German-Tiger,11,8.479458,8.479125,0,0.000375,7.468500,0.001791,0.117167,0.603292,4.693709,0.342374,0.000000,0.000000
1,German-Tiger,12,11.527459,11.527291,1,2.594792,7.570666,0.002208,0.093000,0.961500,4.763501,0.374292,0.000000,0.000000
1,German-Tiger,13,13.555083,13.554959,0,0.000000,7.765542,0.001583,0.095958,5.400834,4.842787,0.347749,0.000000,0.000000
1,German-Tiger,14,16.569500,16.569416,1,2.627416,7.321417,0.002000,0.093083,6.216500,4.592127,0.359336,0.000000,0.000000
1,German-Tiger,15,16.379167,16.379042,0,0.000166,7.872666,0.001875,0.102209,8.079667,5.019337,0.375043,0.000000,0.000000
1,German-Tiger,16,16.575959,16.575708,1,2.658875,7.256042,0.002166,0.092500,6.268292,4.487330,0.334083,0.000000,0.000000
1,German-Tiger,17,8.502083,8.501792,0,0.000167,7.525959,0.002166,0.090583,0.594292,4.797578,0.348250,0.000000,0.000000
1,German-Tiger,18,13.649000,13.648792,1,2.534083,7.779375,0.002250,0.116000,2.766291,4.662329,0.344749,0.000000,0.000000
1,German-Tiger,19,11.885709,11.885417,0,0.000042,7.744375,0.001958,0.092959,3.780833,4.897005,0.346294,0.000000,0.000000
1,German-Tiger,20,17.425458,17.425209,1,2.665708,7.678375,0.002041,0.086792,6.675042,4.926496,0.340002,0.000000,0.000000
1,German-Tiger,21,15.226584,15.226292,0,0.000250,7.640125,0.002166,0.094583,7.162917,4.946456,0.358375,0.000000,0.000000
1,German-Tiger,22,16.455542,16.455083,1,2.739500,7.553000,0.002000,0.097625,5.747875,4.696293,0.358542,0.000000,0.000000
1,German-Tiger,23,8.545750,8.545625,0,0.000125,7.513625,0.001708,0.091834,0.665625,4.814172,0.340583,0.000000,0.000000
1,German-Tiger,24,12.722458,12.722125,1,2.601417,7.724791,0.002333,0.118375,1.933208,4.843125,0.353834,0.000000,0.000000
1,German-Tiger,25,34.652416,34.652292,0,0.000042,7.742542,0.001875,0.104375,26.523791,4.953703,0.338124,0.000000,0.000000
1,German-Tiger,26,14.757083,14.756542,1,2.823500,7.783542,0.002083,0.128750,3.692000,4.943539,0.353459,0.000000,0.000000
1,German-Tiger,27,12.880916,12.880417,0,0.000041,7.469375,0.001750,0.084334,5.067750,4.675175,0.362166,0.000000,0.000000
1,German-Tiger,28,37.083667,37.083416,1,2.819583,7.344584,0.002042,0.096000,26.518125,4.619087,0.340834,0.000000,0.000000
1,German-Tiger,29,38.977875,38.977500,0,0.000041,8.096459,0.001917,0.102125,30.436792,5.176213,0.386169,0.000000,0.000000
1,German-Tiger,30,11.724875,11.724459,1,3.010250,7.532917,0.001958,0.114542,0.721792,4.746118,0.346832,0.000000,0.000000
1,German-Tiger,31,11.518708,11.518500,0,0.000041,7.557042,0.001959,0.094000,3.591083,4.843341,0.367667,0.000000,0.000000
1,German-Tiger,32,16.511291,16.511084,1,2.556000,7.603959,0.002041,0.098917,5.923916,4.767909,0.336292,0.000000,0.000000
1,German-Tiger,33,8.983708,8.983333,0,0.000292,7.947500,0.002292,0.102292,0.590500,5.001295,0.372418,0.000000,0.000000
1,German-Tiger,34,11.450708,11.450416,1,2.545541,7.669834,0.001833,0.099709,0.748459,4.844161,0.355958,0.000000,0.000000
1,German-Tiger,35,26.045792,26.045708,0,0.000125,7.587000,0.001875,0.129709,18.069583,4.747833,0.341666,0.000000,0.000000
1,German-Tiger,36,11.667667,11.667333,1,2.767459,7.794416,0.002250,0.108625,0.652792,4.916132,0.368459,0.000000,0.000000
1,German-Tiger,37,9.983042,9.982750,0,0.000041,7.584625,0.001958,0.106250,1.991625,4.680883,0.346457,0.000000,0.000000
1,German-Tiger,38,19.592084,19.591792,1,2.537833,7.575125,0.002416,0.083834,9.102125,4.711341,0.324751,0.000000,0.000000
1,German-Tiger,39,10.814250,10.813791,0,0.000041,7.644083,0.001834,0.107375,2.787834,4.875458,0.365500,0.000000,0.000000
1,German-Tiger,40,11.060667,11.060083,1,2.528500,7.352958,0.001750,0.262167,0.625958,4.623125,0.348874,0.000000,0.000000
1,German-Tiger,41,10.397875,10.397666,0,0.000000,7.668500,0.001541,0.087666,2.382416,4.894201,0.415543,0.000000,0.000000
1,German-Tiger,42,12.528625,12.528417,1,2.490250,7.498000,0.003292,0.133125,2.061375,4.650492,0.335582,0.000000,0.000000
1,German-Tiger,43,8.368625,8.368208,0,0.000458,7.403333,0.001584,0.102500,0.597666,4.751414,0.342959,0.000000,0.000000
1,German-Tiger,44,11.341750,11.341583,1,2.561375,7.399459,0.001833,0.100833,0.905750,4.641504,0.362749,0.000000,0.000000
1,German-Tiger,45,11.172250,11.172083,0,0.000000,7.570584,0.001500,0.141333,3.240875,4.949076,0.333750,0.000000,0.000000
1,German-Tiger,46,10.874542,10.874458,1,2.535917,7.377625,0.001666,0.096250,0.593209,4.605456,0.382668,0.000000,0.000000
1,German-Tiger,47,9.375875,9.375542,0,0.000000,7.304125,0.001541,0.081791,1.758542,4.613284,0.338625,0.000000,0.000000
1,German-Tiger,48,13.011875,13.011667,1,2.639916,7.102125,0.001416,0.174125,2.834750,4.472461,0.328333,0.000000,0.000000
1,German-Tiger,49,8.723292,8.723166,0,0.000000,7.400708,0.001625,0.095042,0.943292,4.712714,0.330916,0.000000,0.000000
1,German-Tiger,50,10.793458,10.793250,1,2.412792,7.336625,0.001875,0.115458,0.621500,4.593080,0.333251,0.000000,0.000000
1,German-Tiger,51,8.475958,8.475875,0,0.000000,7.448250,0.001292,0.117792,0.679500,4.698666,0.339250,0.000000,0.000000
1,German-Tiger,52,11.177750,11.177416,1,2.565375,7.543666,0.002000,0.094667,0.684750,4.738540,0.379960,0.000000,0.000000
1,German-Tiger,53,11.514708,11.514292,0,0.000333,7.443416,0.001792,0.104292,3.678833,4.693288,0.329792,0.000000,0.000000
1,German-Tiger,54,11.394500,11.393959,1,2.655792,7.637416,0.002000,0.108125,0.689833,4.895168,0.344834,0.000000,0.000000
1,German-Tiger,55,9.411417,9.411333,0,0.000000,7.574625,0.001667,0.091875,1.493167,4.874340,0.346791,0.000000,0.000000
1,German-Tiger,56,11.829584,11.829417,1,2.576208,7.147541,0.001708,0.091000,1.744083,4.503915,0.332957,0.000000,0.000000
1,German-Tiger,57,8.433084,8.432958,0,0.000083,7.520625,0.001834,0.096125,0.557500,4.716582,0.334583,0.000000,0.000000
1,German-Tiger,58,10.872542,10.872416,1,2.464792,7.369209,0.002042,0.098125,0.650959,4.571376,0.332749,0.000000,0.000000
1,German-Tiger,59,8.529125,8.529042,0,0.000000,7.524375,0.001792,0.091000,0.647958,4.704498,0.410834,0.000000,0.000000
1,German-Tiger,60,11.219708,11.219209,1,2.557083,7.628167,0.002583,0.094042,0.626542,4.747667,0.359377,0.000000,0.000000
1,German-Tiger,61,11.130208,11.130083,0,0.000958,7.126208,0.001416,0.080125,3.663041,4.504784,0.357166,0.000000,0.000000
1,German-Tiger,62,11.104000,11.103708,1,2.718333,7.318083,0.002291,0.094292,0.672042,4.602790,0.334668,0.000000,0.000000
1,German-Tiger,63,9.828000,9.827709,0,0.000084,7.495291,0.002041,0.105583,1.940042,4.756788,0.341083,0.000000,0.000000
1,German-Tiger,64,15.008833,15.008292,1,2.489375,7.375667,0.001875,0.122083,4.664750,4.568872,0.337957,0.000000,0.000000
1,German-Tiger,65,8.338583,8.326375,0,0.000417,7.327959,0.001750,0.136750,0.601708,4.659422,0.331290,0.000000,0.000000
1,German-Tiger,66,11.385083,11.384125,1,2.595791,7.543250,0.001708,0.088167,0.864791,4.743824,0.365041,0.000000,0.000000
1,German-Tiger,67,11.150333,11.150208,0,0.000208,7.416917,0.001584,0.089750,3.383208,4.725908,0.329998,0.000000,0.000000
1,German-Tiger,68,10.824625,10.824500,1,2.595625,7.284583,0.001959,0.135750,0.531625,4.643459,0.332916,0.000000,0.000000
1,German-Tiger,69,9.119500,9.119375,0,0.000084,7.302917,0.001833,0.091500,1.484333,4.615008,0.339001,0.000000,0.000000
1,German-Tiger,70,12.761583,12.761500,1,2.482708,7.075167,0.001500,0.077958,2.875125,4.481339,0.325709,0.000000,0.000000
1,German-Tiger,71,8.383083,8.382667,0,0.000042,7.412250,0.001959,0.090417,0.626125,4.775044,0.348208,0.000000,0.000000
1,German-Tiger,72,11.956875,11.956583,1,2.516541,7.356708,0.001792,0.097125,1.681750,4.566927,0.341668,0.000000,0.000000
1,German-Tiger,73,8.541542,8.541334,0,0.000042,7.631333,0.002416,0.098000,0.547000,4.884073,0.357708,0.000000,0.000000
1,German-Tiger,74,11.116084,11.115958,1,2.531917,7.521625,0.001959,0.093334,0.631917,4.786870,0.346376,0.000000,0.000000
1,German-Tiger,75,10.530125,10.530041,0,0.000041,7.268375,0.001667,0.087458,2.923666,4.556209,0.350542,0.000000,0.000000
1,German-Tiger,76,10.957833,10.957584,1,2.522250,7.455375,0.001917,0.075459,0.628208,4.733455,0.366625,0.000000,0.000000
1,German-Tiger,77,9.706334,9.706167,0,0.000041,7.661250,0.001583,0.100875,1.679333,4.768634,0.344333,0.000000,0.000000
1,German-Tiger,78,12.548084,12.547375,1,2.614625,7.356583,0.001917,0.096750,2.167084,4.679876,0.325291,0.000000,0.000000
1,German-Tiger,79,8.637208,8.637167,0,0.000125,7.711875,0.001583,0.094125,0.573833,4.799546,0.408250,0.000000,0.000000
1,German-Tiger,80,11.099209,11.098791,1,2.488250,7.509625,0.002167,0.105708,0.707333,4.745415,0.340082,0.000000,0.000000
1,German-Tiger,81,8.387833,8.387542,0,0.000041,7.447875,0.001584,0.087084,0.609833,4.697372,0.341082,0.000000,0.000000
1,German-Tiger,82,11.403541,11.403417,1,2.503208,7.675833,0.002333,0.111084,0.783458,4.810045,0.361165,0.000000,0.000000
1,German-Tiger,83,10.420083,10.419916,0,0.000167,7.389292,0.001500,0.106000,2.664291,4.683831,0.342751,0.000000,0.000000
1,German-Tiger,84,11.360792,11.360666,1,2.610208,7.668167,0.002042,0.175833,0.602167,4.901007,0.347876,0.000000,0.000000
1,German-Tiger,85,10.199709,10.199542,0,0.000000,7.657042,0.001959,0.099083,2.188708,4.814617,0.348711,0.000000,0.000000
1,German-Tiger,86,12.817792,12.817583,1,2.486042,7.370000,0.001708,0.079708,2.585875,4.676086,0.324083,0.000000,0.000000
1,German-Tiger,87,8.709958,8.709709,0,0.000042,7.565625,0.001833,0.113791,0.703500,4.750877,0.331292,0.000000,0.000000
1,German-Tiger,88,11.251833,11.251417,1,2.550333,7.654042,0.001625,0.089291,0.656583,4.632378,0.491707,0.000000,0.000000
1,German-Tiger,89,8.467583,8.467333,0,0.000042,7.388375,0.002041,0.097417,0.617667,4.580378,0.328791,0.000000,0.000000
1,German-Tiger,90,11.080542,11.080125,1,2.492167,7.452083,0.001750,0.091500,0.769000,4.688077,0.350625,0.000000,0.000000
1,German-Tiger,91,9.500959,9.500708,0,0.000083,7.310833,0.001417,0.090208,1.848791,4.632916,0.335458,0.000000,0.000000
1,German-Tiger,92,11.253042,11.252666,1,2.539833,7.503292,0.002250,0.193083,0.691250,4.735299,0.361500,0.000000,0.000000
1,German-Tiger,93,8.805083,8.804792,0,0.000000,7.766125,0.002458,0.089667,0.675333,5.027002,0.336917,0.000000,0.000000
1,German-Tiger,94,13.164667,13.164166,1,2.593250,7.385083,0.001792,0.104125,2.783458,4.662255,0.336126,0.000000,0.000000
1,German-Tiger,95,9.788375,9.788292,0,0.000000,7.465209,0.001791,0.085917,1.999500,4.803246,0.348501,0.000000,0.000000
1,German-Tiger,96,11.087125,11.087042,1,2.506625,7.535042,0.001916,0.079292,0.699542,4.724837,0.355748,0.000000,0.000000
1,German-Tiger,97,8.342625,8.322459,0,0.000167,7.166084,0.001916,0.118792,0.789625,4.538202,0.325209,0.000000,0.000000
1,German-Tiger,98,10.749833,10.749542,1,2.525250,7.220417,0.001542,0.132084,0.601833,4.577207,0.327459,0.000000,0.000000
1,German-Tiger,99,9.147000,9.146875,0,0.000042,7.067833,0.002083,0.087666,1.723625,4.453670,0.325624,0.000000,0.000000
1,German-Tiger,100,10.866667,10.866500,1,2.551084,7.329458,0.002166,0.091625,0.614416,4.598497,0.335124,0.000000,0.000000
1,German-Tiger,101,11.227667,11.227417,0,0.000042,7.282500,0.002084,0.122583,3.540625,4.570380,0.343459,0.000000,0.000000
1,German-Tiger,102,15.464625,15.464542,1,2.636166,7.350542,0.002375,0.084166,5.035083,4.591000,0.333959,0.000000,0.000000
1,German-Tiger,103,8.751875,8.751750,0,0.000000,7.595167,0.002292,0.105458,0.778792,4.863494,0.334166,0.000000,0.000000
1,German-Tiger,104,11.341125,11.340834,1,2.573666,7.557417,0.002292,0.113959,0.750083,4.736718,0.362125,0.000000,0.000000
1,German-Tiger,105,13.319209,13.319083,0,0.000000,7.270958,0.001833,0.089666,5.693334,4.611715,0.332333,0.000000,0.000000
1,German-Tiger,106,12.827583,12.827375,1,2.655958,7.188833,0.002000,0.097709,2.589791,4.547120,0.325166,0.000000,0.000000
1,German-Tiger,107,8.342542,8.298542,0,0.000083,7.398792,0.001542,0.086500,0.562209,4.697839,0.334792,0.000000,0.000000
1,German-Tiger,108,10.912958,10.912791,1,2.460667,7.318542,0.001875,0.122209,0.657584,4.636909,0.340834,0.000000,0.000000
1,German-Tiger,109,8.361792,8.361708,0,0.000125,7.257583,0.001583,0.143208,0.733625,4.533624,0.354541,0.000000,0.000000
1,German-Tiger,110,11.935250,11.935167,1,2.505250,7.524500,0.001875,0.122250,1.458541,4.743466,0.337958,0.000000,0.000000
1,German-Tiger,111,10.356500,10.356000,0,0.000083,7.517042,0.001833,0.093459,2.450625,4.829166,0.334666,0.000000,0.000000
1,German-Tiger,112,11.113958,11.113833,1,2.563125,7.527167,0.001667,0.079417,0.667334,4.809880,0.336626,0.000000,0.000000
1,German-Tiger,113,10.357834,10.357583,0,0.000000,7.533666,0.001959,0.116375,2.448000,4.758087,0.339585,0.000000,0.000000
1,German-Tiger,114,12.851083,12.850875,1,2.620667,7.423791,0.001708,0.151708,2.376084,4.700498,0.325542,0.000000,0.000000
1,German-Tiger,115,8.407375,8.407292,0,0.000084,7.452209,0.001750,0.092417,0.613041,4.707999,0.335168,0.000000,0.000000
1,German-Tiger,116,12.605250,12.605125,1,2.605917,7.430709,0.002250,0.093375,2.176375,4.689292,0.349582,0.000000,0.000000
1,German-Tiger,117,11.549958,11.549666,0,0.000208,7.568208,0.001583,0.099250,3.575792,4.763244,0.333581,0.000000,0.000000
1,German-Tiger,118,10.704041,10.703959,1,2.430417,7.278000,0.001625,0.106208,0.541000,4.635217,0.337418,0.000000,0.000000
1,German-Tiger,119,10.437458,10.437292,0,0.000000,7.459500,0.001792,0.096709,2.641708,4.708911,0.345127,0.000000,0.000000
1,German-Tiger,120,11.476584,11.476375,1,2.534666,7.226333,0.001833,0.123958,1.322166,4.567921,0.327666,0.000000,0.000000
1,German-Tiger,121,8.398333,8.398250,0,0.000167,7.413917,0.001667,0.083709,0.663916,4.736413,0.336583,0.000000,0.000000
1,German-Tiger,122,12.118625,12.118250,1,2.510625,7.330000,0.001875,0.116416,1.835250,4.599422,0.332583,0.000000,0.000000
1,German-Tiger,123,8.621958,8.621792,0,0.000125,7.587458,0.001792,0.089500,0.694833,4.782590,0.419333,0.000000,0.000000
1,German-Tiger,124,11.164750,11.164625,1,2.565666,7.507500,0.001625,0.082916,0.734667,4.801703,0.350584,0.000000,0.000000
1,German-Tiger,125,10.347208,10.347000,0,0.000125,7.339750,0.002334,0.099291,2.656625,4.624580,0.359915,0.000000,0.000000
1,German-Tiger,126,11.308291,11.308083,1,2.654667,7.627292,0.001875,0.088458,0.641125,4.753078,0.453501,0.000000,0.000000
1,German-Tiger,127,8.584250,8.584125,0,0.000208,7.609208,0.002125,0.094125,0.635000,4.750297,0.344666,0.000000,0.000000
1,German-Tiger,128,13.305625,13.305416,1,2.389208,7.320875,0.002125,0.089000,3.238625,4.548038,0.336666,0.000000,0.000000
1,German-Tiger,129,8.704417,8.704208,0,0.000292,7.691708,0.001792,0.089750,0.665459,4.743671,0.394252,0.000000,0.000000
1,German-Tiger,130,12.594750,12.594500,1,2.625208,7.451667,0.001833,0.106042,2.119083,4.723417,0.357461,0.000000,0.000000
1,German-Tiger,131,11.868750,11.868541,0,0.000000,7.596500,0.002000,0.089792,3.918625,4.790160,0.382000,0.000000,0.000000
1,German-Tiger,132,11.136625,11.136250,1,2.481250,7.558208,0.002375,0.127583,0.614458,4.829791,0.356709,0.000000,0.000000
1,German-Tiger,133,8.765417,8.765333,0,0.000042,7.763000,0.001584,0.092958,0.673584,4.971849,0.335708,0.000000,0.000000
1,German-Tiger,134,13.868584,13.867916,1,2.512959,7.349125,0.001625,0.094750,3.618125,4.573335,0.368626,0.000000,0.000000
1,German-Tiger,135,8.579041,8.578750,0,0.000042,7.496666,0.002459,0.099208,0.719334,4.747199,0.333540,0.000000,0.000000
1,German-Tiger,136,13.501167,13.500916,1,2.457958,7.490125,0.002250,0.106042,3.087750,4.735714,0.334169,0.000000,0.000000
1,German-Tiger,137,10.803875,10.803709,0,0.000000,7.671250,0.001667,0.095750,2.771125,4.814798,0.374250,0.000000,0.000000
1,German-Tiger,138,11.207583,11.207167,1,2.543667,7.573708,0.001875,0.083500,0.632333,4.823715,0.336375,0.000000,0.000000
1,German-Tiger,139,8.869041,8.868917,0,0.000042,7.594625,0.002125,0.100333,0.921250,4.745216,0.355083,0.000000,0.000000
1,German-Tiger,140,13.093750,13.093541,1,2.614208,7.710167,0.001708,0.094375,2.335500,4.937960,0.336166,0.000000,0.000000
1,German-Tiger,141,8.550042,8.549958,0,0.000250,7.520917,0.001875,0.096708,0.674458,4.620413,0.326290,0.000000,0.000000
1,German-Tiger,142,12.562583,12.562500,1,2.585333,7.534125,0.001583,0.091166,2.035209,4.737208,0.354251,0.000000,0.000000
1,German-Tiger,143,8.351750,8.351666,0,0.000000,7.449208,0.001458,0.077500,0.590750,4.687579,0.331000,0.000000,0.000000
1,German-Tiger,144,11.416667,11.416541,1,2.557333,7.694375,0.002458,0.122334,0.717583,4.771949,0.329917,0.000000,0.000000
1,German-Tiger,145,14.686417,14.686208,0,0.000042,8.177542,0.001959,0.141417,6.081333,4.924422,0.443669,0.000000,0.000000
1,German-Tiger,146,12.460959,12.460500,1,2.604208,7.410500,0.002458,0.113875,1.961083,4.688003,0.337874,0.000000,0.000000
1,German-Tiger,147,8.751250,8.751167,0,0.000084,7.317166,0.001875,0.083792,1.115625,4.632375,0.328791,0.000000,0.000000
1,German-Tiger,148,14.403375,14.402833,1,2.435250,7.374834,0.001500,0.072625,4.282334,4.578626,0.361749,0.000000,0.000000
1,German-Tiger,149,9.920542,9.920417,0,0.000042,7.341667,0.001917,0.101875,2.164459,4.619754,0.328082,0.000000,0.000000
1,German-Tiger,150,11.012583,11.012458,1,2.591000,7.157250,0.001500,0.074917,0.936209,4.503456,0.359666,0.000000,0.000000
1,German-Tiger,151,8.434875,8.434792,0,0.000000,7.492208,0.001583,0.071958,0.650209,4.728635,0.387084,0.000000,0.000000
1,German-Tiger,152,12.588792,12.588667,1,2.427375,7.210291,0.001417,0.091084,2.607958,4.515264,0.352125,0.000000,0.000000
1,German-Tiger,153,8.502250,8.502167,0,0.000042,7.460042,0.001875,0.127583,0.663750,4.729084,0.344084,0.000000,0.000000
1,German-Tiger,154,12.558208,12.558125,1,2.504167,7.620000,0.001708,0.093417,2.059000,4.752533,0.347126,0.000000,0.000000
1,German-Tiger,155,8.351167,8.351083,0,0.000125,7.442833,0.001541,0.076208,0.607792,4.810374,0.344750,0.000000,0.000000
1,German-Tiger,156,12.410375,12.410166,1,2.615750,7.466167,0.002042,0.129291,1.836292,4.735792,0.339708,0.000000,0.000000
1,German-Tiger,157,10.256875,10.256375,0,0.000000,7.612875,0.002334,0.120750,2.203250,4.830293,0.349168,0.000000,0.000000
1,German-Tiger,158,10.949125,10.949000,1,2.644834,7.287833,0.001375,0.132292,0.573834,4.635039,0.338165,0.000000,0.000000
1,German-Tiger,159,9.737750,9.737542,0,0.000167,7.398041,0.001708,0.089833,2.005250,4.654334,0.397668,0.000000,0.000000
1,German-Tiger,160,14.076584,14.076417,1,2.623208,7.428500,0.002125,0.095750,3.626125,4.583665,0.338293,0.000000,0.000000
1,German-Tiger,161,8.493541,8.493459,0,0.000000,7.546541,0.001916,0.102500,0.584083,4.823782,0.360167,0.000000,0.000000
1,German-Tiger,162,11.685541,11.685208,1,2.559667,7.564167,0.002792,0.098750,1.129292,4.802784,0.332958,0.000000,0.000000
1,German-Tiger,163,9.929834,9.929708,0,0.000042,7.362167,0.001791,0.100250,2.203292,4.613540,0.331625,0.000000,0.000000
1,German-Tiger,164,11.026208,11.026125,1,2.534833,7.472375,0.002041,0.148667,0.531250,4.660379,0.339125,0.000000,0.000000
1,German-Tiger,165,8.660542,8.660417,0,0.000000,7.595958,0.001791,0.093750,0.694459,4.751251,0.341333,0.000000,0.000000
1,German-Tiger,166,13.373625,13.373375,1,2.621667,7.286042,0.001959,0.090666,3.099958,4.533497,0.339042,0.000000,0.000000
1,German-Tiger,167,8.450417,8.450167,0,0.000083,7.461584,0.002083,0.094333,0.609459,4.762285,0.347835,0.000000,0.000000
1,German-Tiger,168,11.456875,11.456792,1,2.436333,7.873042,0.001958,0.103500,0.729917,4.912280,0.346209,0.000000,0.000000
1,German-Tiger,169,8.920333,8.920041,0,0.000834,7.472916,0.001542,0.096666,1.089583,4.752836,0.350458,0.000000,0.000000
1,German-Tiger,170,10.893209,10.893083,1,2.546209,7.303833,0.001708,0.075083,0.698875,4.619411,0.346336,0.000000,0.000000
1,German-Tiger,171,9.795083,9.794959,0,0.000042,7.297334,0.001458,0.082959,2.191292,4.570536,0.329918,0.000000,0.000000
1,German-Tiger,172,10.703542,10.703333,1,2.517625,7.168125,0.001875,0.081875,0.679125,4.493215,0.340292,0.000000,0.000000
1,German-Tiger,173,10.856833,10.856459,0,0.000042,7.214083,0.001625,0.080959,3.327625,4.561089,0.337334,0.000000,0.000000
1,German-Tiger,174,16.427167,16.427000,1,2.591791,7.328000,0.001667,0.102625,6.109583,4.584213,0.329500,0.000000,0.000000
1,German-Tiger,175,8.520834,8.520750,0,0.000000,7.272209,0.001708,0.153792,0.836791,4.636581,0.344667,0.000000,0.000000
1,German-Tiger,176,11.163959,11.163708,1,2.506875,7.330334,0.002125,0.321250,0.693708,4.596704,0.336625,0.000000,0.000000
1,German-Tiger,177,14.304416,14.304334,0,0.000042,7.652583,0.001541,0.086375,6.312000,4.852289,0.370001,0.000000,0.000000
1,German-Tiger,178,15.795125,15.794708,1,2.497916,7.352750,0.001708,0.091167,5.575666,4.618379,0.339334,0.000000,0.000000
1,German-Tiger,179,8.788083,8.787833,0,0.000041,7.694042,0.001875,0.085125,0.739500,4.903666,0.328792,0.000000,0.000000
1,German-Tiger,180,11.080041,11.079834,1,2.505708,7.466250,0.002167,0.093125,0.703333,4.645298,0.320918,0.000000,0.000000
1,German-Tiger,181,11.946542,11.946416,0,0.000000,7.348083,0.001750,0.086291,4.259458,4.697200,0.334209,0.000000,0.000000
1,German-Tiger,182,14.420792,14.420500,1,2.792083,7.352708,0.001791,0.117958,3.785959,4.650301,0.342666,0.000000,0.000000
1,German-Tiger,183,8.870458,8.870125,0,0.000042,7.871792,0.001959,0.087875,0.611375,4.910034,0.513999,0.000000,0.000000
1,German-Tiger,184,11.724375,11.724042,1,2.463833,7.443833,0.002416,0.097875,1.385416,4.744208,0.335418,0.000000,0.000000
1,German-Tiger,185,8.608250,8.608208,0,0.000250,7.681416,0.001584,0.098958,0.583166,4.876210,0.395166,0.000000,0.000000
1,German-Tiger,186,11.300125,11.299750,1,2.510375,7.548792,0.001583,0.077833,0.834250,4.787212,0.369332,0.000000,0.000000
1,German-Tiger,187,13.701208,13.701125,0,0.000041,7.513833,0.001583,0.093583,5.839875,4.751660,0.340668,0.000000,0.000000
1,German-Tiger,188,11.939417,11.939167,1,2.732791,7.345917,0.002166,0.134167,1.422375,4.679951,0.329750,0.000000,0.000000
1,German-Tiger,189,8.518875,8.518625,0,0.000125,7.313958,0.001583,0.115958,0.810000,4.596453,0.362500,0.000000,0.000000
1,German-Tiger,190,12.758041,12.757833,1,2.483875,7.321417,0.001708,0.153500,2.508250,4.580219,0.338083,0.000000,0.000000
1,German-Tiger,191,12.263708,12.263583,0,0.000041,7.742333,0.001459,0.123083,4.167208,4.864366,0.337500,0.000000,0.000000
1,German-Tiger,192,11.185125,11.184875,1,2.435833,7.649542,0.001875,0.152083,0.650125,4.732832,0.372331,0.000000,0.000000
1,German-Tiger,193,8.920125,8.919750,0,0.000042,7.524625,0.001916,0.090334,1.060541,4.812126,0.342376,0.000000,0.000000
1,German-Tiger,194,12.985791,12.985500,1,2.622083,7.380583,0.001750,0.084334,2.613917,4.687416,0.385794,0.000000,0.000000
1,German-Tiger,195,9.661250,9.661166,0,0.000125,7.480417,0.001833,0.093833,1.801584,4.778207,0.361791,0.000000,0.000000
1,German-Tiger,196,15.441083,15.440875,1,2.490834,7.119000,0.001750,0.074667,5.482500,4.481377,0.324877,0.000000,0.000000
1,German-Tiger,197,12.673834,12.673750,0,0.000125,7.139083,0.001667,0.077833,5.255458,4.525548,0.326334,0.000000,0.000000
1,German-Tiger,198,14.563416,14.563167,1,2.485791,7.228708,0.002125,0.096959,4.471958,4.542332,0.340708,0.000000,0.000000
1,German-Tiger,199,8.457125,8.456875,0,0.000125,7.437000,0.001500,0.083792,0.698750,4.749579,0.366624,0.000000,0.000000
1,German-Tiger,200,12.691833,12.691750,1,2.515750,7.259084,0.001667,0.100250,2.520375,4.561008,0.332960,0.000000,0.000000
1,German-Tiger,201,13.487291,13.487084,0,0.000167,7.530042,0.001833,0.099125,5.607208,4.765324,0.393375,0.000000,0.000000
1,German-Tiger,202,16.050375,16.050208,1,2.723125,7.139375,0.002166,0.092667,5.810667,4.495707,0.335126,0.000000,0.000000
1,German-Tiger,203,8.542625,8.542291,0,0.000000,7.589375,0.001875,0.096542,0.603708,4.778705,0.348125,0.000000,0.000000
1,German-Tiger,204,13.525791,13.525583,1,2.483375,7.428917,0.002000,0.085167,3.239084,4.643501,0.391375,0.000000,0.000000
1,German-Tiger,205,11.094792,11.094667,0,0.000083,7.399833,0.001792,0.089417,3.380041,4.689250,0.363708,0.000000,0.000000
1,German-Tiger,206,15.078375,15.078000,1,2.612667,7.213667,0.001959,0.087708,4.875625,4.565663,0.330792,0.000000,0.000000
1,German-Tiger,207,8.586750,8.586625,0,0.000166,7.659667,0.002416,0.094208,0.562625,4.884626,0.355209,0.000000,0.000000
1,German-Tiger,208,13.243459,13.243291,1,2.483375,7.253458,0.001375,0.091459,3.098708,4.517540,0.332834,0.000000,0.000000
1,German-Tiger,209,12.924000,12.923917,0,0.000042,7.449167,0.001708,0.086084,5.161375,4.741713,0.330040,0.000000,0.000000
1,German-Tiger,210,14.557625,14.557125,1,2.630916,7.275375,0.002000,0.087834,4.250292,4.608380,0.336750,0.000000,0.000000
1,German-Tiger,211,10.726125,10.725958,0,0.000125,7.694541,0.001667,0.089792,2.691916,4.971751,0.337250,0.000000,0.000000
1,German-Tiger,212,11.203750,11.203542,1,2.547708,7.468292,0.002375,0.211083,0.642375,4.625756,0.360042,0.000000,0.000000
1,German-Tiger,213,12.944959,12.944708,0,0.000625,7.457500,0.001584,0.099792,5.100625,4.632495,0.334083,0.000000,0.000000
1,German-Tiger,214,15.829292,15.829042,1,2.573542,8.079958,0.001583,0.081917,4.801833,5.316370,0.335208,0.000000,0.000000
1,German-Tiger,215,8.354041,8.280292,0,0.000125,7.285209,0.001708,0.116958,0.625625,4.663963,0.334208,0.000000,0.000000
1,German-Tiger,216,12.496250,12.496125,1,2.457958,7.465417,0.002041,0.248625,2.014250,4.609967,0.355126,0.000000,0.000000
1,German-Tiger,217,11.826167,11.825917,0,0.000000,7.396416,0.001542,0.082208,4.121625,4.691828,0.357376,0.000000,0.000000
1,German-Tiger,218,11.205125,11.205000,1,2.569042,7.483750,0.001917,0.075583,0.791208,4.766792,0.347793,0.000000,0.000000
1,German-Tiger,219,8.992625,8.992458,0,0.000292,7.458000,0.001709,0.085792,1.191083,4.709461,0.332626,0.000000,0.000000
1,German-Tiger,220,14.485791,14.485459,1,2.602875,7.345541,0.001917,0.092958,4.170875,4.607332,0.338501,0.000000,0.000000
1,German-Tiger,221,8.364708,8.364583,0,0.000125,7.334166,0.001958,0.095541,0.579625,4.642707,0.327291,0.000000,0.000000
1,German-Tiger,222,12.505375,12.505166,1,2.492708,7.427375,0.001708,0.098458,2.187584,4.669541,0.331915,0.000000,0.000000
1,German-Tiger,223,12.166792,12.166417,0,0.000459,7.570792,0.001916,0.083416,4.232000,4.749572,0.351460,0.000000,0.000000
1,German-Tiger,224,11.321208,11.321000,1,2.577584,7.437958,0.001834,0.102792,0.901417,4.664331,0.339376,0.000000,0.000000
1,German-Tiger,225,10.013416,10.012958,0,0.000042,7.525334,0.001625,0.101375,2.051792,4.786213,0.335833,0.000000,0.000000
1,German-Tiger,226,13.369000,13.368750,1,2.437333,7.353125,0.001750,0.092791,3.187917,4.637080,0.342626,0.000000,0.000000
1,German-Tiger,227,8.781208,8.781125,0,0.000125,7.707750,0.001625,0.115208,0.703542,4.888880,0.395373,0.000000,0.000000
1,German-Tiger,228,12.357084,12.356833,1,2.604958,7.685041,0.002125,0.112709,1.624084,4.762872,0.353458,0.000000,0.000000
1,German-Tiger,229,11.176250,11.175917,0,0.000458,7.413209,0.001625,0.093875,3.375833,4.689837,0.329292,0.000000,0.000000
1,German-Tiger,230,10.982959,10.982833,1,2.579292,7.272042,0.002375,0.087750,0.765291,4.596165,0.340585,0.000000,0.000000
1,German-Tiger,231,11.427292,11.426792,0,0.000042,7.693667,0.001500,0.097291,3.376334,4.817793,0.411958,0.000000,0.000000
1,German-Tiger,232,12.748000,12.747875,1,2.532875,7.166250,0.002250,0.092167,2.602083,4.521244,0.344000,0.000000,0.000000
1,German-Tiger,233,8.517792,8.517667,0,0.000250,7.497458,0.001584,0.084458,0.699167,4.804707,0.342917,0.000000,0.000000
1,German-Tiger,234,11.206917,11.206625,1,2.451666,7.583541,0.001625,0.108125,0.666583,4.855329,0.333502,0.000000,0.000000
1,German-Tiger,235,9.468667,9.468333,0,0.000042,7.557541,0.001709,0.126042,1.555167,4.848666,0.378623,0.000000,0.000000
1,German-Tiger,236,11.138333,11.138167,1,2.453708,7.487833,0.002250,0.174541,0.721083,4.648371,0.401667,0.000000,0.000000
1,German-Tiger,237,10.440084,10.439958,0,0.000041,7.333000,0.001625,0.082625,2.784292,4.689631,0.340377,0.000000,0.000000
1,German-Tiger,238,16.513292,16.513167,1,2.554625,7.192416,0.001708,0.078417,6.393458,4.549573,0.332874,0.000000,0.000000
1,German-Tiger,239,8.378542,8.378458,0,0.000042,7.334625,0.001458,0.072583,0.750084,4.622050,0.327792,0.000000,0.000000
1,German-Tiger,240,10.784375,10.784292,1,2.560000,7.147083,0.001666,0.085750,0.702375,4.513661,0.331917,0.000000,0.000000
1,German-Tiger,241,11.668500,11.668250,0,0.000041,7.359416,0.001583,0.105041,3.985875,4.631079,0.370083,0.000000,0.000000
1,German-Tiger,242,15.016042,15.015667,1,2.591625,7.490500,0.002000,0.075584,4.527417,4.824539,0.349709,0.000000,0.000000
1,German-Tiger,243,8.497375,8.497083,0,0.000000,7.376042,0.002167,0.117500,0.730458,4.603419,0.342083,0.000000,0.000000
1,German-Tiger,244,14.740250,14.740000,1,2.625292,7.364625,0.002208,0.091875,4.374000,4.627579,0.336167,0.000000,0.000000
1,German-Tiger,245,11.312125,11.312000,0,0.000041,7.623209,0.001792,0.111292,3.337083,4.751624,0.401959,0.000000,0.000000
1,German-Tiger,246,11.072458,11.072083,1,2.580291,7.479042,0.002166,0.084708,0.637834,4.678707,0.367792,0.000000,0.000000
1,German-Tiger,247,9.905750,9.905542,0,0.000125,7.503959,0.002000,0.263917,1.068000,4.753417,0.361915,0.000000,0.000000
1,German-Tiger,248,13.604875,13.604625,1,2.535541,7.227458,0.001625,0.105083,3.445000,4.515168,0.339751,0.000000,0.000000
1,German-Tiger,249,8.342625,8.295500,0,0.000167,7.334625,0.001792,0.076833,0.652416,4.664745,0.355667,0.000000,0.000000
1,German-Tiger,250,13.270833,13.270583,1,2.475417,7.442542,0.001416,0.084334,2.992292,4.659243,0.374500,0.000000,0.000000
1,German-Tiger,251,11.797583,11.797292,0,0.000042,7.457833,0.002292,0.083625,4.002542,4.729377,0.336833,0.000000,0.000000
1,German-Tiger,252,14.532792,14.532625,1,2.809708,7.511334,0.002084,0.129167,3.776417,4.772466,0.330168,0.000000,0.000000
1,German-Tiger,253,8.575333,8.575209,0,0.000208,7.673167,0.001667,0.090625,0.574375,4.758124,0.402000,0.000000,0.000000
1,German-Tiger,254,14.596208,14.596000,1,2.490542,7.520584,0.001750,0.100750,4.196125,4.615036,0.344000,0.000000,0.000000
1,German-Tiger,255,11.866500,11.866416,0,0.000167,7.269292,0.001666,0.080542,4.278583,4.584129,0.336375,0.000000,0.000000
1,German-Tiger,256,16.030666,16.030458,1,2.603125,7.551458,0.002375,0.090417,5.505958,4.670464,0.340666,0.000000,0.000000
1,German-Tiger,257,8.430625,8.430291,0,0.000125,7.481292,0.002083,0.098833,0.589166,4.763663,0.342582,0.000000,0.000000
1,German-Tiger,258,11.987958,11.987750,1,2.567042,7.374292,0.001667,0.089416,1.652916,4.694956,0.360706,0.000000,0.000000
1,German-Tiger,259,11.442916,11.442792,0,0.000000,7.392917,0.001666,0.080209,3.738542,4.738625,0.335376,0.000000,0.000000
1,German-Tiger,260,11.023959,11.023792,1,2.493750,7.317625,0.001875,0.086292,0.817625,4.580297,0.328791,0.000000,0.000000
1,German-Tiger,261,9.065166,9.064959,0,0.000167,7.268500,0.001709,0.086708,1.445125,4.502828,0.354416,0.000000,0.000000
1,German-Tiger,262,15.111500,15.111416,1,2.538375,7.312334,0.001916,0.092417,4.896041,4.532002,0.462542,0.000000,0.000000
1,German-Tiger,263,9.051125,9.050875,0,0.000000,7.545625,0.001916,0.104750,1.139584,4.645202,0.340917,0.000000,0.000000
1,German-Tiger,264,11.026667,11.026500,1,2.601166,7.275583,0.001833,0.103625,0.635916,4.609954,0.328376,0.000000,0.000000
1,German-Tiger,265,11.808833,11.808791,0,0.000083,7.367666,0.001708,0.090750,4.110625,4.543379,0.336293,0.000000,0.000000
1,German-Tiger,266,10.992500,10.992250,1,2.578125,7.289583,0.002250,0.085708,0.734958,4.593038,0.367208,0.000000,0.000000
1,German-Tiger,267,9.906750,9.906541,0,0.000041,7.640833,0.001709,0.093792,1.903625,4.943795,0.348417,0.000000,0.000000
1,German-Tiger,268,16.038333,16.038084,1,2.744458,7.256042,0.001625,0.095459,5.654791,4.601293,0.341582,0.000000,0.000000
1,German-Tiger,269,12.849125,12.848792,0,0.000125,7.542167,0.001792,0.080375,4.963083,4.766704,0.335210,0.000000,0.000000
1,German-Tiger,270,11.296333,11.295791,1,2.456625,7.692708,0.001792,0.084916,0.766709,4.852579,0.343166,0.000000,0.000000
1,German-Tiger,271,9.545292,9.545167,0,0.000042,7.541083,0.001917,0.097250,1.642583,4.814083,0.354917,0.000000,0.000000
1,German-Tiger,272,15.277625,15.277292,1,2.694416,7.314333,0.001667,0.092417,4.862334,4.596740,0.322417,0.000000,0.000000
1,German-Tiger,273,8.438708,8.438500,0,0.000292,7.394208,0.001459,0.084583,0.712167,4.676704,0.333792,0.000000,0.000000
1,German-Tiger,274,11.210583,11.210375,1,2.743125,7.413125,0.001792,0.080875,0.681958,4.729007,0.339250,0.000000,0.000000
1,German-Tiger,275,11.249458,11.249375,0,0.000084,7.458417,0.001584,0.084750,3.463041,4.706243,0.340042,0.000000,0.000000
1,German-Tiger,276,11.537542,11.537458,1,2.624000,7.553125,0.001875,0.103375,0.965584,4.830427,0.374542,0.000000,0.000000
1,German-Tiger,277,9.828625,9.828334,0,0.000000,7.661250,0.002000,0.104625,1.807416,4.741962,0.343292,0.000000,0.000000
1,German-Tiger,278,13.553500,13.553291,1,2.590000,7.221541,0.001708,0.090959,3.355625,4.577669,0.345332,0.000000,0.000000
1,German-Tiger,279,8.739666,8.739584,0,0.000041,7.600292,0.001709,0.102708,0.764000,4.839535,0.400001,0.000000,0.000000
1,German-Tiger,280,11.551375,11.551209,1,2.569208,7.431459,0.002083,0.100417,1.151084,4.717880,0.363000,0.000000,0.000000
1,German-Tiger,281,12.875416,12.875292,0,0.000500,7.362041,0.001667,0.095042,5.153666,4.708953,0.324456,0.000000,0.000000
1,German-Tiger,282,15.672500,15.672166,1,2.589292,7.488125,0.002166,0.088792,5.219333,4.781039,0.323792,0.000000,0.000000
1,German-Tiger,283,8.520625,8.520416,0,0.000333,7.434583,0.002209,0.110208,0.717958,4.702011,0.345710,0.000000,0.000000
1,German-Tiger,284,11.731834,11.731500,1,2.606250,7.425583,0.002584,0.108875,1.267958,4.560745,0.331958,0.000000,0.000000
1,German-Tiger,285,11.932334,11.932167,0,0.000000,7.466042,0.001750,0.080667,4.161667,4.786381,0.350542,0.000000,0.000000
1,German-Tiger,286,10.874541,10.874334,1,2.538667,7.284084,0.001917,0.086625,0.673042,4.617544,0.325959,0.000000,0.000000
1,German-Tiger,287,9.384208,9.383917,0,0.000084,7.360542,0.001875,0.126458,1.618958,4.591828,0.328707,0.000000,0.000000
1,German-Tiger,288,14.486000,14.485834,1,2.471167,7.456583,0.001625,0.124791,4.148625,4.626132,0.342834,0.000000,0.000000
1,German-Tiger,289,8.377583,8.377417,0,0.000000,7.399541,0.001542,0.094250,0.651291,4.690704,0.384249,0.000000,0.000000
1,German-Tiger,290,12.312833,12.312708,1,2.452791,7.276750,0.002083,0.098625,2.205083,4.489670,0.331918,0.000000,0.000000
1,German-Tiger,291,13.184334,13.184125,0,0.000041,7.342875,0.001375,0.078708,5.548542,4.657801,0.337708,0.000000,0.000000
1,German-Tiger,292,14.719542,14.719416,1,2.624083,7.382458,0.002208,0.092042,4.333166,4.672043,0.342916,0.000000,0.000000
1,German-Tiger,293,8.496042,8.495708,0,0.000209,7.539625,0.001958,0.093500,0.594084,4.688042,0.378125,0.000000,0.000000
1,German-Tiger,294,12.011083,12.010917,1,2.543667,7.346083,0.001541,0.100000,1.732916,4.619086,0.347500,0.000000,0.000000
1,German-Tiger,295,13.895625,13.895542,0,0.000167,7.520167,0.001541,0.077666,6.068709,4.714703,0.480458,0.000000,0.000000
1,German-Tiger,296,10.888166,10.888084,1,2.586750,7.149458,0.001792,0.147459,0.740416,4.527880,0.329666,0.000000,0.000000
1,German-Tiger,297,10.251250,10.251167,0,0.000042,7.352709,0.001750,0.088458,2.567208,4.533763,0.352625,0.000000,0.000000
1,German-Tiger,298,12.309459,12.309333,1,2.577209,7.132167,0.001417,0.097250,2.241875,4.486461,0.330293,0.000000,0.000000
1,German-Tiger,299,8.444583,8.444459,0,0.000000,7.348500,0.001708,0.109125,0.761625,4.632094,0.332333,0.000000,0.000000
1,German-Tiger,300,10.950333,10.950208,1,2.570417,7.166250,0.001917,0.089000,0.843792,4.482293,0.329958,0.000000,0.000000
1,German-Tiger,301,12.880500,12.880375,0,0.000000,7.216208,0.001791,0.116625,5.293958,4.559046,0.339247,0.000000,0.000000
1,German-Tiger,302,10.764125,10.763917,1,2.597208,7.126291,0.001917,0.084708,0.684334,4.468660,0.325207,0.000000,0.000000
1,German-Tiger,303,9.315542,9.315417,0,0.000125,7.475458,0.001750,0.094834,1.387834,4.773748,0.349583,0.000000,0.000000
1,German-Tiger,304,15.367417,15.366958,1,2.515000,7.342000,0.001917,0.090833,5.104208,4.674763,0.334333,0.000000,0.000000
1,German-Tiger,305,8.597875,8.597583,0,0.000167,7.601292,0.001750,0.085500,0.674417,4.873537,0.366583,0.000000,0.000000
1,German-Tiger,306,11.420041,11.419834,1,2.475209,7.322125,0.001542,0.099958,1.072084,4.579877,0.356625,0.000000,0.000000
1,German-Tiger,307,12.895833,12.895667,0,0.000042,7.629958,0.001875,0.095000,4.933250,4.886545,0.359208,0.000000,0.000000
1,German-Tiger,308,14.782292,14.782167,1,2.530500,7.226125,0.001667,0.098333,4.622208,4.560668,0.370500,0.000000,0.000000
1,German-Tiger,309,9.727375,9.727250,0,0.000083,7.390125,0.001792,0.117208,1.951250,4.568336,0.326875,0.000000,0.000000
1,German-Tiger,310,11.176500,11.176375,1,2.551167,7.568417,0.002166,0.107334,0.641417,4.685629,0.336501,0.000000,0.000000
1,German-Tiger,311,11.500167,11.500042,0,0.000042,7.383750,0.001750,0.096875,3.768875,4.669583,0.350709,0.000000,0.000000
1,German-Tiger,312,10.907291,10.907084,1,2.544958,7.353125,0.001542,0.080917,0.656083,4.703946,0.338916,0.000000,0.000000
1,German-Tiger,313,9.027208,9.027083,0,0.000000,7.294417,0.002291,0.099792,1.386542,4.599786,0.337668,0.000000,0.000000
1,German-Tiger,314,14.714208,14.714084,1,2.667666,7.557542,0.001500,0.114458,4.072334,4.716792,0.325000,0.000000,0.000000
1,German-Tiger,315,8.789458,8.789333,0,0.000125,7.337166,0.001709,0.090667,1.123459,4.685042,0.345002,0.000000,0.000000
1,German-Tiger,316,10.999459,10.999166,1,2.542791,7.410334,0.002250,0.094333,0.662917,4.698830,0.352418,0.000000,0.000000
1,German-Tiger,317,12.690625,12.690292,0,0.000041,7.409292,0.001583,0.095958,4.935625,4.692837,0.328415,0.000000,0.000000
1,German-Tiger,318,11.116000,11.115875,1,2.631459,7.435750,0.001917,0.080333,0.689125,4.738327,0.350710,0.000000,0.000000
1,German-Tiger,319,8.572375,8.572291,0,0.000042,7.376167,0.001625,0.093583,0.852917,4.687419,0.356164,0.000000,0.000000
1,German-Tiger,320,14.572916,14.572792,1,2.528250,7.089334,0.001708,0.077166,4.608583,4.488038,0.326833,0.000000,0.000000
1,German-Tiger,321,8.611750,8.611666,0,0.000125,7.719250,0.001750,0.096334,0.555209,4.821246,0.340208,0.000000,0.000000
1,German-Tiger,322,12.129917,12.129584,1,2.470125,7.368042,0.001959,0.090000,1.903916,4.636914,0.335291,0.000000,0.000000
1,German-Tiger,323,11.742292,11.742167,0,0.000083,7.584917,0.001791,0.098875,3.823000,4.777008,0.355249,0.000000,0.000000
1,German-Tiger,324,10.713292,10.713208,1,2.535917,7.173875,0.001667,0.094459,0.592333,4.609878,0.331666,0.000000,0.000000
1,German-Tiger,325,9.200125,9.199917,0,0.000042,7.552333,0.002500,0.108042,1.181000,4.684921,0.335374,0.000000,0.000000
1,German-Tiger,326,13.693583,13.693334,1,2.455500,7.247000,0.001916,0.104208,3.576625,4.504287,0.338751,0.000000,0.000000
1,German-Tiger,327,8.725167,8.725083,0,0.000125,7.637542,0.001750,0.164875,0.666000,4.837909,0.339124,0.000000,0.000000
1,German-Tiger,328,11.234875,11.234500,1,2.476708,7.431416,0.001750,0.089792,0.944333,4.648261,0.323333,0.000000,0.000000
1,German-Tiger,329,8.524792,8.524666,0,0.000708,7.402041,0.001833,0.100917,0.772875,4.725422,0.339001,0.000000,0.000000
1,German-Tiger,330,11.612583,11.612458,1,2.559334,7.487666,0.001917,0.241875,0.994542,4.635497,0.339418,0.000000,0.000000
1,German-Tiger,331,11.946417,11.946333,0,0.000084,7.382167,0.001584,0.083000,4.258625,4.681871,0.333291,0.000000,0.000000
1,German-Tiger,332,14.735917,14.735667,1,2.628791,7.274083,0.002500,0.093959,4.454375,4.627297,0.353958,0.000000,0.000000
1,German-Tiger,333,8.540292,8.540083,0,0.000083,7.316250,0.002500,0.116500,0.829292,4.625627,0.334375,0.000000,0.000000
1,German-Tiger,334,12.426584,12.426250,1,2.578791,7.350375,0.002125,0.124500,2.071583,4.582053,0.354168,0.000000,0.000000
1,German-Tiger,335,12.442542,12.442333,0,0.000000,7.437125,0.002416,0.124792,4.589334,4.721590,0.342040,0.000000,0.000000
1,German-Tiger,336,11.257750,11.256583,1,2.580500,7.475584,0.002125,0.092542,0.758833,4.739281,0.347084,0.000000,0.000000
1,German-Tiger,337,8.835625,8.835542,0,0.000000,7.766959,0.002291,0.103000,0.695458,4.836127,0.402042,0.000000,0.000000
1,German-Tiger,338,13.597583,13.596083,1,2.652375,7.285334,0.002167,0.093500,3.258292,4.610792,0.342957,0.000000,0.000000
1,German-Tiger,339,8.375333,8.375125,0,0.000209,7.337625,0.001625,0.106917,0.674250,4.691911,0.335166,0.000000,0.000000
1,German-Tiger,340,11.328750,11.328541,1,2.475333,7.374292,0.001917,0.087917,1.100709,4.649005,0.381541,0.000000,0.000000
1,German-Tiger,341,13.159917,13.159708,0,0.000000,7.428042,0.001625,0.094167,5.383541,4.696536,0.331418,0.000000,0.000000
1,German-Tiger,342,11.253708,11.253583,1,2.687250,7.381667,0.002291,0.114500,0.758583,4.644836,0.329957,0.000000,0.000000
1,German-Tiger,343,8.852791,8.852542,0,0.000416,7.664958,0.002000,0.166792,0.748541,4.816170,0.412333,0.000000,0.000000
1,German-Tiger,344,13.372584,13.372083,1,2.492667,7.450708,0.002167,0.130083,3.011750,4.625588,0.345999,0.000000,0.000000
1,German-Tiger,345,8.511666,8.511584,0,0.000041,7.487875,0.001750,0.102583,0.672583,4.688847,0.410831,0.000000,0.000000
1,German-Tiger,346,12.341209,12.341000,1,2.455334,7.465042,0.001750,0.127333,1.988083,4.676296,0.343543,0.000000,0.000000
1,German-Tiger,347,12.667250,12.666833,0,0.000041,7.449292,0.001708,0.101459,4.850333,4.700927,0.350169,0.000000,0.000000
1,German-Tiger,348,14.531083,14.530709,1,2.721000,7.621917,0.001875,0.103916,3.774708,4.770533,0.331583,0.000000,0.000000
1,German-Tiger,349,8.352959,8.218750,0,0.000500,7.320625,0.001625,0.080958,0.574709,4.601127,0.364167,0.000000,0.000000
1,German-Tiger,350,12.496917,12.496791,1,2.465875,7.304083,0.001583,0.079292,2.373417,4.558123,0.327916,0.000000,0.000000
1,German-Tiger,351,8.355750,8.355666,0,0.000125,7.399209,0.001875,0.113292,0.593917,4.666502,0.340290,0.000000,0.000000
1,German-Tiger,352,13.413292,13.413000,1,2.490166,7.264500,0.002209,0.092750,2.463958,4.499968,0.346124,0.000000,0.000000
1,German-Tiger,353,10.855625,10.855500,0,0.000083,7.570833,0.001625,0.095292,2.956083,4.777132,0.336708,0.000000,0.000000
1,German-Tiger,354,14.751292,14.751041,1,2.563541,7.275125,0.001500,0.070417,4.588042,4.606865,0.331873,0.000000,0.000000
1,German-Tiger,355,8.537917,8.537666,0,0.000125,7.627917,0.002167,0.108041,0.525542,4.700958,0.335666,0.000000,0.000000
1,German-Tiger,356,13.184417,13.184208,1,2.455000,7.193542,0.001667,0.081542,3.172333,4.546214,0.343541,0.000000,0.000000
1,German-Tiger,357,12.837333,12.837250,0,0.000000,7.485791,0.001500,0.103916,5.025542,4.771836,0.337000,0.000000,0.000000
1,German-Tiger,358,15.823750,15.823625,1,2.410334,7.437584,0.001583,0.080250,5.590250,4.626506,0.405041,0.000000,0.000000
1,German-Tiger,359,8.808750,8.808500,0,0.000209,7.446459,0.001875,0.087458,1.032791,4.629790,0.330959,0.000000,0.000000
1,German-Tiger,360,11.284833,11.284709,1,2.546875,7.258208,0.001666,0.074500,1.142500,4.558796,0.334834,0.000000,0.000000
1,German-Tiger,361,12.324583,12.324459,0,0.000041,7.482375,0.001250,0.071000,4.558833,4.668243,0.331833,0.000000,0.000000
1,German-Tiger,362,10.887542,10.887209,1,2.561042,7.354417,0.001625,0.083125,0.614042,4.639500,0.336000,0.000000,0.000000
1,German-Tiger,363,9.178458,9.178167,0,0.000000,7.402416,0.001833,0.152541,1.358417,4.641374,0.349875,0.000000,0.000000
1,German-Tiger,364,15.395625,15.395416,1,2.527666,7.485209,0.003333,0.079833,4.992458,4.789579,0.360250,0.000000,0.000000
1,German-Tiger,365,8.514750,8.514584,0,0.000209,7.554917,0.001375,0.077250,0.650958,4.729829,0.346581,0.000000,0.000000
1,German-Tiger,366,11.823084,11.823000,1,2.482917,7.353917,0.001584,0.416125,1.271500,4.625826,0.328876,0.000000,0.000000
1,German-Tiger,367,12.789500,12.789167,0,0.000041,7.443917,0.001834,0.077500,5.048459,4.720169,0.359000,0.000000,0.000000
1,German-Tiger,368,14.452208,14.451917,1,2.585833,7.306167,0.001875,0.080542,4.188000,4.587089,0.352625,0.000000,0.000000
1,German-Tiger,369,8.503208,8.503084,0,0.000125,7.449292,0.001958,0.090250,0.710791,4.667796,0.354792,0.000000,0.000000
1,German-Tiger,370,11.394084,11.393958,1,2.433792,7.387375,0.001584,0.082042,1.210750,4.561632,0.361833,0.000000,0.000000
1,German-Tiger,371,8.367625,8.367541,0,0.000042,7.257959,0.001542,0.090584,0.806625,4.572326,0.339915,0.000000,0.000000
1,German-Tiger,372,12.243417,12.243167,1,2.497000,7.223334,0.001584,0.165542,1.966542,4.532283,0.339333,0.000000,0.000000
1,German-Tiger,373,11.854750,11.854625,0,0.000042,7.638958,0.001917,0.088416,3.885417,4.806046,0.356000,0.000000,0.000000
1,German-Tiger,374,14.821167,14.821083,1,2.623875,7.392167,0.001792,0.094125,4.420459,4.612249,0.331293,0.000000,0.000000
1,German-Tiger,375,8.579708,8.579625,0,0.000125,7.133666,0.001542,0.089583,1.112458,4.540801,0.325374,0.000000,0.000000
1,German-Tiger,376,11.408083,11.407833,1,2.562042,7.361417,0.001584,0.162417,0.965959,4.709292,0.333041,0.000000,0.000000
1,German-Tiger,377,8.469583,8.469458,0,0.000042,7.250833,0.001625,0.080375,0.910292,4.498247,0.330042,0.000000,0.000000
1,German-Tiger,378,10.914459,10.914333,1,2.511333,7.339291,0.001541,0.075875,0.725125,4.599880,0.359875,0.000000,0.000000
1,German-Tiger,379,12.322167,12.322000,0,0.000417,7.397667,0.001375,0.071250,4.640000,4.635867,0.339791,0.000000,0.000000
1,German-Tiger,380,15.008375,15.008208,1,2.493000,7.197334,0.001833,0.126583,4.939125,4.546992,0.343625,0.000000,0.000000
1,German-Tiger,381,8.494458,8.494375,0,0.000167,7.478167,0.001708,0.092958,0.681792,4.644499,0.350084,0.000000,0.000000
1,German-Tiger,382,12.254666,12.254542,1,2.487667,7.304209,0.001792,0.094584,2.106125,4.512173,0.326457,0.000000,0.000000
1,German-Tiger,383,12.611875,12.611667,0,0.000125,7.603292,0.001875,0.103708,4.671583,4.738501,0.376916,0.000000,0.000000
1,German-Tiger,384,10.822833,10.822750,1,2.529667,7.219292,0.001500,0.123167,0.692667,4.559213,0.360250,0.000000,0.000000
1,German-Tiger,385,8.757583,8.757417,0,0.000041,7.311917,0.001583,0.136500,1.053750,4.534040,0.329916,0.000000,0.000000
1,German-Tiger,386,15.113500,15.113417,1,2.515209,7.146959,0.002292,0.088291,5.080083,4.484405,0.328292,0.000000,0.000000
1,German-Tiger,387,10.325458,10.325375,0,0.000125,7.418000,0.001500,0.089833,2.577333,4.696040,0.353125,0.000000,0.000000
1,German-Tiger,388,11.304167,11.304000,1,2.529708,7.648000,0.002083,0.092792,0.754750,4.825505,0.336124,0.000000,0.000000
1,German-Tiger,389,13.383833,13.383542,0,0.000500,7.489375,0.002333,0.096625,5.519416,4.805789,0.343208,0.000000,0.000000
1,German-Tiger,390,14.309250,14.309208,1,2.451625,7.371916,0.002084,0.083250,4.136417,4.653622,0.333916,0.000000,0.000000
1,German-Tiger,391,17.236916,17.236792,0,0.000041,7.383250,0.001500,0.148500,9.473333,4.714179,0.340043,0.000000,0.000000
1,German-Tiger,392,14.624708,14.624625,1,2.457834,7.393083,0.001750,0.073292,4.438666,4.599751,0.331290,0.000000,0.000000
1,German-Tiger,393,8.510666,8.510542,0,0.000125,7.614292,0.001417,0.101667,0.561875,4.623048,0.423667,0.000000,0.000000
1,German-Tiger,394,11.528500,11.528375,1,2.447875,7.310000,0.001917,0.161000,1.317708,4.549588,0.325668,0.000000,0.000000
1,German-Tiger,395,8.458708,8.458584,0,0.000000,7.378875,0.001708,0.076959,0.761541,4.620115,0.329710,0.000000,0.000000
1,German-Tiger,396,10.733875,10.733750,1,2.467167,7.225500,0.002042,0.232541,0.536458,4.592705,0.322501,0.000000,0.000000
1,German-Tiger,397,10.208250,10.208083,0,0.000000,7.182708,0.001458,0.081333,2.723416,4.513286,0.321752,0.000000,0.000000
1,German-Tiger,398,10.753042,10.752833,1,2.459083,7.358333,0.001500,0.090333,0.562167,4.687547,0.340040,0.000000,0.000000
1,German-Tiger,399,9.583084,9.582958,0,0.000000,7.232208,0.001375,0.084959,2.035417,4.526373,0.323124,0.000000,0.000000
1,German-Tiger,400,16.109750,16.109625,1,2.561459,7.461292,0.001458,0.066208,5.783000,4.713453,0.346668,0.000000,0.000000
1,German-Tiger,401,8.455500,8.455375,0,0.000041,7.497333,0.001875,0.069416,0.674708,4.745793,0.344458,0.000000,0.000000
1,German-Tiger,402,10.981666,10.981542,1,2.547291,7.368084,0.001667,0.125083,0.650541,4.630830,0.328541,0.000000,0.000000
1,German-Tiger,403,12.633875,12.633708,0,0.000167,7.269917,0.001333,0.074125,5.082625,4.605962,0.335334,0.000000,0.000000
1,German-Tiger,404,10.873250,10.873125,1,2.614750,7.282667,0.001875,0.075208,0.642125,4.621333,0.345460,0.000000,0.000000
1,German-Tiger,405,9.331250,9.331166,0,0.000083,7.281917,0.001875,0.092500,1.726500,4.525250,0.325375,0.000000,0.000000
1,German-Tiger,406,13.336166,13.336084,1,2.467625,7.248709,0.001417,0.129292,3.237667,4.571495,0.335584,0.000000,0.000000
1,German-Tiger,407,8.339417,8.329916,0,0.000000,7.340458,0.001709,0.070833,0.667834,4.715954,0.326916,0.000000,0.000000
1,German-Tiger,408,10.996791,10.996709,1,2.522708,7.269583,0.001666,0.101583,0.814583,4.524795,0.326375,0.000000,0.000000
1,German-Tiger,409,8.341875,8.317875,0,0.000042,7.397292,0.001583,0.073583,0.624750,4.692007,0.324833,0.000000,0.000000
1,German-Tiger,410,11.121208,11.121125,1,2.464917,7.492542,0.001709,0.150375,0.735750,4.549037,0.363290,0.000000,0.000000
1,German-Tiger,411,11.743542,11.743416,0,0.000042,7.320125,0.001417,0.094875,4.109792,4.626587,0.339584,0.000000,0.000000
1,German-Tiger,412,14.835292,14.835167,1,2.514667,7.168084,0.001709,0.071792,4.827750,4.532206,0.324709,0.000000,0.000000
1,German-Tiger,413,8.490084,8.489958,0,0.000125,7.572084,0.001500,0.099917,0.577667,4.680300,0.381332,0.000000,0.000000
1,German-Tiger,414,13.278375,13.277917,1,2.484875,7.306917,0.001583,0.088375,3.126625,4.622706,0.403959,0.000000,0.000000
1,German-Tiger,415,12.967500,12.967416,0,0.000208,7.374667,0.001625,0.077667,5.265416,4.653370,0.323875,0.000000,0.000000
1,German-Tiger,416,10.864958,10.864917,1,2.529458,7.308542,0.001708,0.078875,0.688583,4.673789,0.338957,0.000000,0.000000
1,German-Tiger,417,9.478166,9.478084,0,0.000000,7.335041,0.001625,0.082375,1.842541,4.621082,0.331083,0.000000,0.000000
1,German-Tiger,418,13.184166,13.184042,1,2.588167,7.304834,0.001542,0.095792,2.954625,4.632170,0.328376,0.000000,0.000000
1,German-Tiger,419,8.471834,8.471541,0,0.000042,7.325875,0.001584,0.167833,0.745292,4.565448,0.333209,0.000000,0.000000
1,German-Tiger,420,12.783833,12.783792,1,2.547583,7.540542,0.001791,0.097250,2.332792,4.674836,0.358875,0.000000,0.000000
1,German-Tiger,421,11.020250,11.020167,0,0.000000,7.469333,0.001417,0.074292,3.266417,4.789703,0.335458,0.000000,0.000000
1,German-Tiger,422,10.820083,10.820000,1,2.402125,7.392375,0.001708,0.100959,0.643667,4.669167,0.344125,0.000000,0.000000
1,German-Tiger,423,9.434625,9.434542,0,0.000041,7.323750,0.001708,0.083708,1.794208,4.618711,0.353833,0.000000,0.000000
1,German-Tiger,424,15.472000,15.471917,1,2.481583,7.410209,0.002208,0.088791,5.105667,4.677756,0.329832,0.000000,0.000000
1,German-Tiger,425,8.339000,8.332166,0,0.000250,7.357125,0.001667,0.073417,0.674750,4.636372,0.358834,0.000000,0.000000
1,German-Tiger,426,13.490208,13.490041,1,2.456250,7.308292,0.002125,0.129541,2.789792,4.601366,0.337999,0.000000,0.000000
1,German-Tiger,427,10.583041,10.582917,0,0.000375,7.500292,0.001500,0.076250,2.774042,4.839954,0.340541,0.000000,0.000000
1,German-Tiger,428,14.571458,14.571166,1,2.574875,7.644541,0.001583,0.096000,3.997500,4.611791,0.573124,0.000000,0.000000
1,USA-T95,0,12.709875,12.709709,0,0.000042,7.446000,0.001833,0.079792,4.949292,4.625624,0.341417,0.000000,0.000000
1,USA-T95,1,10.953709,10.953458,1,2.724333,7.262334,0.001709,0.068959,0.636125,4.461540,0.324293,0.000000,0.000000
1,USA-T95,2,8.722583,8.722459,0,0.000000,7.616084,0.001875,0.100000,0.749209,4.816209,0.339750,0.000000,0.000000
1,USA-T95,3,15.111375,15.110958,1,2.592375,7.324417,0.001750,0.086083,4.817583,4.555087,0.334583,0.000000,0.000000
1,USA-T95,4,8.527042,8.526958,0,0.000000,7.512541,0.001709,0.068709,0.719916,4.631786,0.336666,0.000000,0.000000
1,USA-T95,5,11.330125,11.330000,1,2.690166,7.619375,0.002167,0.081417,0.636625,4.685370,0.346375,0.000000,0.000000
1,USA-T95,6,11.717542,11.717458,0,0.000000,7.450667,0.001417,0.080375,3.958875,4.621792,0.339917,0.000000,0.000000
1,USA-T95,7,11.241000,11.240875,1,2.685625,7.419750,0.001666,0.077167,0.795541,4.579747,0.348582,0.000000,0.000000
1,USA-T95,8,8.828334,8.828208,0,0.000042,7.324292,0.001375,0.082042,1.197167,4.570463,0.320541,0.000000,0.000000
1,USA-T95,9,13.727667,13.727583,1,2.590917,7.324417,0.001542,0.067750,3.503083,4.604203,0.333958,0.000000,0.000000
1,USA-T95,10,8.560250,8.560083,0,0.000167,7.533417,0.001709,0.072958,0.713792,4.706541,0.326209,0.000000,0.000000
1,USA-T95,11,11.252375,11.252333,1,2.638583,7.374542,0.001500,0.214417,0.751584,4.589573,0.363626,0.000000,0.000000
1,USA-T95,12,12.250209,12.250125,0,0.000041,7.517958,0.001417,0.072917,4.443917,4.661632,0.330834,0.000000,0.000000
1,USA-T95,13,11.189334,11.189208,1,2.668541,7.411834,0.001584,0.076166,0.694250,4.626838,0.322250,0.000000,0.000000
1,USA-T95,14,8.700792,8.700625,0,0.000125,7.454000,0.001459,0.114542,0.886709,4.662131,0.335251,0.000000,0.000000
1,USA-T95,15,14.885500,14.885416,1,2.653041,7.318500,0.001417,0.081875,4.555708,4.626294,0.335332,0.000000,0.000000
1,USA-T95,16,8.453250,8.453042,0,0.000000,7.415125,0.001583,0.071750,0.730750,4.560336,0.370250,0.000000,0.000000
1,USA-T95,17,11.502041,11.501834,1,2.724958,7.633750,0.001792,0.080791,0.777084,4.727914,0.336624,0.000000,0.000000
1,USA-T95,18,13.475792,13.475708,0,0.000042,7.578166,0.001291,0.127500,5.525583,4.722544,0.389458,0.000000,0.000000
1,USA-T95,19,14.711750,14.711583,1,2.614459,7.659166,0.001458,0.082375,4.076667,4.772512,0.321585,0.000000,0.000000
1,USA-T95,20,8.348125,8.348000,0,0.000125,7.499792,0.001459,0.108709,0.501042,4.618347,0.368667,0.000000,0.000000
1,USA-T95,21,11.466417,11.466250,1,2.601958,7.500833,0.001542,0.086292,0.971500,4.618746,0.336834,0.000000,0.000000
1,USA-T95,22,8.441292,8.441000,0,0.000000,7.492208,0.001750,0.073958,0.642500,4.687255,0.334918,0.000000,0.000000
1,USA-T95,23,11.316750,11.316625,1,2.557625,7.487708,0.001500,0.082917,0.914583,4.597910,0.397373,0.000000,0.000000
1,USA-T95,24,13.293458,13.293333,0,0.000042,7.648291,0.001417,0.079250,5.323542,4.891628,0.330542,0.000000,0.000000
1,USA-T95,25,15.176000,15.175917,1,2.683958,7.337958,0.001792,0.076791,4.819542,4.546376,0.324794,0.000000,0.000000
1,USA-T95,26,8.477792,8.477583,0,0.000000,7.497333,0.001375,0.076625,0.648000,4.589122,0.325792,0.000000,0.000000
1,USA-T95,27,11.807167,11.807042,1,2.750500,7.314625,0.002041,0.102125,1.141750,4.526584,0.337042,0.000000,0.000000
1,USA-T95,28,13.292542,13.292291,0,0.000000,7.559084,0.001583,0.068500,5.425417,4.695711,0.370001,0.000000,0.000000
1,USA-T95,29,16.168416,16.168292,1,2.715791,7.362125,0.001958,0.073542,5.746500,4.570704,0.356543,0.000000,0.000000
1,USA-T95,30,8.422458,8.422208,0,0.000125,7.478667,0.001417,0.093125,0.576833,4.623168,0.347041,0.000000,0.000000
1,USA-T95,31,11.891250,11.891125,1,2.761042,7.343292,0.001708,0.095834,1.328500,4.591421,0.325541,0.000000,0.000000
1,USA-T95,32,13.242417,13.242333,0,0.000041,7.603750,0.001583,0.069542,5.326417,4.708456,0.333292,0.000000,0.000000
1,USA-T95,33,15.866000,15.865833,1,2.695291,7.637459,0.001875,0.086042,5.148875,4.714590,0.341668,0.000000,0.000000
1,USA-T95,34,8.341250,8.316542,0,0.000125,7.331458,0.001833,0.124583,0.577375,4.589127,0.325748,0.000000,0.000000
1,USA-T95,35,15.050500,15.050250,1,2.706500,7.424375,0.001625,0.169125,4.446917,4.584747,0.347708,0.000000,0.000000
1,USA-T95,36,12.681500,12.681291,0,0.000041,7.531792,0.002541,0.088292,4.838084,4.732958,0.364624,0.000000,0.000000
1,USA-T95,37,17.345833,17.345750,1,2.604500,7.408500,0.001708,0.082583,6.987917,4.594379,0.332794,0.000000,0.000000
1,USA-T95,38,13.667458,13.667333,0,0.000000,7.618375,0.001584,0.085583,5.698833,4.712622,0.336209,0.000000,0.000000
1,USA-T95,39,14.698750,14.698583,1,2.722666,7.457333,0.001500,0.109792,4.118708,4.652168,0.344709,0.000000,0.000000
1,USA-T95,40,10.674459,10.674417,0,0.000042,7.278584,0.001417,0.089250,3.053959,4.598165,0.338000,0.000000,0.000000
1,USA-T95,41,11.285666,11.285584,1,2.670875,7.367333,0.001541,0.074458,0.893917,4.616369,0.340002,0.000000,0.000000
1,USA-T95,42,11.649417,11.649333,0,0.000125,7.538542,0.001791,0.152583,3.729667,4.678749,0.334459,0.000000,0.000000
1,USA-T95,43,12.499625,12.499500,1,2.807750,7.252125,0.001709,0.108958,2.051208,4.504913,0.340585,0.000000,0.000000
1,USA-T95,44,8.682584,8.682416,0,0.000042,7.502041,0.001583,0.080791,0.769584,4.740541,0.336124,0.000000,0.000000
1,USA-T95,45,13.566209,13.566125,1,2.661833,7.371750,0.001959,0.074000,3.200291,4.552297,0.332001,0.000000,0.000000
1,USA-T95,46,8.509750,8.509666,0,0.000042,7.556833,0.001625,0.091500,0.626542,4.716293,0.402501,0.000000,0.000000
1,USA-T95,47,12.500916,12.500792,1,2.639417,7.224542,0.001458,0.085500,2.282708,4.487745,0.329917,0.000000,0.000000
1,USA-T95,48,12.494917,12.494833,0,0.000000,7.493666,0.001416,0.077417,4.687792,4.708121,0.348958,0.000000,0.000000
1,USA-T95,49,14.770500,14.770209,1,2.758041,7.553083,0.001833,0.070541,4.109167,4.739794,0.328292,0.000000,0.000000
1,USA-T95,50,8.448958,8.448834,0,0.000166,7.521709,0.001500,0.132375,0.540583,4.655256,0.378417,0.000000,0.000000
1,USA-T95,51,11.979291,11.978875,1,2.657916,7.365958,0.001584,0.088250,1.571375,4.553249,0.334584,0.000000,0.000000
1,USA-T95,52,8.688459,8.688375,0,0.000250,7.693875,0.001500,0.084750,0.671584,4.781332,0.340543,0.000000,0.000000
1,USA-T95,53,11.532416,11.532292,1,2.708292,7.570084,0.002625,0.112833,0.875667,4.562662,0.483833,0.000000,0.000000
1,USA-T95,54,11.549458,11.549291,0,0.000000,7.351959,0.001625,0.075500,3.890583,4.539160,0.329208,0.000000,0.000000
1,USA-T95,55,14.851125,14.851042,1,2.587208,7.389542,0.001542,0.073917,4.537959,4.536669,0.354624,0.000000,0.000000
1,USA-T95,56,8.710834,8.710458,0,0.000042,7.628250,0.001500,0.124375,0.671084,4.732169,0.386502,0.000000,0.000000
1,USA-T95,57,12.700625,12.700458,1,2.805166,7.387542,0.001583,0.089208,2.148375,4.504409,0.327208,0.000000,0.000000
1,USA-T95,58,11.941166,11.941084,0,0.000042,7.395542,0.001500,0.078750,4.211041,4.580244,0.341582,0.000000,0.000000
1,USA-T95,59,11.720833,11.720750,1,2.797667,7.647542,0.002042,0.102792,0.711375,4.733029,0.321832,0.000000,0.000000
1,USA-T95,60,9.525625,9.525500,0,0.000000,7.448084,0.001667,0.101083,1.740875,4.558087,0.328166,0.000000,0.000000
1,USA-T95,61,15.231084,15.231042,1,2.661250,7.513375,0.001833,0.084667,4.700500,4.726132,0.338084,0.000000,0.000000
1,USA-T95,62,8.343583,8.298458,0,0.000292,7.354917,0.001417,0.065042,0.654750,4.621221,0.353168,0.000000,0.000000
1,USA-T95,63,11.009500,11.009417,1,2.617500,7.400834,0.001458,0.063000,0.676083,4.637030,0.341790,0.000000,0.000000
1,USA-T95,64,12.510792,12.510666,0,0.000042,7.339500,0.001375,0.086041,4.854500,4.557297,0.336668,0.000000,0.000000
1,USA-T95,65,16.045833,16.045625,1,2.611417,7.421333,0.002042,0.125042,5.609208,4.602992,0.338750,0.000000,0.000000
1,USA-T95,66,8.725459,8.725292,0,0.000042,7.582666,0.001375,0.112334,0.786375,4.744828,0.394209,0.000000,0.000000
1,USA-T95,67,11.388708,11.388625,1,2.614459,7.411125,0.001542,0.088375,1.002500,4.526342,0.458999,0.000000,0.000000
1,USA-T95,68,14.755250,14.755000,0,0.000042,7.609709,0.001542,0.080750,6.831209,4.731138,0.333792,0.000000,0.000000
1,USA-T95,69,14.814500,14.814333,1,2.708958,7.454541,0.001500,0.068959,4.312542,4.692796,0.341169,0.000000,0.000000
1,USA-T95,70,8.338208,8.338125,0,0.000458,7.406958,0.001458,0.088333,0.580459,4.515030,0.440290,0.000000,0.000000
1,USA-T95,71,11.345083,11.344834,1,2.636625,7.491125,0.001917,0.114834,0.782625,4.645249,0.320876,0.000000,0.000000
1,USA-T95,72,8.643916,8.643750,0,0.000042,7.605958,0.001709,0.099625,0.691458,4.762664,0.324791,0.000000,0.000000
1,USA-T95,73,11.324208,11.324084,1,2.665792,7.268417,0.001750,0.210625,0.907792,4.542923,0.350832,0.000000,0.000000
1,USA-T95,74,11.820542,11.820458,0,0.000041,7.483334,0.001250,0.072208,4.046750,4.670747,0.370083,0.000000,0.000000
1,USA-T95,75,15.501917,15.501833,1,2.713541,7.688667,0.001375,0.068666,4.779375,4.735637,0.340168,0.000000,0.000000
1,USA-T95,76,8.499708,8.499583,0,0.000291,7.548167,0.001500,0.079875,0.638042,4.710488,0.369624,0.000000,0.000000
1,USA-T95,77,11.115417,11.115292,1,2.634125,7.337292,0.001833,0.099084,0.756166,4.550743,0.334543,0.000000,0.000000
1,USA-T95,78,13.710250,13.710084,0,0.000000,7.627167,0.001292,0.070292,5.796167,4.689540,0.327626,0.000000,0.000000
1,USA-T95,79,11.233916,11.233667,1,2.716625,7.514541,0.001667,0.078541,0.659916,4.608289,0.345125,0.000000,0.000000
1,USA-T95,80,9.528875,9.528667,0,0.000000,7.494792,0.001625,0.097334,1.681708,4.698787,0.374210,0.000000,0.000000
1,USA-T95,81,14.376459,14.376375,1,2.826833,7.438208,0.001625,0.102042,3.727166,4.620998,0.344293,0.000000,0.000000
1,USA-T95,82,8.552750,8.552625,0,0.000000,7.594584,0.001708,0.079291,0.645625,4.751376,0.328499,0.000000,0.000000
1,USA-T95,83,11.172083,11.172000,1,2.607125,7.521708,0.001333,0.076584,0.707917,4.624671,0.334832,0.000000,0.000000
1,USA-T95,84,12.106542,12.106458,0,0.000041,7.420417,0.001458,0.072167,4.392542,4.603291,0.320375,0.000000,0.000000
1,USA-T95,85,10.953958,10.953875,1,2.685542,7.339417,0.002041,0.069584,0.597625,4.548029,0.336001,0.000000,0.000000
1,USA-T95,86,9.276333,9.276250,0,0.000042,7.299000,0.001417,0.099417,1.632042,4.438251,0.323209,0.000000,0.000000
1,USA-T95,87,13.210833,13.210709,1,2.618167,7.281750,0.001417,0.069958,2.986042,4.534508,0.318041,0.000000,0.000000
1,USA-T95,88,8.359125,8.359042,0,0.000125,7.420625,0.001417,0.071250,0.640708,4.642503,0.327459,0.000000,0.000000
1,USA-T95,89,11.247417,11.247333,1,2.649417,7.305000,0.001958,0.097166,0.916292,4.509467,0.327750,0.000000,0.000000
1,USA-T95,90,13.573666,13.573500,0,0.000000,7.595583,0.001666,0.083959,5.646792,4.688248,0.354542,0.000000,0.000000
1,USA-T95,91,11.003458,11.003333,1,2.565125,7.479000,0.001500,0.081333,0.602958,4.669593,0.329542,0.000000,0.000000
1,USA-T95,92,9.480000,9.479917,0,0.000042,7.375792,0.001500,0.080291,1.789625,4.602004,0.349750,0.000000,0.000000
1,USA-T95,93,12.841000,12.840916,1,2.627292,7.453416,0.001750,0.072125,2.418000,4.594421,0.326668,0.000000,0.000000
1,USA-T95,94,8.455042,8.454875,0,0.000042,7.424292,0.002125,0.085917,0.687292,4.536791,0.330419,0.000000,0.000000
1,USA-T95,95,11.242625,11.242500,1,2.602667,7.406750,0.001666,0.104291,0.794000,4.594794,0.352542,0.000000,0.000000
1,USA-T95,96,11.246833,11.246750,0,0.000000,7.369584,0.001625,0.071792,3.596333,4.600171,0.327666,0.000000,0.000000
1,USA-T95,97,11.009167,11.009041,1,2.662959,7.391667,0.001709,0.071959,0.628959,4.657302,0.328165,0.000000,0.000000
1,USA-T95,98,10.573500,10.573375,0,0.000083,7.320375,0.001500,0.084625,2.938750,4.570168,0.363750,0.000000,0.000000
1,USA-T95,99,14.926209,14.926083,1,2.743583,7.479708,0.001542,0.080083,4.342667,4.653287,0.331667,0.000000,0.000000
1,USA-T95,100,8.356792,8.356708,0,0.000125,7.382875,0.001458,0.081500,0.658958,4.608000,0.346916,0.000000,0.000000
1,USA-T95,101,13.095291,13.095167,1,2.687250,7.301750,0.001541,0.151791,2.689000,4.537371,0.338541,0.000000,0.000000
1,USA-T95,102,12.513125,12.512917,0,0.000041,7.538625,0.001834,0.086667,4.657917,4.759748,0.371959,0.000000,0.000000
1,USA-T95,103,15.673625,15.673542,1,2.838417,7.513125,0.001625,0.074333,4.959417,4.747962,0.320502,0.000000,0.000000
1,USA-T95,104,8.755333,8.755250,0,0.000000,7.743541,0.001750,0.093500,0.636625,4.801671,0.339499,0.000000,0.000000
1,USA-T95,105,11.603458,11.603209,1,2.641416,7.268792,0.001541,0.899291,0.517667,4.489506,0.338083,0.000000,0.000000
1,USA-T95,106,12.524000,12.523875,0,0.000041,7.669458,0.001417,0.071250,4.509875,4.798742,0.362876,0.000000,0.000000
1,USA-T95,107,14.707208,14.706959,1,2.723917,7.429292,0.001750,0.080875,4.166833,4.594449,0.335085,0.000000,0.000000
1,USA-T95,108,9.081250,9.080958,0,0.000042,7.405708,0.001458,0.090334,1.340791,4.600334,0.353043,0.000000,0.000000
1,USA-T95,109,12.922708,12.922625,1,2.670292,7.414375,0.006250,0.090292,2.449958,4.488076,0.327708,0.000000,0.000000
1,USA-T95,110,11.497000,11.496917,0,0.000041,7.528792,0.001708,0.098459,3.625834,4.691675,0.334084,0.000000,0.000000
1,USA-T95,111,11.141375,11.141250,1,2.628375,7.396500,0.001916,0.131042,0.622042,4.629299,0.336125,0.000000,0.000000
1,USA-T95,112,10.293541,10.293417,0,0.000000,7.381666,0.001334,0.084166,2.590875,4.527343,0.326251,0.000000,0.000000
1,USA-T95,113,13.352416,13.352334,1,2.844334,7.592875,0.001625,0.081625,2.543708,4.814872,0.330290,0.000000,0.000000
1,USA-T95,114,8.351750,8.351625,0,0.000042,7.385916,0.001459,0.088209,0.667833,4.589744,0.379000,0.000000,0.000000
1,USA-T95,115,11.398583,11.398459,1,2.577833,7.283917,0.001417,0.095167,1.159042,4.477461,0.340626,0.000000,0.000000
1,USA-T95,116,13.591292,13.591208,0,0.000042,7.487125,0.001375,0.074125,5.784625,4.644416,0.335165,0.000000,0.000000
1,USA-T95,117,11.197000,11.196916,1,2.807042,7.394458,0.001542,0.071125,0.624667,4.596883,0.332626,0.000000,0.000000
1,USA-T95,118,10.689959,10.689875,0,0.000042,7.394750,0.002292,0.438458,2.588083,4.616461,0.331334,0.000000,0.000000
1,USA-T95,119,13.252542,13.252292,1,2.658583,7.327083,0.001667,0.132875,2.865209,4.620913,0.341375,0.000000,0.000000
1,USA-T95,120,8.347333,8.347250,0,0.000000,7.325709,0.001667,0.096625,0.700334,4.589968,0.322249,0.000000,0.000000
1,USA-T95,121,11.233167,11.233042,1,2.669417,7.330125,0.001458,0.094291,0.819750,4.609927,0.331500,0.000000,0.000000
1,USA-T95,122,11.997916,11.997792,0,0.000042,7.330458,0.001375,0.071292,4.383167,4.548578,0.360083,0.000000,0.000000
1,USA-T95,123,11.043875,11.043791,1,2.580750,7.388209,0.001375,0.073125,0.732542,4.559207,0.327709,0.000000,0.000000
1,USA-T95,124,9.568875,9.568791,0,0.000041,7.342458,0.001417,0.099292,1.877333,4.549661,0.325374,0.000000,0.000000
1,USA-T95,125,13.448917,13.448791,1,2.668042,7.501083,0.001583,0.081083,2.928167,4.707419,0.346750,0.000000,0.000000
1,USA-T95,126,8.461834,8.461583,0,0.000000,7.452333,0.001875,0.082542,0.694000,4.691165,0.330543,0.000000,0.000000
1,USA-T95,127,11.744750,11.744667,1,2.648791,7.214708,0.001417,0.078917,1.533958,4.462131,0.323291,0.000000,0.000000
1,USA-T95,128,12.595750,12.595625,0,0.000000,7.589500,0.001458,0.074125,4.684958,4.728326,0.363166,0.000000,0.000000
1,USA-T95,129,14.816500,14.816417,1,2.812792,7.468333,0.001708,0.073250,4.217000,4.624141,0.330374,0.000000,0.000000
1,USA-T95,130,8.388041,8.387917,0,0.000166,7.491917,0.001500,0.088875,0.569417,4.648832,0.362415,0.000000,0.000000
1,USA-T95,131,12.204583,12.204417,1,2.677667,7.318209,0.001666,0.092458,1.821417,4.552545,0.332668,0.000000,0.000000
1,USA-T95,132,8.725334,8.725292,0,0.000000,7.664791,0.001500,0.080000,0.739500,4.837839,0.340167,0.000000,0.000000
1,USA-T95,133,11.194541,11.194459,1,2.690084,7.475708,0.001417,0.096916,0.652208,4.609911,0.372708,0.000000,0.000000
1,USA-T95,134,13.521708,13.521625,0,0.000042,7.471000,0.001500,0.076208,5.724167,4.610329,0.368917,0.000000,0.000000
1,USA-T95,135,13.936416,13.936292,1,2.628541,7.380125,0.001416,0.081625,3.591792,4.567463,0.332793,0.000000,0.000000
1,USA-T95,136,8.509417,8.509333,0,0.000042,7.528333,0.001917,0.082916,0.655000,4.657501,0.355875,0.000000,0.000000
1,USA-T95,137,12.572125,12.572000,1,2.683208,7.250750,0.001958,0.096167,2.255042,4.503912,0.334711,0.000000,0.000000
1,USA-T95,138,12.275333,12.275208,0,0.000000,7.414125,0.001667,0.075292,4.545250,4.609371,0.323416,0.000000,0.000000
1,USA-T95,139,11.194792,11.194542,1,2.577417,7.529833,0.001875,0.108833,0.635542,4.642703,0.338332,0.000000,0.000000
1,USA-T95,140,8.755916,8.755834,0,0.000042,7.344875,0.001625,0.085542,1.068041,4.570375,0.331708,0.000000,0.000000
1,USA-T95,141,13.584125,13.584042,1,2.555875,7.363375,0.001291,0.089250,3.328958,4.565660,0.337124,0.000000,0.000000
1,USA-T95,142,8.436125,8.435750,0,0.000083,7.493250,0.001833,0.086958,0.603083,4.676206,0.334125,0.000000,0.000000
1,USA-T95,143,12.678416,12.678292,1,2.656208,7.339917,0.001584,0.096792,2.302958,4.496961,0.347208,0.000000,0.000000
1,USA-T95,144,14.011000,14.010875,0,0.000000,7.500625,0.001584,0.084125,6.200667,4.660253,0.351999,0.000000,0.000000
1,USA-T95,145,16.486708,16.486542,1,2.697542,7.367208,0.001583,0.082542,6.066084,4.528553,0.338624,0.000000,0.000000
1,USA-T95,146,8.615916,8.615834,0,0.000000,7.508416,0.001833,0.113708,0.769083,4.615167,0.350751,0.000000,0.000000
1,USA-T95,147,12.530083,12.530041,1,2.624958,7.375875,0.001417,0.086250,2.168708,4.648959,0.363042,0.000000,0.000000
1,USA-T95,148,11.521708,11.521500,0,0.000000,7.608208,0.001542,0.070584,3.601916,4.744206,0.360419,0.000000,0.000000
1,USA-T95,149,16.343083,16.342917,1,2.642500,7.447000,0.001417,0.075250,5.912834,4.593577,0.343916,0.000000,0.000000
1,USA-T95,150,9.033125,9.032708,0,0.000000,7.929583,0.002417,0.107375,0.712625,4.876211,0.350792,0.000000,0.000000
1,USA-T95,151,11.678084,11.677916,1,2.595042,7.570500,0.001750,0.094875,1.122000,4.677294,0.353334,0.000000,0.000000
1,USA-T95,152,11.370750,11.370625,0,0.000000,7.596041,0.001584,0.078041,3.447000,4.706791,0.328583,0.000000,0.000000
1,USA-T95,153,16.489417,16.489208,1,2.785375,7.621417,0.001959,0.100292,5.673000,4.638173,0.343627,0.000000,0.000000
1,USA-T95,154,8.934958,8.934667,0,0.000042,7.905542,0.002333,0.102541,0.638500,4.951827,0.346541,0.000000,0.000000
1,USA-T95,155,12.283875,12.283708,1,2.664667,7.387250,0.001416,0.088250,1.878709,4.550672,0.330167,0.000000,0.000000
1,USA-T95,156,12.780833,12.780750,0,0.000041,7.548209,0.001417,0.086333,4.919167,4.615125,0.338083,0.000000,0.000000
1,USA-T95,157,14.648875,14.648791,1,2.717083,7.265041,0.001916,0.131625,4.167166,4.528882,0.330790,0.000000,0.000000
1,USA-T95,158,8.358833,8.358542,0,0.000042,7.461458,0.002083,0.091250,0.556583,4.653168,0.327917,0.000000,0.000000
1,USA-T95,159,13.437125,13.436916,1,2.603916,7.395000,0.001584,0.097875,2.984875,4.507536,0.331667,0.000000,0.000000
1,USA-T95,160,13.318500,13.318334,0,0.000042,7.562375,0.001792,0.079792,5.412750,4.718880,0.350167,0.000000,0.000000
1,USA-T95,161,11.327541,11.327209,1,2.804292,7.326209,0.001875,0.098208,0.686833,4.539624,0.331833,0.000000,0.000000
1,USA-T95,162,9.489833,9.489667,0,0.000000,7.701917,0.001834,0.098750,1.409708,4.900949,0.337042,0.000000,0.000000
1,USA-T95,163,12.821291,12.821209,1,2.960000,7.325459,0.001625,0.103625,2.157334,4.536579,0.330291,0.000000,0.000000
1,USA-T95,164,8.803167,8.803041,0,0.000166,7.664625,0.001875,0.096334,0.764542,4.776748,0.360832,0.000000,0.000000
1,USA-T95,165,11.359208,11.359125,1,2.670958,7.490042,0.001750,0.131667,0.766667,4.632037,0.361292,0.000000,0.000000
1,USA-T95,166,13.081375,13.081250,0,0.000000,7.383667,0.001458,0.093875,5.371500,4.620791,0.379542,0.000000,0.000000
1,USA-T95,167,11.081375,11.081250,1,2.687417,7.297375,0.001958,0.093167,0.718750,4.485459,0.348208,0.000000,0.000000
1,USA-T95,168,8.912750,8.912375,0,0.000042,7.606292,0.002042,0.108458,0.917000,4.593996,0.332418,0.000000,0.000000
1,USA-T95,169,13.682208,13.682083,1,2.747084,7.551375,0.001625,0.083708,3.001292,4.611414,0.338543,0.000000,0.000000
1,USA-T95,170,8.444750,8.444500,0,0.000041,7.496333,0.001459,0.073125,0.632791,4.719210,0.339375,0.000000,0.000000
1,USA-T95,171,11.616000,11.615791,1,2.660000,7.650959,0.001584,0.107375,0.884375,4.753257,0.349123,0.000000,0.000000
1,USA-T95,172,13.111958,13.111833,0,0.000042,7.669375,0.001500,0.081667,5.103417,4.806045,0.325335,0.000000,0.000000
1,USA-T95,173,15.072208,15.072125,1,2.711167,7.311291,0.001875,0.110959,4.647583,4.525704,0.330999,0.000000,0.000000
1,USA-T95,174,8.505917,8.505625,0,0.000125,7.553500,0.002000,0.123792,0.535750,4.762873,0.340251,0.000000,0.000000
1,USA-T95,175,11.980958,11.980500,1,2.699291,7.713000,0.003041,0.100125,1.140292,4.667502,0.372877,0.000000,0.000000
1,USA-T95,176,8.609625,8.609500,0,0.000125,7.477625,0.001625,0.090167,0.778250,4.690002,0.339625,0.000000,0.000000
1,USA-T95,177,11.159042,11.158750,1,2.734666,7.389250,0.001875,0.078000,0.683292,4.590536,0.359710,0.000000,0.000000
1,USA-T95,178,11.463792,11.463625,0,0.000042,7.297708,0.001542,0.076792,3.859250,4.538911,0.331917,0.000000,0.000000
1,USA-T95,179,16.484292,16.484083,1,2.673750,7.212042,0.001959,0.080792,6.242667,4.484827,0.327501,0.000000,0.000000
1,USA-T95,180,8.731375,8.731083,0,0.000084,7.709458,0.002458,0.112375,0.625709,4.886751,0.334082,0.000000,0.000000
1,USA-T95,181,11.428458,11.428375,1,2.750459,7.511000,0.001625,0.093791,0.776250,4.690037,0.343667,0.000000,0.000000
1,USA-T95,182,13.205459,13.205208,0,0.000042,7.429583,0.001750,0.092209,5.431500,4.629153,0.334042,0.000000,0.000000
1,USA-T95,183,14.796500,14.796208,1,2.764958,7.300959,0.002000,0.078083,4.373959,4.534322,0.331917,0.000000,0.000000
1,USA-T95,184,8.757292,8.757083,0,0.000000,7.681166,0.002166,0.098416,0.678000,4.826793,0.335375,0.000000,0.000000
1,USA-T95,185,12.771583,12.771542,1,2.930542,7.583917,0.002042,0.092542,1.870541,4.718336,0.340167,0.000000,0.000000
1,USA-T95,186,12.861375,12.861167,0,0.000042,7.678125,0.001708,0.102625,4.826667,4.833914,0.336458,0.000000,0.000000
1,USA-T95,187,11.285500,11.285292,1,2.752083,7.588500,0.001875,0.077583,0.583000,4.828002,0.341416,0.000000,0.000000
1,USA-T95,188,11.251167,11.250958,0,0.000000,7.739334,0.001917,0.094708,3.168667,4.835417,0.346334,0.000000,0.000000
1,USA-T95,189,12.428167,12.427834,1,2.769375,7.395584,0.002292,0.097125,1.794792,4.567456,0.343250,0.000000,0.000000
1,USA-T95,190,8.787250,8.787166,0,0.000000,7.701209,0.001500,0.118000,0.725250,4.817205,0.329878,0.000000,0.000000
1,USA-T95,191,11.315792,11.315708,1,2.683167,7.427416,0.001625,0.095958,0.827000,4.591122,0.338750,0.000000,0.000000
1,USA-T95,192,12.175042,12.174875,0,0.000250,7.967583,0.001750,0.084375,3.868375,5.049828,0.425291,0.000000,0.000000
1,USA-T95,193,14.733500,14.733375,1,2.804083,7.610708,0.002042,0.104667,3.817500,4.731212,0.343540,0.000000,0.000000
1,USA-T95,194,8.756791,8.756625,0,0.000125,7.665750,0.002166,0.101542,0.639750,4.738704,0.335333,0.000000,0.000000
1,USA-T95,195,13.016042,13.015833,1,2.713083,7.637334,0.001916,0.111208,2.248083,4.749373,0.332040,0.000000,0.000000
1,USA-T95,196,11.748875,11.748708,0,0.000167,7.575208,0.001542,0.091417,3.826042,4.785320,0.334123,0.000000,0.000000
1,USA-T95,197,12.245291,12.244792,1,2.777500,7.391334,0.001750,0.085333,1.661000,4.546420,0.338959,0.000000,0.000000
1,USA-T95,198,8.729958,8.729750,0,0.000250,7.703125,0.002000,0.085709,0.651917,4.796749,0.355583,0.000000,0.000000
1,USA-T95,199,13.791166,13.790917,1,2.691667,7.715083,0.001584,0.089417,3.004500,4.856925,0.339539,0.000000,0.000000
1,USA-T95,200,8.455958,8.455833,0,0.000000,7.535667,0.001709,0.094833,0.564792,4.670497,0.344124,0.000000,0.000000
1,USA-T95,201,11.460292,11.460041,1,2.607500,7.645000,0.002708,0.116458,0.782166,4.680038,0.354708,0.000000,0.000000
1,USA-T95,202,13.155125,13.154834,0,0.000000,7.542458,0.001500,0.089500,5.170041,4.788536,0.333875,0.000000,0.000000
1,USA-T95,203,11.373000,11.372875,1,2.727083,7.505583,0.001458,0.086042,0.762584,4.583496,0.337375,0.000000,0.000000
1,USA-T95,204,8.500792,8.500708,0,0.000125,7.559500,0.001459,0.081542,0.602500,4.707840,0.342751,0.000000,0.000000
1,USA-T95,205,13.452666,13.452584,1,2.645791,7.369250,0.001542,0.078917,3.086917,4.576536,0.330209,0.000000,0.000000
1,USA-T95,206,10.441750,10.441584,0,0.000125,7.391875,0.001542,0.087166,2.736083,4.639076,0.337334,0.000000,0.000000
1,USA-T95,207,10.968708,10.968584,1,2.645541,7.431208,0.001417,0.067291,0.574208,4.628333,0.319001,0.000000,0.000000
1,USA-T95,208,11.760208,11.760166,0,0.000083,7.353208,0.001542,0.068625,4.115375,4.582085,0.348290,0.000000,0.000000
1,USA-T95,209,11.091583,11.091459,1,2.735708,7.368958,0.001583,0.073042,0.649125,4.524501,0.322458,0.000000,0.000000
1,USA-T95,210,9.298208,9.298042,0,0.000042,7.449417,0.001375,0.146500,1.434916,4.563803,0.327166,0.000000,0.000000
1,USA-T95,211,13.730958,13.730875,1,2.613708,7.347584,0.001583,0.073208,3.437208,4.544076,0.336709,0.000000,0.000000
1,USA-T95,212,8.366375,8.366291,0,0.000125,7.494125,0.001666,0.076834,0.561042,4.688711,0.347417,0.000000,0.000000
1,USA-T95,213,11.613709,11.613625,1,2.703250,7.645416,0.001709,0.086708,0.888666,4.589916,0.365249,0.000000,0.000000
1,USA-T95,214,12.894750,12.894625,0,0.000042,7.630500,0.001500,0.076084,4.958459,4.684504,0.390541,0.000000,0.000000
1,USA-T95,215,10.994250,10.994167,1,2.609542,7.331542,0.001958,0.070542,0.718250,4.554745,0.330957,0.000000,0.000000
1,USA-T95,216,9.739375,9.739292,0,0.000042,7.461625,0.002416,0.087250,1.956083,4.658459,0.330292,0.000000,0.000000
1,USA-T95,217,12.864416,12.864209,1,2.797125,7.479167,0.001541,0.076334,2.237500,4.654552,0.347833,0.000000,0.000000
1,USA-T95,218,8.350125,8.288291,0,0.000000,7.328375,0.001458,0.115000,0.616292,4.561708,0.356294,0.000000,0.000000
1,USA-T95,219,13.664500,13.664334,1,2.707125,7.568000,0.002291,0.097042,0.665333,4.608132,0.348666,0.000000,0.000000
1,USA-T95,220,11.869417,11.869208,0,0.000041,7.511667,0.001542,0.081625,4.018833,4.687117,0.362750,0.000000,0.000000
1,USA-T95,221,15.500458,15.500125,1,2.701125,7.265917,0.001459,0.072458,5.207166,4.483786,0.329750,0.000000,0.000000
1,USA-T95,222,8.638917,8.638875,0,0.000042,7.518209,0.002000,0.092917,0.780584,4.678201,0.347999,0.000000,0.000000
1,USA-T95,223,11.128000,11.127917,1,2.641000,7.506250,0.003125,0.088375,0.595250,4.592042,0.342376,0.000000,0.000000
1,USA-T95,224,8.351083,8.269750,0,0.000417,7.334625,0.001667,0.071084,0.642208,4.583088,0.336292,0.000000,0.000000
1,USA-T95,225,11.267250,11.267000,1,2.710791,7.509625,0.001584,0.073042,0.718750,4.735711,0.328540,0.000000,0.000000
1,USA-T95,226,11.539833,11.539791,0,0.000042,7.370375,0.001583,0.067958,3.897209,4.570755,0.321750,0.000000,0.000000
1,USA-T95,227,16.235000,16.234875,1,2.749708,7.509458,0.002333,0.091333,5.596625,4.678166,0.339126,0.000000,0.000000
1,USA-T95,228,8.401209,8.401125,0,0.000208,7.540875,0.001583,0.072084,0.555791,4.791498,0.328083,0.000000,0.000000
1,USA-T95,229,11.237042,11.236791,1,2.617334,7.491083,0.001625,0.078416,0.786292,4.600335,0.350251,0.000000,0.000000
1,USA-T95,230,13.324542,13.324417,0,0.000041,7.456750,0.001708,0.091500,5.511792,4.587802,0.327251,0.000000,0.000000
1,USA-T95,231,11.074500,11.074250,1,2.676542,7.410416,0.001709,0.074958,0.644084,4.573009,0.319625,0.000000,0.000000
1,USA-T95,232,8.548042,8.547958,0,0.000042,7.442125,0.001750,0.191208,0.627042,4.651114,0.333375,0.000000,0.000000
1,USA-T95,233,14.020708,14.020542,1,2.601375,7.336958,0.001500,0.074250,3.755625,4.523248,0.319792,0.000000,0.000000
1,USA-T95,234,8.424208,8.424042,0,0.000000,7.461833,0.001584,0.067959,0.681000,4.674160,0.344292,0.000000,0.000000
1,USA-T95,235,11.353541,11.353417,1,2.602458,7.462500,0.001875,0.088625,0.884709,4.655291,0.337249,0.000000,0.000000
1,USA-T95,236,13.642791,13.642709,0,0.000000,7.261042,0.001500,0.068417,6.105875,4.541497,0.349499,0.000000,0.000000
1,USA-T95,237,14.709792,14.709541,1,2.704875,7.206000,0.001625,0.069375,4.472959,4.487459,0.324251,0.000000,0.000000
1,USA-T95,238,8.586250,8.586167,0,0.000166,7.664625,0.001833,0.081041,0.595958,4.796657,0.354211,0.000000,0.000000
1,USA-T95,239,11.079416,11.079208,1,2.557500,7.416792,0.001833,0.150417,0.655250,4.536140,0.334084,0.000000,0.000000
1,USA-T95,240,8.588833,8.588500,0,0.000500,7.539875,0.001500,0.077416,0.726750,4.747207,0.351626,0.000000,0.000000
1,USA-T95,241,11.207750,11.207625,1,2.614000,7.409708,0.001417,0.070500,0.850084,4.596163,0.328332,0.000000,0.000000
1,USA-T95,242,12.821791,12.821709,0,0.000333,7.397333,0.002167,0.077708,5.103750,4.655920,0.324250,0.000000,0.000000
1,USA-T95,243,14.714375,14.714250,1,2.696250,7.195917,0.001459,0.067625,4.497750,4.433040,0.323626,0.000000,0.000000
1,USA-T95,244,8.580834,8.580750,0,0.000125,7.551250,0.001458,0.080333,0.695917,4.652001,0.356167,0.000000,0.000000
1,USA-T95,245,11.629041,11.628917,1,2.724333,7.415542,0.002125,0.094500,1.095000,4.546626,0.342374,0.000000,0.000000
1,USA-T95,246,8.463958,8.463875,0,0.000084,7.496667,0.001542,0.076667,0.663208,4.746339,0.332250,0.000000,0.000000
1,USA-T95,247,11.373334,11.373083,1,2.654791,7.629625,0.001584,0.091666,0.674625,4.826202,0.350165,0.000000,0.000000
1,USA-T95,248,10.924000,10.923916,0,0.000083,7.437708,0.001459,0.090834,3.150875,4.601084,0.332416,0.000000,0.000000
1,USA-T95,249,11.512625,11.512416,1,2.795375,7.491375,0.001792,0.079292,0.827250,4.715578,0.334753,0.000000,0.000000
1,USA-T95,250,9.199125,9.199000,0,0.000042,7.390791,0.001583,0.181667,1.383916,4.586958,0.318582,0.000000,0.000000
1,USA-T95,251,14.385708,14.385584,1,2.661417,7.386291,0.001500,0.074875,4.010375,4.560836,0.344249,0.000000,0.000000
1,USA-T95,252,8.400208,8.399708,0,0.000125,7.491708,0.001459,0.067375,0.618375,4.669662,0.375041,0.000000,0.000000
1,USA-T95,253,11.549875,11.549708,1,2.693333,7.635083,0.001708,0.076250,0.852708,4.780051,0.352041,0.000000,0.000000
1,USA-T95,254,9.786833,9.786750,0,0.000000,7.455458,0.001875,0.086125,2.008125,4.675835,0.326040,0.000000,0.000000
1,USA-T95,255,11.316250,11.316000,1,2.790583,7.443292,0.002000,0.105833,0.706333,4.636833,0.340707,0.000000,0.000000
1,USA-T95,256,13.278375,13.277666,0,0.000000,7.535833,0.001958,0.174208,5.304750,4.680121,0.327208,0.000000,0.000000
1,USA-T95,257,14.216334,14.216083,1,2.633375,7.655250,0.001875,0.088375,3.512667,4.677169,0.342209,0.000000,0.000000
1,USA-T95,258,13.515500,13.515250,0,0.000000,7.733542,0.001958,0.086291,5.416209,4.863458,0.398958,0.000000,0.000000
1,USA-T95,259,14.760000,14.759875,1,2.892500,7.366250,0.001875,0.083708,4.082208,4.630501,0.349168,0.000000,0.000000
1,USA-T95,260,9.005625,9.005542,0,0.000083,7.648583,0.002166,0.089875,0.930708,4.799962,0.332623,0.000000,0.000000
1,USA-T95,261,13.185500,13.185375,1,2.749834,7.673167,0.001958,0.089917,2.386000,4.725530,0.354501,0.000000,0.000000
1,USA-T95,262,10.977000,10.976750,0,0.000041,7.619250,0.001750,0.097167,2.997167,4.690620,0.340042,0.000000,0.000000
1,USA-T95,263,12.016500,12.016375,1,2.717083,7.793958,0.002083,0.092958,1.121875,4.959706,0.363583,0.000000,0.000000
1,USA-T95,264,8.710916,8.710625,0,0.000042,7.471875,0.002000,0.084083,0.898125,4.670286,0.338207,0.000000,0.000000
1,USA-T95,265,12.950917,12.950541,1,2.808834,7.609042,0.002125,0.098416,2.091167,4.734256,0.344834,0.000000,0.000000
1,USA-T95,266,8.975833,8.975708,0,0.000333,7.881750,0.001792,0.084833,0.740791,5.005800,0.356167,0.000000,0.000000
1,USA-T95,267,11.960292,11.959458,1,2.874792,7.822916,0.002041,0.102583,0.824959,4.892295,0.401709,0.000000,0.000000
1,USA-T95,268,12.424792,12.424625,0,0.000000,7.562459,0.001917,0.092333,4.500833,4.746594,0.330208,0.000000,0.000000
1,USA-T95,269,11.468541,11.468417,1,2.782750,7.547084,0.002250,0.111833,0.731833,4.653284,0.335834,0.000000,0.000000
1,USA-T95,270,9.691667,9.691500,0,0.000000,8.069375,0.002042,0.093500,1.251417,4.892920,0.353709,0.000000,0.000000
1,USA-T95,271,13.010833,13.010750,1,2.899917,7.370125,0.001708,0.097625,2.339292,4.551841,0.328875,0.000000,0.000000
1,USA-T95,272,8.511583,8.511458,0,0.000041,7.556875,0.001750,0.079833,0.628917,4.706257,0.336208,0.000000,0.000000
1,USA-T95,273,11.420291,11.420125,1,2.660500,7.584166,0.001833,0.080291,0.819250,4.782842,0.348961,0.000000,0.000000
1,USA-T95,274,11.972459,11.972166,0,0.000042,7.381042,0.001584,0.142458,4.187333,4.587495,0.338917,0.000000,0.000000
1,USA-T95,275,11.401041,11.400917,1,2.702500,7.669042,0.001750,0.075375,0.660417,4.735919,0.349833,0.000000,0.000000
1,USA-T95,276,9.808583,9.807834,0,0.000167,8.069000,0.001917,0.133375,1.351208,5.059538,0.357709,0.000000,0.000000
1,USA-T95,277,13.017708,13.017375,1,2.773750,7.479458,0.001625,0.091625,2.398583,4.648614,0.335583,0.000000,0.000000
1,USA-T95,278,8.851791,8.851667,0,0.000334,7.703833,0.001875,0.097875,0.762125,4.726916,0.341667,0.000000,0.000000
1,USA-T95,279,11.590625,11.590375,1,2.775833,7.721958,0.001875,0.098000,0.713125,4.836491,0.357208,0.000000,0.000000
1,USA-T95,280,13.017458,13.017083,0,0.000125,7.624667,0.001709,0.087916,5.052833,4.784511,0.328832,0.000000,0.000000
1,USA-T95,281,11.386500,11.386291,1,2.854334,7.519500,0.001958,0.076042,0.638709,4.707212,0.356583,0.000000,0.000000
1,USA-T95,282,9.120625,9.120417,0,0.000042,7.781000,0.002084,0.159750,0.895708,4.787375,0.355875,0.000000,0.000000
1,USA-T95,283,14.597375,14.596917,1,2.705959,7.498084,0.001666,0.091916,3.989834,4.589542,0.323333,0.000000,0.000000
1,USA-T95,284,8.557584,8.557458,0,0.000041,7.592833,0.001875,0.093167,0.625042,4.800507,0.342458,0.000000,0.000000
1,USA-T95,285,11.691708,11.691292,1,2.707292,7.682833,0.001875,0.086209,0.916833,4.730241,0.371498,0.000000,0.000000
1,USA-T95,286,13.114000,13.113917,0,0.000042,7.687625,0.002167,0.122958,5.011958,4.768629,0.343251,0.000000,0.000000
1,USA-T95,287,15.874666,15.874334,1,2.880333,7.651458,0.002125,0.111750,4.876292,4.745834,0.345042,0.000000,0.000000
1,USA-T95,288,8.921000,8.920667,0,0.000042,7.724833,0.002000,0.119667,0.799333,4.838413,0.370459,0.000000,0.000000
1,USA-T95,289,12.194125,12.193667,1,2.784458,7.734000,0.001916,0.103708,1.235333,4.845165,0.361665,0.000000,0.000000
1,USA-T95,290,13.376875,13.376750,0,0.000042,7.663625,0.001875,0.084416,5.380583,4.725910,0.359458,0.000000,0.000000
1,USA-T95,291,13.546292,13.546167,1,2.820500,7.678709,0.001917,0.093667,2.641958,4.683917,0.340627,0.000000,0.000000
1,USA-T95,292,9.426209,9.426083,0,0.000125,8.415417,0.001792,0.078250,0.682125,4.955160,0.374500,0.000000,0.000000
1,USA-T95,293,14.298750,14.298083,1,2.757250,7.756625,0.001708,0.089959,3.361333,4.769590,0.366166,0.000000,0.000000
1,USA-T95,294,10.743541,10.743417,0,0.000000,7.690375,0.001666,0.118250,2.675583,4.800626,0.344540,0.000000,0.000000
1,USA-T95,295,15.466417,15.466208,1,2.827000,7.505750,0.001875,0.097375,4.739625,4.633335,0.345584,0.000000,0.000000
1,USA-T95,296,8.983458,8.982959,0,0.000125,8.001333,0.001834,0.084584,0.647875,4.987249,0.391124,0.000000,0.000000
1,USA-T95,297,12.339916,12.339542,1,2.688584,7.744041,0.001958,0.085542,1.534459,4.772794,0.356002,0.000000,0.000000
1,USA-T95,298,12.252958,12.252709,0,0.000042,7.941875,0.001667,0.095250,3.958584,4.954795,0.347000,0.000000,0.000000
1,USA-T95,299,11.596834,11.596667,1,2.855417,7.557792,0.002083,0.097625,0.761125,4.604947,0.339709,0.000000,0.000000
1,USA-T95,300,8.995625,8.995375,0,0.000042,8.025917,0.001875,0.089792,0.567791,5.076167,0.354919,0.000000,0.000000
1,USA-T95,301,12.993417,12.993209,1,2.766125,7.559792,0.001666,0.128334,2.244458,4.598500,0.413709,0.000000,0.000000
1,USA-T95,302,8.870292,8.870167,0,0.000041,7.835708,0.001875,0.080083,0.714250,5.043625,0.372915,0.000000,0.000000
1,USA-T95,303,11.686625,11.686500,1,2.674917,7.826792,0.002000,0.093833,0.776375,4.753290,0.339249,0.000000,0.000000
1,USA-T95,304,13.870708,13.870500,0,0.000000,7.431500,0.001875,0.133625,6.036875,4.679122,0.333001,0.000000,0.000000
1,USA-T95,305,16.723708,16.723459,1,2.998417,7.558292,0.002250,0.097500,5.724250,4.720715,0.352751,0.000000,0.000000
1,USA-T95,306,8.755791,8.755584,0,0.000042,7.707833,0.001917,0.110041,0.635917,4.884246,0.337668,0.000000,0.000000
1,USA-T95,307,12.014458,12.014375,1,2.814417,7.730625,0.002125,0.090708,0.997458,4.832216,0.374083,0.000000,0.000000
1,USA-T95,308,11.479334,11.479208,0,0.000041,7.642750,0.001542,0.089417,3.496250,4.733460,0.355958,0.000000,0.000000
1,USA-T95,309,11.300417,11.300291,1,2.879208,7.435708,0.001833,0.133833,0.504042,4.591540,0.326875,0.000000,0.000000
1,USA-T95,310,8.572084,8.571875,0,0.000375,7.665083,0.001666,0.073250,0.605416,4.831879,0.341416,0.000000,0.000000
1,USA-T95,311,13.376875,13.376750,1,2.603042,7.423375,0.001542,0.082208,2.956083,4.545290,0.332126,0.000000,0.000000
1,USA-T95,312,8.467625,8.467541,0,0.000042,7.582208,0.001500,0.076250,0.564375,4.814332,0.347959,0.000000,0.000000
1,USA-T95,313,11.456000,11.455916,1,2.673292,7.714000,0.001666,0.118666,0.662750,4.789785,0.373458,0.000000,0.000000
1,USA-T95,314,8.704708,8.704500,0,0.000041,7.793084,0.001458,0.075541,0.596125,4.939546,0.350915,0.000000,0.000000
1,USA-T95,315,11.580458,11.580375,1,2.768583,7.705417,0.001834,0.085584,0.720125,4.753499,0.375832,0.000000,0.000000
1,USA-T95,316,10.227125,10.227000,0,0.000042,7.704791,0.001916,0.078541,2.200500,4.766334,0.350001,0.000000,0.000000
1,USA-T95,317,15.245709,15.245500,1,2.862958,7.375292,0.001500,0.074500,4.673750,4.570495,0.337501,0.000000,0.000000
1,USA-T95,318,8.640792,8.640625,0,0.000000,7.713833,0.001708,0.086708,0.584584,4.889793,0.353332,0.000000,0.000000
1,USA-T95,319,11.673792,11.673667,1,2.699542,7.615333,0.001875,0.084041,0.961125,4.734166,0.343708,0.000000,0.000000
1,USA-T95,320,22.768542,22.768416,0,0.000000,11.721541,0.002167,0.143542,10.593917,8.741282,0.387292,0.000000,0.000000
1,USA-T95,321,13.623750,13.622792,1,3.068667,8.165834,0.004792,0.102250,1.917750,5.132122,0.385041,0.000000,0.000000
1,USA-T95,322,12.492834,12.492625,0,0.000042,8.286541,0.002750,0.110917,3.786417,5.180042,0.408252,0.000000,0.000000
1,USA-T95,323,15.818041,15.817875,1,3.031917,8.349750,0.002375,0.133958,3.905833,5.016374,0.376624,0.000000,0.000000
1,USA-T95,324,9.901250,9.901125,0,0.000125,8.842792,0.002167,0.108542,0.628625,5.604923,0.523458,0.000000,0.000000
1,USA-T95,325,13.810375,13.810166,1,3.473125,8.470208,0.002625,0.113041,1.067709,5.429666,0.352833,0.000000,0.000000
1,USA-T95,326,11.067875,11.066958,0,0.000208,8.857791,0.002667,0.133208,1.640917,5.670000,0.363500,0.000000,0.000000
1,USA-T95,327,17.022500,17.021958,1,2.994500,10.565416,0.003417,0.311750,2.557625,4.873332,0.478292,0.000000,0.000000
1,USA-T95,328,16.726125,16.725792,0,0.000041,8.592041,0.002583,0.150000,7.586250,5.200711,0.451584,0.000000,0.000000
1,USA-T95,329,24.724792,24.724125,1,4.802167,10.229959,0.002084,0.114916,8.972083,6.253631,0.440208,0.000000,0.000000
1,USA-T95,330,25.226375,25.225917,0,0.000041,11.140042,0.002292,0.142500,13.406459,7.415338,0.550625,0.000000,0.000000
1,USA-T95,331,18.740292,18.739542,1,4.005542,10.105875,0.002417,0.125000,3.880542,6.701725,0.575501,0.000000,0.000000
1,USA-T95,332,15.335041,15.334667,0,0.000125,10.151875,0.002333,0.225875,4.388959,5.409579,0.368666,0.000000,0.000000
1,USA-T95,333,15.507208,15.506375,1,3.368541,8.254834,0.002542,0.104334,3.429834,5.131086,0.348457,0.000000,0.000000
1,USA-T95,334,16.178667,16.178416,0,0.000125,9.619875,0.002334,0.136375,5.320042,4.955998,0.364251,0.000000,0.000000
1,USA-T95,335,16.003584,16.003250,1,3.003583,7.979917,0.002250,0.115375,4.521292,4.928617,0.366373,0.000000,0.000000
1,USA-T95,336,8.818125,8.817875,0,0.000041,7.742875,0.002166,0.127667,0.666542,4.840488,0.349791,0.000000,0.000000
1,USA-T95,337,12.186083,12.185625,1,2.858584,8.184500,0.002250,0.100000,0.704375,5.099250,0.458582,0.000000,0.000000
1,USA-T95,338,12.958792,12.958083,0,0.000167,8.179083,0.002125,0.100458,4.387959,4.956791,0.405749,0.000000,0.000000
1,USA-T95,339,15.324416,15.324292,1,2.868042,7.666458,0.002042,0.100375,4.388625,4.708872,0.332915,0.000000,0.000000
1,USA-T95,340,8.529917,8.529709,0,0.000042,7.540750,0.001750,0.091667,0.652583,4.716873,0.344708,0.000000,0.000000
1,USA-T95,341,12.059000,12.058625,1,2.792333,7.972083,0.001917,0.117083,0.862917,4.897956,0.384167,0.000000,0.000000
1,USA-T95,342,12.494000,12.493833,0,0.000000,7.869000,0.001875,0.097042,4.244959,4.940957,0.370582,0.000000,0.000000
1,USA-T95,343,16.201333,16.201084,1,3.019333,7.557458,0.002125,0.091417,5.215833,4.707705,0.340083,0.000000,0.000000
1,USA-T95,344,9.069584,9.068958,0,0.000000,7.867333,0.002000,0.094500,0.811916,4.945955,0.340749,0.000000,0.000000
1,USA-T95,345,11.621833,11.621625,1,2.596375,7.952458,0.001959,0.084125,0.694959,4.917542,0.348417,0.000000,0.000000
1,USA-T95,346,10.338833,10.338667,0,0.000000,7.784708,0.001833,0.100959,2.162458,4.846912,0.346416,0.000000,0.000000
1,USA-T95,347,11.275875,11.275792,1,2.627958,7.693959,0.002042,0.090459,0.588458,4.797784,0.336250,0.000000,0.000000
1,USA-T95,348,9.065000,9.064792,0,0.000000,7.904292,0.002083,0.080375,0.840667,4.860581,0.350999,0.000000,0.000000
1,USA-T95,349,14.897958,14.897875,1,2.691583,7.562459,0.001625,0.083250,4.281625,4.653540,0.335337,0.000000,0.000000
1,USA-T95,350,8.710291,8.709792,0,0.000041,7.688042,0.002292,0.135375,0.633667,4.884370,0.334334,0.000000,0.000000
1,USA-T95,351,12.776584,12.776500,1,2.724709,7.947833,0.001958,0.104166,1.692084,4.964043,0.356583,0.000000,0.000000
1,USA-T95,352,11.768083,11.767833,0,0.000291,7.861500,0.001917,0.098417,3.531584,5.028494,0.348375,0.000000,0.000000
1,USA-T95,353,11.497333,11.497083,1,2.649791,7.709625,0.001958,0.135041,0.708834,4.815217,0.347376,0.000000,0.000000
1,USA-T95,354,9.657916,9.657792,0,0.000042,7.686333,0.001916,0.104709,1.519250,4.790592,0.349125,0.000000,0.000000
1,USA-T95,355,13.821167,13.820625,1,3.002958,7.891791,0.002375,0.114166,2.462458,4.791007,0.349875,0.000000,0.000000
1,USA-T95,356,15.432708,15.432166,0,0.000084,8.355583,0.002334,0.103334,6.673417,5.205514,0.430915,0.000000,0.000000
1,USA-T95,357,17.420541,17.420125,1,3.529291,7.773084,0.002792,0.309459,5.447417,4.869493,0.360834,0.000000,0.000000
1,USA-T95,358,9.438625,9.438333,0,0.000125,8.385708,0.002209,0.098584,0.598584,4.978043,0.358875,0.000000,0.000000
1,USA-T95,359,15.005958,15.005625,1,3.334625,10.391167,0.002208,0.102791,0.831667,6.489722,1.147666,0.000000,0.000000
1,USA-T95,360,11.024334,11.024042,0,0.001083,9.762542,0.002125,0.154500,0.773833,5.835212,0.445415,0.000000,0.000000
1,USA-T95,361,17.649042,17.648834,1,3.116750,10.548416,0.002333,0.192875,3.373583,5.017085,0.383668,0.000000,0.000000
1,USA-T95,362,14.035292,14.034208,0,0.000417,8.435209,0.002333,0.114042,5.022208,5.315544,0.365167,0.000000,0.000000
1,USA-T95,363,16.389375,16.389041,1,3.284000,7.764792,0.002167,0.119208,4.842000,4.821455,0.352082,0.000000,0.000000
1,USA-T95,364,9.005750,9.005250,0,0.000041,7.978500,0.001958,0.088834,0.670791,5.025668,0.370458,0.000000,0.000000
1,USA-T95,365,12.836958,12.836792,1,2.940750,8.279791,0.002041,0.120667,0.964958,5.135668,0.382333,0.000000,0.000000
1,USA-T95,366,11.604000,11.603875,0,0.000041,8.022666,0.002292,0.103542,3.132958,4.931001,0.371292,0.000000,0.000000
1,USA-T95,367,15.384833,15.384583,1,2.849500,8.017083,0.001666,0.085625,4.100250,5.005706,0.376374,0.000000,0.000000
1,USA-T95,368,16.284833,16.284625,0,0.000125,8.016375,0.002375,0.102792,7.879708,4.976867,0.368961,0.000000,0.000000
1,USA-T95,369,17.188041,17.187750,1,2.789625,7.797000,0.002042,0.093875,6.219542,4.848003,0.365457,0.000000,0.000000
1,USA-T95,370,9.031542,9.031500,0,0.000041,8.012541,0.002042,0.101875,0.593917,5.110130,0.351166,0.000000,0.000000
1,USA-T95,371,13.298500,13.298375,1,2.829375,8.119584,0.002834,0.159958,1.731583,5.123417,0.407542,0.000000,0.000000
1,USA-T95,372,12.918792,12.918375,0,0.000083,7.941125,0.002250,0.110500,4.570416,4.816200,0.384917,0.000000,0.000000
1,USA-T95,373,14.890291,14.890000,1,2.892458,7.797917,0.002250,0.107000,3.759459,4.805157,0.368750,0.000000,0.000000
1,USA-T95,374,8.948792,8.948542,0,0.000083,8.010042,0.001666,0.075250,0.610625,4.877292,0.358834,0.000000,0.000000
1,USA-T95,375,11.549542,11.549417,1,2.687917,7.899333,0.001916,0.087292,0.586750,4.832369,0.353168,0.000000,0.000000
1,USA-T95,376,11.288958,11.288708,0,0.000041,7.592416,0.001708,0.085625,3.360834,4.721119,0.344250,0.000000,0.000000
1,USA-T95,377,11.837458,11.837166,1,2.991292,7.526667,0.001959,0.136334,0.849041,4.665124,0.335500,0.000000,0.000000
1,USA-T95,378,10.130250,10.130209,0,0.000000,8.470500,0.001875,0.105833,1.274250,5.357876,0.367168,0.000000,0.000000
1,USA-T95,379,14.265709,14.265625,1,2.903292,8.372000,0.002459,0.169875,2.393666,5.077502,0.359501,0.000000,0.000000
1,USA-T95,380,9.438292,9.437833,0,0.000000,8.247000,0.002167,0.110042,0.778958,5.178623,0.393499,0.000000,0.000000
1,USA-T95,381,12.168291,12.168000,1,2.947417,8.055083,0.001917,0.090833,0.771084,4.907549,0.358165,0.000000,0.000000
1,USA-T95,382,9.491125,9.490917,0,0.000042,7.978667,0.001750,0.295750,0.930792,4.875537,0.364374,0.000000,0.000000
1,USA-T95,383,11.565125,11.565042,1,2.833625,7.744042,0.001875,0.083709,0.617875,4.809171,0.345545,0.000000,0.000000
1,USA-T95,384,9.300375,9.300208,0,0.000000,8.092416,0.002292,0.162166,0.649250,5.134922,0.405540,0.000000,0.000000
1,USA-T95,385,14.881083,14.880916,1,2.726709,8.715625,0.002125,0.122667,2.930834,4.821169,0.357001,0.000000,0.000000
1,USA-T95,386,9.452041,9.451834,0,0.000291,8.345666,0.002125,0.084375,0.752708,5.261999,0.370916,0.000000,0.000000
1,USA-T95,387,12.747209,12.746250,1,3.479166,7.910875,0.001875,0.090167,0.922083,4.881541,0.361665,0.000000,0.000000
1,USA-T95,388,10.435500,10.435166,0,0.000041,8.083834,0.002125,0.102500,1.954084,5.047698,0.348667,0.000000,0.000000
1,USA-T95,389,14.973291,14.973209,1,2.832167,7.984459,0.002125,0.092583,3.763083,4.892413,0.350960,0.000000,0.000000
1,USA-T95,390,9.314000,9.313875,0,0.000042,8.172166,0.002083,0.091875,0.726916,5.133256,0.356834,0.000000,0.000000
1,USA-T95,391,12.070708,12.070625,1,2.947542,7.977458,0.002125,0.094792,0.763084,5.085913,0.372333,0.000000,0.000000
1,USA-T95,392,11.222625,11.222416,0,0.000125,7.778625,0.001958,0.090542,3.078416,4.814745,0.352377,0.000000,0.000000
1,USA-T95,393,11.287417,11.287291,1,2.726666,7.556584,0.001917,0.075917,0.595958,4.720791,0.344169,0.000000,0.000000
1,USA-T95,394,9.177541,9.177334,0,0.000000,8.089750,0.001750,0.093708,0.691875,5.033446,0.371290,0.000000,0.000000
1,USA-T95,395,14.086667,14.086417,1,2.663000,7.559583,0.001750,0.194833,3.381167,4.646253,0.340750,0.000000,0.000000
1,USA-T95,396,8.610084,8.609875,0,0.000000,7.687125,0.002000,0.094917,0.582917,4.876963,0.365666,0.000000,0.000000
1,USA-T95,397,11.782542,11.782291,1,2.669417,7.986959,0.002083,0.107709,0.677292,4.956041,0.364876,0.000000,0.000000
1,USA-T95,398,12.420458,12.420333,0,0.000000,7.850750,0.001750,0.083375,4.242291,4.912087,0.363501,0.000000,0.000000
1,USA-T95,399,11.501750,11.501125,1,2.840875,7.681417,0.001791,0.089958,0.563292,4.845385,0.350249,0.000000,0.000000
1,USA-T95,400,9.191083,9.190875,0,0.000041,7.885167,0.002125,0.102167,0.944667,4.894915,0.373581,0.000000,0.000000
1,USA-T95,401,13.694917,13.694584,1,2.939916,7.906125,0.002084,0.114583,2.417542,4.731166,0.347209,0.000000,0.000000
1,USA-T95,402,8.923125,8.922791,0,0.000042,7.926667,0.002041,0.092834,0.621667,4.921582,0.371499,0.000000,0.000000
1,USA-T95,403,12.158708,12.158416,1,2.864792,8.142167,0.002167,0.100834,0.724667,5.013370,0.427875,0.000000,0.000000
1,USA-T95,404,11.905292,11.905125,0,0.000042,7.990667,0.002542,0.125625,3.468958,4.984996,0.358541,0.000000,0.000000
1,USA-T95,405,16.812042,16.811833,1,2.793834,8.101708,0.002250,0.089958,5.428833,5.073920,0.352541,0.000000,0.000000
1,USA-T95,406,9.097166,9.096750,0,0.000167,8.014250,0.002292,0.123375,0.658458,5.014424,0.395833,0.000000,0.000000
1,USA-T95,407,14.149416,14.149167,1,3.132708,8.254292,0.004417,0.102083,2.322125,5.193121,0.368292,0.000000,0.000000
1,USA-T95,408,12.197083,12.196750,0,0.000000,9.089292,0.002417,0.108459,2.681125,5.846744,0.372623,0.000000,0.000000
1,USA-T95,409,15.237500,15.237125,1,2.904708,8.521542,0.002250,0.108541,3.350500,4.879714,0.395541,0.000000,0.000000
1,USA-T95,410,9.661458,9.660917,0,0.000167,8.465125,0.002625,0.106084,0.769209,5.336365,0.377500,0.000000,0.000000
1,USA-T95,411,13.128833,13.128292,1,3.041334,8.827334,0.002541,0.252500,0.563375,5.256003,0.779126,0.000000,0.000000
1,USA-T95,412,10.295292,10.295208,0,0.000041,9.009584,0.002959,0.101750,0.800792,5.484407,0.397707,0.000000,0.000000
1,USA-T95,413,18.311541,18.311334,1,2.985542,8.349875,0.002083,0.114667,6.500500,5.140998,0.359041,0.000000,0.000000
1,USA-T95,414,15.151917,15.151542,0,0.000000,9.717167,0.002209,0.218792,4.877750,6.293540,0.373000,0.000000,0.000000
1,USA-T95,415,16.495083,16.494667,1,2.985792,8.263083,0.002209,0.111667,4.711167,5.109752,0.373708,0.000000,0.000000
1,USA-T95,416,9.870125,9.869209,0,0.000292,8.645375,0.001875,0.095500,0.648916,5.162964,0.369709,0.000000,0.000000
1,USA-T95,417,16.505459,16.505166,1,2.965209,12.280792,0.002500,0.110459,0.782000,8.113293,0.494792,0.000000,0.000000
1,USA-T95,418,16.774000,16.773791,0,0.000042,15.585625,0.002334,0.119500,0.714708,10.511542,0.896876,0.000000,0.000000
1,USA-T95,419,13.732250,13.731917,1,3.441375,8.933584,0.002292,0.115417,0.716292,5.721582,0.422709,0.000000,0.000000
1,USSR-KV5,0,11.936291,11.936125,0,0.000916,7.483791,0.001708,0.085667,4.100333,4.689385,0.335126,0.000000,0.000000
1,USSR-KV5,1,11.265458,11.265333,1,2.556083,7.753417,0.001708,0.078125,0.603500,4.865953,0.352875,0.000000,0.000000
1,USSR-KV5,2,9.333167,9.333000,0,0.000000,7.903250,0.002000,0.168250,0.988625,4.958330,0.353624,0.000000,0.000000
1,USSR-KV5,3,12.374250,12.374041,1,2.714250,7.770333,0.001834,0.089250,1.505958,4.878134,0.359082,0.000000,0.000000
1,USSR-KV5,4,8.625584,8.625500,0,0.000125,7.693584,0.001500,0.087958,0.597084,4.792424,0.371667,0.000000,0.000000
1,USSR-KV5,5,11.237666,11.237375,1,2.662792,7.569459,0.001792,0.099666,0.625417,4.820210,0.335293,0.000000,0.000000
1,USSR-KV5,6,13.793667,13.793417,0,0.000166,7.318667,0.001625,0.079792,6.176625,4.580538,0.338002,0.000000,0.000000
1,USSR-KV5,7,11.043375,11.043167,1,2.629541,7.395875,0.002084,0.095917,0.613250,4.548543,0.325250,0.000000,0.000000
1,USSR-KV5,8,9.952250,9.951916,0,0.000167,8.085292,0.002000,0.087083,1.524167,4.991085,0.377709,0.000000,0.000000
1,USSR-KV5,9,12.204583,12.204334,1,2.751625,7.517958,0.001917,0.093959,1.567500,4.721922,0.337000,0.000000,0.000000
1,USSR-KV5,10,8.342584,8.299417,0,0.000041,7.402834,0.001459,0.087959,0.531125,4.667161,0.338249,0.000000,0.000000
1,USSR-KV5,11,11.503292,11.503000,1,2.666250,7.612209,0.001875,0.081500,0.857166,4.758626,0.359000,0.000000,0.000000
1,USSR-KV5,12,8.451958,8.451875,0,0.000000,7.538625,0.001417,0.089167,0.583959,4.719961,0.344333,0.000000,0.000000
1,USSR-KV5,13,11.326708,11.326459,1,2.692083,7.688417,0.001958,0.084625,0.593833,4.851798,0.349458,0.000000,0.000000
1,USSR-KV5,14,10.457417,10.457084,0,0.000042,7.259500,0.001833,0.090167,2.863708,4.521126,0.341002,0.000000,0.000000
1,USSR-KV5,15,11.302958,11.302708,1,2.702875,7.677500,0.001917,0.089708,0.444500,4.809130,0.331709,0.000000,0.000000
1,USSR-KV5,16,8.747209,8.747083,0,0.000000,7.825375,0.001625,0.076417,0.619084,4.952997,0.355500,0.000000,0.000000
1,USSR-KV5,17,11.650667,11.650416,1,2.441958,7.497166,0.001959,0.145167,1.286333,4.646289,0.346375,0.000000,0.000000
1,USSR-KV5,18,8.987500,8.987417,0,0.000209,7.533750,0.001500,0.079000,1.138792,4.795463,0.349792,0.000000,0.000000
1,USSR-KV5,19,11.965667,11.965500,1,2.589209,7.724000,0.001667,0.082208,1.293459,4.698048,0.410166,0.000000,0.000000
1,USSR-KV5,20,8.373000,8.068334,0,0.000084,7.160709,0.001458,0.071417,0.624042,4.502639,0.331249,0.000000,0.000000
1,USSR-KV5,21,11.444208,11.444000,1,2.644000,7.695208,0.002125,0.171416,0.615208,4.768991,0.349835,0.000000,0.000000
1,USSR-KV5,22,12.956917,12.956834,0,0.000042,7.475250,0.001791,0.119417,5.107791,4.711049,0.341209,0.000000,0.000000
1,USSR-KV5,23,17.609208,17.609125,1,2.558042,7.303083,0.001792,0.107875,7.329625,4.547168,0.330792,0.000000,0.000000
1,USSR-KV5,24,8.562208,8.562000,0,0.000125,7.577000,0.002042,0.087208,0.629792,4.829496,0.348292,0.000000,0.000000
1,USSR-KV5,25,11.178500,11.178416,1,2.580459,7.418209,0.002083,0.099542,0.788958,4.575197,0.341834,0.000000,0.000000
1,USSR-KV5,26,9.309750,9.309417,0,0.000125,7.604166,0.001709,0.144416,1.292375,4.748038,0.343042,0.000000,0.000000
1,USSR-KV5,27,11.166625,11.166375,1,2.678958,7.478042,0.001583,0.099000,0.559833,4.676079,0.343668,0.000000,0.000000
1,USSR-KV5,28,10.081958,10.081833,0,0.000042,7.447417,0.001708,0.084250,2.304208,4.684238,0.344459,0.000000,0.000000
1,USSR-KV5,29,13.602167,13.602083,1,2.681458,7.334917,0.001875,0.085959,3.190833,4.479756,0.337165,0.000000,0.000000
1,USSR-KV5,30,9.028709,9.028500,0,0.000041,7.976959,0.001792,0.140125,0.675208,4.978875,0.433957,0.000000,0.000000
1,USSR-KV5,31,12.252750,12.252584,1,2.610958,7.763750,0.001791,0.104875,1.473000,4.957962,0.344625,0.000000,0.000000
1,USSR-KV5,32,11.843667,11.843375,0,0.000208,7.768459,0.001875,0.095042,3.735125,4.855546,0.354042,0.000000,0.000000
1,USSR-KV5,33,11.302750,11.302583,1,2.566625,7.622458,0.002208,0.103125,0.685083,4.766166,0.340042,0.000000,0.000000
1,USSR-KV5,34,11.239875,11.239750,0,0.000166,7.572333,0.001958,0.096458,3.308833,4.772043,0.336083,0.000000,0.000000
1,USSR-KV5,35,11.861917,11.861625,1,2.943625,7.823042,0.002209,0.109833,0.661833,4.844169,0.351250,0.000000,0.000000
1,USSR-KV5,36,8.727708,8.727500,0,0.000417,7.629209,0.001625,0.166250,0.657500,4.847205,0.348461,0.000000,0.000000
1,USSR-KV5,37,12.232708,12.232500,1,2.487666,8.080416,0.002000,0.096167,1.197667,5.066332,0.361000,0.000000,0.000000
1,USSR-KV5,38,10.441000,10.440916,0,0.000042,7.803750,0.001958,0.092667,2.257959,4.797137,0.367290,0.000000,0.000000
1,USSR-KV5,39,11.017500,11.017166,1,2.692958,7.411083,0.002167,0.077417,0.555167,4.656505,0.345293,0.000000,0.000000
1,USSR-KV5,40,9.451458,9.451167,0,0.000042,8.093833,0.002459,0.113041,0.973458,5.250750,0.371250,0.000000,0.000000
1,USSR-KV5,41,12.872458,12.872250,1,2.703292,7.558750,0.002125,0.102000,2.204917,4.642508,0.334375,0.000000,0.000000
1,USSR-KV5,42,9.462209,9.462000,0,0.000083,7.551583,0.001709,0.077708,1.599125,4.752545,0.341251,0.000000,0.000000
1,USSR-KV5,43,10.905083,10.905000,1,2.578584,7.416958,0.001917,0.081541,0.567541,4.632540,0.335666,0.000000,0.000000
1,USSR-KV5,44,9.069542,9.069458,0,0.000333,7.448959,0.001459,0.076459,1.305166,4.724413,0.342793,0.000000,0.000000
1,USSR-KV5,45,11.100084,11.099958,1,2.598833,7.406625,0.002000,0.119250,0.696916,4.648044,0.348417,0.000000,0.000000
1,USSR-KV5,46,9.488917,9.488583,0,0.000042,7.708542,0.002042,0.103125,1.374708,4.848834,0.351958,0.000000,0.000000
1,USSR-KV5,47,11.568750,11.568334,1,2.619416,7.914334,0.002542,0.102375,0.587000,5.015969,0.359334,0.000000,0.000000
1,USSR-KV5,48,11.573459,11.573000,0,0.000000,8.258000,0.002125,0.104208,2.930833,5.217451,0.531957,0.000000,0.000000
1,USSR-KV5,49,13.546584,13.546250,1,2.647541,7.702250,0.001917,0.093834,2.745042,4.753792,0.389917,0.000000,0.000000
1,USSR-KV5,50,8.675417,8.675208,0,0.000041,7.619667,0.001875,0.150583,0.671125,4.813954,0.345334,0.000000,0.000000
1,USSR-KV5,51,12.480500,12.480208,1,2.720625,7.544708,0.002334,0.140750,1.753584,4.682964,0.352916,0.000000,0.000000
1,USSR-KV5,52,12.804833,12.804459,0,0.000583,8.139833,0.001958,0.120458,4.236208,4.818090,0.334043,0.000000,0.000000
1,USSR-KV5,53,14.023750,14.023500,1,2.676542,7.606333,0.001834,0.090292,3.352292,4.577447,0.367251,0.000000,0.000000
1,USSR-KV5,54,9.005750,9.005375,0,0.000041,8.011917,0.001875,0.117083,0.628625,5.105622,0.357293,0.000000,0.000000
1,USSR-KV5,55,12.636125,12.636000,1,3.019459,7.804500,0.002250,0.735708,0.765208,4.968000,0.361670,0.000000,0.000000
1,USSR-KV5,56,12.316500,12.316375,0,0.000000,7.848375,0.002083,0.100125,4.056042,4.699888,0.340665,0.000000,0.000000
1,USSR-KV5,57,14.991041,14.990959,1,2.636791,7.585542,0.002208,0.107417,4.227834,4.717748,0.344294,0.000000,0.000000
1,USSR-KV5,58,8.872625,8.872583,0,0.000042,7.978000,0.002208,0.091958,0.527959,4.968956,0.456541,0.000000,0.000000
1,USSR-KV5,59,12.362792,12.362541,1,2.848917,7.822375,0.002000,0.124583,1.266167,4.906876,0.494711,0.000000,0.000000
1,USSR-KV5,60,13.252167,13.252041,0,0.000041,8.122709,0.002167,0.116500,4.717875,5.137086,0.358541,0.000000,0.000000
1,USSR-KV5,61,11.181583,11.181416,1,2.761583,7.319458,0.002334,0.104334,0.696125,4.542285,0.334125,0.000000,0.000000
1,USSR-KV5,62,8.955625,8.955459,0,0.000333,7.864500,0.002125,0.088500,0.737208,5.005296,0.392043,0.000000,0.000000
1,USSR-KV5,63,11.416708,11.416500,1,2.507875,7.834000,0.002250,0.141375,0.630584,4.738120,0.353209,0.000000,0.000000
1,USSR-KV5,64,8.525584,8.525500,0,0.000125,7.564041,0.001875,0.150375,0.553375,4.848780,0.359625,0.000000,0.000000
1,USSR-KV5,65,12.102625,12.102375,1,2.584250,7.997250,0.002250,0.108917,1.103666,4.839042,0.460666,0.000000,0.000000
1,USSR-KV5,66,14.142375,14.142250,0,0.000750,7.377334,0.001625,0.080250,6.435917,4.728411,0.335624,0.000000,0.000000
1,USSR-KV5,67,10.725542,10.725416,1,2.611125,7.158584,0.002000,0.085333,0.585709,4.565082,0.318166,0.000000,0.000000
1,USSR-KV5,68,9.140042,9.139875,0,0.000000,8.045167,0.001833,0.121958,0.733625,5.340201,0.354874,0.000000,0.000000
1,USSR-KV5,69,14.782958,14.782792,1,2.678291,7.533084,0.001708,0.096834,4.153041,4.653584,0.331332,0.000000,0.000000
1,USSR-KV5,70,8.525583,8.525292,0,0.000041,7.486208,0.002083,0.124834,0.575042,4.783967,0.329416,0.000000,0.000000
1,USSR-KV5,71,11.720958,11.720542,1,2.532625,7.831042,0.002375,0.108458,0.898167,4.820332,0.383917,0.000000,0.000000
1,USSR-KV5,72,12.618417,12.618042,0,0.000416,7.803333,0.001875,0.113542,4.385084,4.867917,0.348502,0.000000,0.000000
1,USSR-KV5,73,15.090584,15.089959,1,2.671416,7.332708,0.002250,0.096042,4.682958,4.679296,0.331250,0.000000,0.000000
1,USSR-KV5,74,8.722666,8.722584,0,0.000125,7.728791,0.002416,0.147500,0.562875,4.952553,0.334959,0.000000,0.000000
1,USSR-KV5,75,11.325333,11.325209,1,2.515667,7.576709,0.001875,0.099792,0.826958,4.805045,0.343456,0.000000,0.000000
1,USSR-KV5,76,8.361750,8.175875,0,0.000000,7.133792,0.001625,0.078166,0.732417,4.512587,0.313792,0.000000,0.000000
1,USSR-KV5,77,11.571500,11.571375,1,2.803208,7.694125,0.002000,0.098834,0.673208,4.863125,0.373416,0.000000,0.000000
1,USSR-KV5,78,9.824750,9.824584,0,0.000000,7.386041,0.002792,0.094584,2.083416,4.472867,0.314750,0.000000,0.000000
1,USSR-KV5,79,10.746833,10.746709,1,2.595750,7.168792,0.001541,0.071041,0.656250,4.514001,0.329333,0.000000,0.000000
1,USSR-KV5,80,9.203208,9.203125,0,0.000042,7.856583,0.001625,0.087625,0.990875,4.921710,0.352541,0.000000,0.000000
1,USSR-KV5,81,12.871083,12.870959,1,2.638375,7.220834,0.001792,0.093833,2.629416,4.552745,0.317249,0.000000,0.000000
1,USSR-KV5,82,8.351125,8.252084,0,0.000208,7.277291,0.001917,0.089583,0.629792,4.576662,0.323750,0.000000,0.000000
1,USSR-KV5,83,13.338708,13.338375,1,2.621875,7.673333,0.001500,0.100375,2.658000,4.814127,0.360501,0.000000,0.000000
1,USSR-KV5,84,12.062125,12.062083,0,0.000958,7.382542,0.001458,0.089416,4.268916,4.685920,0.318916,0.000000,0.000000
1,USSR-KV5,85,11.289584,11.289458,1,2.485584,7.771125,0.001958,0.089166,0.599834,4.903955,0.328250,0.000000,0.000000
1,USSR-KV5,86,8.981083,8.980125,0,0.000750,7.908417,0.002292,0.127208,0.657459,4.983416,0.344959,0.000000,0.000000
1,USSR-KV5,87,12.631375,12.631125,1,2.463708,7.682750,0.001833,0.106458,2.058542,4.604538,0.366167,0.000000,0.000000
1,USSR-KV5,88,9.081917,9.081500,0,0.000000,7.974916,0.002209,0.096334,0.719542,5.062460,0.362792,0.000000,0.000000
1,USSR-KV5,89,13.847500,13.847000,1,2.655958,8.964167,0.002000,0.243042,1.620541,5.434961,0.557584,0.000000,0.000000
1,USSR-KV5,90,12.244250,12.244042,0,0.000667,8.011750,0.002291,0.103750,3.778958,4.892754,0.355541,0.000000,0.000000
1,USSR-KV5,91,16.292959,16.286750,1,2.815917,7.877125,0.005208,0.209542,4.633500,4.786591,0.361375,0.000000,0.000000
1,USSR-KV5,92,9.209666,9.208917,0,0.000250,7.953041,0.002042,0.110334,0.819625,5.104786,0.360458,0.000000,0.000000
1,USSR-KV5,93,12.165750,12.165333,1,2.911333,8.026875,0.002584,0.101792,0.737875,5.021385,0.381873,0.000000,0.000000
1,USSR-KV5,94,13.398167,13.397792,0,0.000042,7.921500,0.002375,0.124833,5.031916,4.932828,0.350916,0.000000,0.000000
1,USSR-KV5,95,14.334500,14.333916,1,2.880500,7.649500,0.002333,0.147333,3.262791,4.685912,0.344834,0.000000,0.000000
1,USSR-KV5,96,8.871292,8.870916,0,0.000166,7.818959,0.002125,0.136417,0.578416,4.947240,0.358209,0.000000,0.000000
1,USSR-KV5,97,12.871208,12.870834,1,2.669708,8.121083,0.002291,0.110250,1.622250,5.017701,0.368833,0.000000,0.000000
1,USSR-KV5,98,11.299625,11.299333,0,0.000041,7.549333,0.002250,0.114250,3.325333,4.709751,0.345418,0.000000,0.000000
1,USSR-KV5,99,11.299875,11.299750,1,2.780917,7.321792,0.002042,0.099458,0.790083,4.611248,0.338335,0.000000,0.000000
1,USSR-KV5,100,8.841250,8.841167,0,0.000000,7.820583,0.001875,0.134250,0.634708,5.026258,0.339458,0.000000,0.000000
1,USSR-KV5,101,12.925042,12.924916,1,2.630708,7.584333,0.002083,0.093459,2.318375,4.599617,0.325625,0.000000,0.000000
1,USSR-KV5,102,10.851833,10.851542,0,0.000125,7.698667,0.001875,0.093541,2.815041,4.845374,0.345502,0.000000,0.000000
1,USSR-KV5,103,11.406416,11.405959,1,2.609667,7.529667,0.002000,0.099084,0.874875,4.749457,0.398624,0.000000,0.000000
1,USSR-KV5,104,9.046917,9.046541,0,0.000542,7.448000,0.002167,0.161125,1.155417,4.722464,0.339749,0.000000,0.000000
1,USSR-KV5,105,11.284625,11.284542,1,2.645042,7.571291,0.002334,0.101041,0.639958,4.596087,0.333916,0.000000,0.000000
1,USSR-KV5,106,10.317375,10.317000,0,0.000000,7.641416,0.002208,0.087000,2.331541,4.840277,0.367167,0.000000,0.000000
1,USSR-KV5,107,14.095334,14.095084,1,2.785500,7.431125,0.002500,0.109792,3.459542,4.609629,0.341334,0.000000,0.000000
1,USSR-KV5,108,9.113083,9.112584,0,0.000084,7.912291,0.002083,0.126042,0.814333,5.029751,0.347500,0.000000,0.000000
1,USSR-KV5,109,13.237875,13.237667,1,2.646667,8.301625,0.002375,0.100209,1.855667,5.244574,0.383710,0.000000,0.000000
1,USSR-KV5,110,11.114041,11.113709,0,0.000000,8.690000,0.002500,0.099875,2.008833,5.101290,0.461250,0.000000,0.000000
1,USSR-KV5,111,11.899500,11.898959,1,2.720208,7.923209,0.002042,0.098166,0.831875,5.092922,0.373041,0.000000,0.000000
1,USSR-KV5,112,10.044416,10.044292,0,0.000042,8.669375,0.002500,0.121208,0.938291,5.477743,0.464709,0.000000,0.000000
1,USSR-KV5,113,13.028625,13.028375,1,2.789333,8.827958,0.002333,0.116375,0.679625,5.040867,0.865585,0.000000,0.000000
1,USSR-KV5,114,8.935792,8.935542,0,0.000292,7.936958,0.001875,0.137416,0.594333,5.024419,0.446292,0.000000,0.000000
1,USSR-KV5,115,12.505041,12.504833,1,3.100292,8.037958,0.002833,0.101875,0.883167,5.028170,0.378958,0.000000,0.000000
1,USSR-KV5,116,10.661791,10.661625,0,0.000000,8.302750,0.001958,0.096875,1.958667,5.420957,0.356709,0.000000,0.000000
1,USSR-KV5,117,16.215542,16.215292,1,2.783375,7.760958,0.002208,0.103916,5.231750,4.844007,0.344041,0.000000,0.000000
1,USSR-KV5,118,9.189750,9.189125,0,0.000000,8.071500,0.002167,0.098916,0.699500,4.917212,0.574877,0.000000,0.000000
1,USSR-KV5,119,14.042042,14.041750,1,2.898750,8.155667,0.002291,0.399333,2.259416,5.022127,0.360332,0.000000,0.000000
1,USSR-KV5,120,13.202584,13.202167,0,0.000125,8.651625,0.002333,0.104500,4.108083,5.044166,0.372625,0.000000,0.000000
1,USSR-KV5,121,13.262208,13.262125,1,2.741291,7.423375,0.001834,0.116458,2.670292,4.579925,0.350125,0.000000,0.000000
1,USSR-KV5,122,9.397958,9.397750,0,0.000042,8.352000,0.002291,0.109250,0.679333,5.215665,0.368958,0.000000,0.000000
1,USSR-KV5,123,14.233625,14.233458,1,2.891417,8.327209,0.002167,0.121125,2.459500,5.257084,0.412625,0.000000,0.000000
1,USSR-KV5,124,11.333500,11.333333,0,0.000166,8.275250,0.002000,0.156125,2.611500,5.329210,0.356250,0.000000,0.000000
1,USSR-KV5,125,15.178459,15.178333,1,3.029542,8.486417,0.002167,0.310750,2.910375,4.923010,0.351292,0.000000,0.000000
1,USSR-KV5,126,9.333875,9.333542,0,0.000042,7.846625,0.002250,0.100250,1.089833,4.918755,0.360958,0.000000,0.000000
1,USSR-KV5,127,14.611541,14.611250,1,3.478084,9.004584,0.002250,0.125041,1.500042,5.686969,0.529626,0.000000,0.000000
1,USSR-KV5,128,11.533125,11.533042,0,0.000083,8.697583,0.002500,0.134875,2.392667,5.253542,0.362208,0.000000,0.000000
1,USSR-KV5,129,14.616625,14.616417,1,2.723458,8.056208,0.002209,0.112750,3.357584,5.048876,0.374917,0.000000,0.000000
1,USSR-KV5,130,9.089417,9.089167,0,0.000125,8.114250,0.001958,0.097167,0.587333,5.079955,0.356542,0.000000,0.000000
1,USSR-KV5,131,11.739042,11.738958,1,2.682875,8.088958,0.002125,0.113125,0.567541,5.170038,0.369872,0.000000,0.000000
1,USSR-KV5,132,12.105083,12.104875,0,0.000042,7.786000,0.001708,0.218791,3.860208,4.990248,0.357834,0.000000,0.000000
1,USSR-KV5,133,11.432125,11.431916,1,2.880084,7.568416,0.002042,0.112125,0.578625,4.743452,0.344834,0.000000,0.000000
1,USSR-KV5,134,11.177917,11.177833,0,0.000000,8.488166,0.001875,0.085208,2.354958,5.414244,0.410210,0.000000,0.000000
1,USSR-KV5,135,14.137500,14.137416,1,2.856917,8.097083,0.001916,0.106875,2.723959,5.102993,0.379375,0.000000,0.000000
1,USSR-KV5,136,8.602000,8.601875,0,0.000042,7.553958,0.002042,0.095584,0.714917,4.747367,0.342041,0.000000,0.000000
1,USSR-KV5,137,12.159875,12.159583,1,2.945917,7.774542,0.002209,0.143667,0.990042,4.830833,0.332125,0.000000,0.000000
1,USSR-KV5,138,11.578000,11.577459,0,0.000083,7.841541,0.001750,0.092208,3.383375,4.887005,0.349584,0.000000,0.000000
1,USSR-KV5,139,16.294792,16.294708,1,2.790666,7.862792,0.001833,0.202959,5.116500,4.815323,0.381542,0.000000,0.000000
1,USSR-KV5,140,8.603041,8.602959,0,0.000125,7.624750,0.001959,0.104333,0.615666,4.767091,0.362543,0.000000,0.000000
1,USSR-KV5,141,12.735042,12.734666,1,2.830292,7.932917,0.002208,0.087000,1.582250,4.886749,0.421582,0.000000,0.000000
1,USSR-KV5,142,12.051000,12.050791,0,0.000000,7.911792,0.002250,0.106041,3.721083,4.711625,0.376832,0.000000,0.000000
1,USSR-KV5,143,14.150417,14.150208,1,2.693500,7.735333,0.001833,0.378959,2.917458,4.770501,0.344583,0.000000,0.000000
1,USSR-KV5,144,8.784750,8.784625,0,0.000083,7.688167,0.001958,0.120791,0.674917,4.738340,0.354333,0.000000,0.000000
1,USSR-KV5,145,12.251625,12.251459,1,2.700542,8.097458,0.002083,0.138833,1.005250,5.139166,0.363666,0.000000,0.000000
1,USSR-KV5,146,12.671708,12.671458,0,0.000125,8.219208,0.002500,0.103208,3.994458,5.030826,0.419626,0.000000,0.000000
1,USSR-KV5,147,11.435833,11.435583,1,2.734458,7.600292,0.002084,0.093167,0.682708,4.732999,0.349499,0.000000,0.000000
1,USSR-KV5,148,9.254250,9.254000,0,0.000041,8.244916,0.002292,0.099333,0.570417,5.167788,0.378957,0.000000,0.000000
1,USSR-KV5,149,15.505833,15.505625,1,2.749875,8.010250,0.002209,0.100292,4.329167,4.890665,0.352625,0.000000,0.000000
1,USSR-KV5,150,8.533167,8.532917,0,0.000500,7.595416,0.001917,0.129416,0.528083,4.740460,0.352917,0.000000,0.000000
1,USSR-KV5,151,13.800875,13.800709,1,2.615375,7.974291,0.001958,0.087875,2.852250,4.958963,0.369084,0.000000,0.000000
1,USSR-KV5,152,9.007375,9.007250,0,0.000042,7.889542,0.015458,0.103583,0.718167,4.931216,0.422125,0.000000,0.000000
1,USSR-KV5,153,14.860541,14.860334,1,2.593958,7.800833,0.001791,0.141875,3.986917,4.824835,0.357375,0.000000,0.000000
1,USSR-KV5,154,11.096458,11.096042,0,0.000042,7.916917,0.001875,0.081000,2.864792,5.057007,0.365666,0.000000,0.000000
1,USSR-KV5,155,11.879792,11.879708,1,2.749667,7.941000,0.001834,0.119042,0.756834,5.009829,0.357209,0.000000,0.000000
1,USSR-KV5,156,8.538792,8.538541,0,0.000000,7.565666,0.001875,0.082000,0.580833,4.727625,0.336875,0.000000,0.000000
1,USSR-KV5,157,11.080791,11.080625,1,2.597417,7.585000,0.001833,0.108166,0.527667,4.676791,0.340290,0.000000,0.000000
1,USSR-KV5,158,10.607917,10.607708,0,0.000125,7.802958,0.001875,0.106125,2.460583,5.012417,0.355126,0.000000,0.000000
1,USSR-KV5,159,13.762083,13.761833,1,2.553292,7.669458,0.001958,0.112792,3.106334,4.803916,0.398082,0.000000,0.000000
1,USSR-KV5,160,8.731291,8.730959,0,0.000208,7.657709,0.001958,0.087250,0.729375,4.831129,0.389876,0.000000,0.000000
1,USSR-KV5,161,12.130291,12.130209,1,2.779125,7.972333,0.001833,0.086500,0.994666,5.051249,0.432751,0.000000,0.000000
1,USSR-KV5,162,12.342417,12.342208,0,0.000167,7.392000,0.001500,0.093916,4.620666,4.675875,0.330168,0.000000,0.000000
1,USSR-KV5,163,17.186709,17.186583,1,2.709333,7.638833,0.001834,0.103458,6.421375,4.718287,0.349250,0.000000,0.000000
1,USSR-KV5,164,16.753333,16.752875,0,0.000000,7.932417,0.002167,0.091333,8.444708,5.052465,0.370540,0.000000,0.000000
1,USSR-KV5,165,12.070667,12.070209,1,2.975292,8.005750,0.002708,0.093417,0.654542,4.963329,0.370875,0.000000,0.000000
1,USSR-KV5,166,11.706000,11.705500,0,0.000042,8.822917,0.002833,0.106625,2.414542,5.574716,0.447584,0.000000,0.000000
1,USSR-KV5,167,11.856625,11.856250,1,2.864042,7.959667,0.002375,0.095125,0.603291,5.007208,0.351459,0.000000,0.000000
1,USSR-KV5,168,11.934583,11.934333,0,0.000041,7.865084,0.001750,0.094958,3.708042,4.957390,0.355707,0.000000,0.000000
1,USSR-KV5,169,11.550625,11.550417,1,2.891708,7.616417,0.001833,0.095250,0.643250,4.614134,0.387582,0.000000,0.000000
1,USSR-KV5,170,9.806875,9.806625,0,0.000292,8.079083,0.001834,0.090250,1.357959,5.137211,0.360876,0.000000,0.000000
1,USSR-KV5,171,14.126000,14.125667,1,2.648917,7.923416,0.002208,0.114792,3.087459,4.925879,0.362583,0.000000,0.000000
1,USSR-KV5,172,8.905875,8.905667,0,0.000166,7.992792,0.002041,0.093666,0.548708,4.842299,0.412751,0.000000,0.000000
1,USSR-KV5,173,13.151667,13.151459,1,2.771458,8.031583,0.002667,0.104250,1.870708,5.053378,0.411207,0.000000,0.000000
1,USSR-KV5,174,13.382792,13.382625,0,0.000042,7.815958,0.002042,0.125083,5.157416,4.907946,0.353167,0.000000,0.000000
1,USSR-KV5,175,13.448375,13.448166,1,2.562291,7.537333,0.002042,0.133958,2.942542,4.740001,0.351043,0.000000,0.000000
1,USSR-KV5,176,9.068042,9.067833,0,0.000042,8.046666,0.001750,0.086292,0.689750,5.163336,0.397290,0.000000,0.000000
1,USSR-KV5,177,12.054542,12.054458,1,2.755750,8.236875,0.002709,0.116167,0.636167,5.150122,0.376748,0.000000,0.000000
1,USSR-KV5,178,13.325834,13.325625,0,0.000042,7.944667,0.002750,0.126834,4.894916,4.999122,0.363291,0.000000,0.000000
1,USSR-KV5,179,11.517500,11.517166,1,2.904667,7.598083,0.002125,0.107917,0.597334,4.766502,0.394543,0.000000,0.000000
1,USSR-KV5,180,8.883500,8.883375,0,0.000041,7.866166,0.002292,0.105417,0.650750,4.948043,0.364333,0.000000,0.000000
1,USSR-KV5,181,12.763250,12.762917,1,2.798375,8.003042,0.002375,0.143625,1.436333,4.974115,0.355958,0.000000,0.000000
1,USSR-KV5,182,8.901833,8.901500,0,0.000125,7.923833,0.001959,0.115167,0.588708,4.940626,0.383290,0.000000,0.000000
1,USSR-KV5,183,12.623333,12.623166,1,2.805459,8.011500,0.002625,0.125416,1.309666,4.995710,0.367459,0.000000,0.000000
1,USSR-KV5,184,11.838458,11.838375,0,0.000167,7.709708,0.001625,0.083292,3.788041,4.799957,0.349084,0.000000,0.000000
1,USSR-KV5,185,11.519708,11.519584,1,2.804291,7.731708,0.001708,0.074958,0.623750,4.804000,0.353166,0.000000,0.000000
1,USSR-KV5,186,9.715208,9.714959,0,0.000000,8.246125,0.002209,0.096709,1.047916,5.223457,0.382999,0.000000,0.000000
1,USSR-KV5,187,13.447125,13.447000,1,2.682333,7.860292,0.002083,0.083083,2.531459,4.813411,0.348043,0.000000,0.000000
1,USSR-KV5,188,8.602167,8.602000,0,0.000042,7.764041,0.001667,0.074917,0.528459,4.890129,0.363165,0.000000,0.000000
1,USSR-KV5,189,12.112125,12.111750,1,2.742583,8.283916,0.001917,0.095750,0.667584,5.096630,0.417126,0.000000,0.000000
1,USSR-KV5,190,11.591750,11.591625,0,0.000041,7.625917,0.002125,0.081958,3.627125,4.750797,0.342208,0.000000,0.000000
1,USSR-KV5,191,11.354459,11.354250,1,2.772291,7.645084,0.002167,0.082083,0.567000,4.776413,0.360583,0.000000,0.000000
1,USSR-KV5,192,12.079625,12.079458,0,0.000000,8.080000,0.002459,0.099125,3.637333,5.084371,0.425293,0.000000,0.000000
1,USSR-KV5,193,12.033416,12.032833,1,2.720709,8.268375,0.002042,0.098542,0.655625,4.935552,0.362873,0.000000,0.000000
1,USSR-KV5,194,9.290959,9.290875,0,0.000041,7.750375,0.001833,0.099708,1.200291,4.896004,0.351501,0.000000,0.000000
1,USSR-KV5,195,12.528125,12.527958,1,2.677625,7.911542,0.001875,0.097958,1.513834,4.737956,0.352625,0.000000,0.000000
1,USSR-KV5,196,13.230750,13.230500,0,0.000042,7.748917,0.002167,0.100667,5.121500,4.775133,0.350670,0.000000,0.000000
1,USSR-KV5,197,13.418917,13.418708,1,2.682375,7.581166,0.001750,0.130875,2.732041,4.765090,0.340667,0.000000,0.000000
1,USSR-KV5,198,8.523125,8.523000,0,0.000000,7.584542,0.002917,0.112042,0.570917,4.808418,0.338999,0.000000,0.000000
1,USSR-KV5,199,11.795708,11.795417,1,2.583000,7.939667,0.002125,0.107291,0.853708,4.844290,0.516791,0.000000,0.000000
1,USSR-KV5,200,12.697334,12.697042,0,0.000042,7.854125,0.002000,0.115583,4.423417,4.916842,0.384999,0.000000,0.000000
1,USSR-KV5,201,16.031542,16.031000,1,2.799500,7.708375,0.002292,0.122333,5.092375,4.856374,0.358082,0.000000,0.000000
1,USSR-KV5,202,8.844375,8.844125,0,0.000000,7.783625,0.001917,0.100250,0.722959,4.949377,0.393666,0.000000,0.000000
1,USSR-KV5,203,15.265375,15.265125,1,2.545709,7.742125,0.001750,0.111958,4.587250,4.809299,0.351914,0.000000,0.000000
1,USSR-KV5,204,10.409541,10.408875,0,0.000000,7.461333,0.001917,0.092709,2.612583,4.668460,0.387626,0.000000,0.000000
1,USSR-KV5,205,15.287292,15.287208,1,2.683834,7.570750,0.001875,0.086125,4.657000,4.736660,0.343917,0.000000,0.000000
1,USSR-KV5,206,8.523792,8.523667,0,0.000125,7.605625,0.002000,0.090792,0.592583,4.841296,0.355168,0.000000,0.000000
1,USSR-KV5,207,11.966375,11.965958,1,2.598459,7.656291,0.001917,0.103250,1.313000,4.815874,0.377999,0.000000,0.000000
1,USSR-KV5,208,13.398375,13.398250,0,0.000042,7.543834,0.001667,0.131959,5.485792,4.719627,0.378043,0.000000,0.000000
1,USSR-KV5,209,11.443583,11.443375,1,2.639917,7.446334,0.002000,0.089417,0.583667,4.639292,0.355707,0.000000,0.000000
1,USSR-KV5,210,9.283292,9.283125,0,0.000084,8.084708,0.001917,0.085625,0.878916,5.175417,0.345668,0.000000,0.000000
1,USSR-KV5,211,13.255000,13.254375,1,2.501625,7.611333,0.001959,0.100959,2.742042,4.754702,0.384250,0.000000,0.000000
1,USSR-KV5,212,8.863541,8.863417,0,0.000042,7.436084,0.001917,0.083250,1.093916,4.670749,0.343501,0.000000,0.000000
1,USSR-KV5,213,11.579875,11.579792,1,2.705458,7.731041,0.002208,0.092084,0.739292,4.899714,0.352959,0.000000,0.000000
1,USSR-KV5,214,11.496583,11.496500,0,0.000041,7.601000,0.001666,0.092709,3.533042,4.649166,0.351416,0.000000,0.000000
1,USSR-KV5,215,11.212750,11.212584,1,2.836625,7.376375,0.001916,0.082917,0.640250,4.651457,0.349166,0.000000,0.000000
1,USSR-KV5,216,8.672792,8.672625,0,0.000041,7.693208,0.001542,0.086084,0.629167,4.740914,0.377375,0.000000,0.000000
1,USSR-KV5,217,13.586042,13.585917,1,2.665250,7.326250,0.001625,0.081083,3.250416,4.579826,0.335625,0.000000,0.000000
1,USSR-KV5,218,8.851125,8.851000,0,0.000125,7.524375,0.001917,0.095792,0.911125,4.769199,0.346791,0.000000,0.000000
1,USSR-KV5,219,11.108583,11.108459,1,2.644583,7.508166,0.001833,0.079500,0.609042,4.717222,0.340750,0.000000,0.000000
1,USSR-KV5,220,8.813500,8.813375,0,0.000125,7.664375,0.001500,0.119459,0.800625,4.858578,0.342124,0.000000,0.000000
1,USSR-KV5,221,11.678417,11.677792,1,2.778125,7.934333,0.002125,0.115833,0.539459,5.091290,0.368666,0.000000,0.000000
1,USSR-KV5,222,10.917875,10.917792,0,0.000083,7.377208,0.001959,0.086709,3.212334,4.596498,0.336876,0.000000,0.000000
1,USSR-KV5,223,14.918459,14.917958,1,2.740333,7.536459,0.002125,0.084917,4.180334,4.724788,0.354125,0.000000,0.000000
1,USSR-KV5,224,8.866375,8.866167,0,0.000125,7.932875,0.002125,0.099458,0.570333,4.902533,0.436499,0.000000,0.000000
1,USSR-KV5,225,11.440750,11.440584,1,2.533250,7.887208,0.001792,0.106875,0.611292,4.831003,0.351250,0.000000,0.000000
1,USSR-KV5,226,8.342250,8.318209,0,0.000000,7.418375,0.001500,0.091417,0.563625,4.674526,0.347916,0.000000,0.000000
1,USSR-KV5,227,11.571834,11.571458,1,2.693792,7.784625,0.001792,0.119458,0.688667,4.978889,0.359250,0.000000,0.000000
1,USSR-KV5,228,11.271375,11.271291,0,0.000167,7.921750,0.001875,0.099958,2.998833,5.036925,0.343541,0.000000,0.000000
1,USSR-KV5,229,15.085791,15.085500,1,2.592500,7.677125,0.001834,0.073750,4.468708,4.779502,0.346582,0.000000,0.000000
1,USSR-KV5,230,9.975208,9.974959,0,0.000208,7.689083,0.001833,0.102541,1.929000,4.939863,0.346166,0.000000,0.000000
1,USSR-KV5,231,11.491000,11.490916,1,2.623708,7.878583,0.002000,0.121250,0.515333,4.990712,0.369252,0.000000,0.000000
1,USSR-KV5,232,12.700541,12.700292,0,0.000042,7.426125,0.001666,0.103250,4.883583,4.670034,0.336707,0.000000,0.000000
1,USSR-KV5,233,16.352833,16.352500,1,2.736708,7.833709,0.002417,0.100833,5.350583,4.927834,0.362917,0.000000,0.000000
1,USSR-KV5,234,8.970625,8.969792,0,0.000000,7.909708,0.002209,0.102750,0.655375,5.044586,0.363917,0.000000,0.000000
1,USSR-KV5,235,13.196166,13.195667,1,2.875083,9.104459,0.002000,0.100000,0.759541,5.808991,0.383665,0.000000,0.000000
1,USSR-KV5,236,11.583667,11.583417,0,0.000667,8.225792,0.001958,0.111333,2.933792,5.137409,0.367750,0.000000,0.000000
1,USSR-KV5,237,15.093208,15.092916,1,3.315417,7.996917,0.002500,0.110250,3.031958,4.971055,0.364293,0.000000,0.000000
1,USSR-KV5,238,9.131333,9.131167,0,0.000125,8.067333,0.002000,0.100125,0.669333,5.080782,0.404750,0.000000,0.000000
1,USSR-KV5,239,13.425541,13.425167,1,2.926583,9.386542,0.002625,0.098917,0.683833,6.312081,0.401582,0.000000,0.000000
1,USSR-KV5,240,12.268000,12.267791,0,0.000000,8.168291,0.002292,0.096041,3.714875,5.169450,0.371917,0.000000,0.000000
1,USSR-KV5,241,14.867000,14.866792,1,2.806667,7.907250,0.002375,0.097667,3.727458,4.909034,0.349998,0.000000,0.000000
1,USSR-KV5,242,9.070875,9.070375,0,0.000042,8.070209,0.002042,0.107917,0.612917,5.104003,0.386249,0.000000,0.000000
1,USSR-KV5,243,12.285542,12.285291,1,2.868791,8.324708,0.002208,0.103875,0.633750,5.202576,0.453957,0.000000,0.000000
1,USSR-KV5,244,13.482000,13.481750,0,0.000000,8.070625,0.002000,0.097083,5.058583,5.091184,0.362791,0.000000,0.000000
1,USSR-KV5,245,16.260833,16.260542,1,3.105292,7.923458,0.001959,0.102917,4.836625,4.986333,0.368584,0.000000,0.000000
1,USSR-KV5,246,9.353042,9.352875,0,0.000167,8.337334,0.002250,0.126500,0.623542,5.259585,0.375999,0.000000,0.000000
1,USSR-KV5,247,12.678375,12.678250,1,2.894291,8.439958,0.002333,0.134375,0.756875,5.326705,0.378876,0.000000,0.000000
1,USSR-KV5,248,12.699375,12.699291,0,0.000042,8.533333,0.002500,0.132125,3.602084,5.395249,0.372209,0.000000,0.000000
1,USSR-KV5,249,15.864500,15.864375,1,3.155125,8.181833,0.002291,0.111125,4.015250,5.089747,0.376665,0.000000,0.000000
1,USSR-KV5,250,9.418208,9.417916,0,0.000000,8.243125,0.002166,0.139000,0.767542,5.261578,0.367415,0.000000,0.000000
1,USSR-KV5,251,13.120833,13.120584,1,2.874500,8.736000,0.002458,0.156750,0.992792,5.386660,0.380415,0.000000,0.000000
1,USSR-KV5,252,14.000208,13.999959,0,0.000041,8.312666,0.002333,0.268916,5.088792,5.199122,0.394458,0.000000,0.000000
1,USSR-KV5,253,19.732250,19.732084,1,2.883500,9.115792,0.002250,0.237959,6.460542,5.436175,0.422916,0.000000,0.000000
1,USSR-KV5,254,10.711125,10.710917,0,0.000041,8.194541,0.002583,0.166416,2.046166,5.160034,0.359292,0.000000,0.000000
1,USSR-KV5,255,16.816458,16.816292,1,2.856125,9.650208,0.002291,0.102584,3.864250,6.261544,0.444667,0.000000,0.000000
1,USSR-KV5,256,9.421375,9.420917,0,0.000042,8.411875,0.002208,0.104084,0.622834,5.351113,0.386957,0.000000,0.000000
1,USSR-KV5,257,13.353209,13.353083,1,3.130042,9.111250,0.002500,0.110167,0.631666,5.817959,0.579376,0.000000,0.000000
1,USSR-KV5,258,13.529792,13.529542,0,0.000209,10.603416,0.002500,0.110417,2.496000,7.023303,0.377793,0.000000,0.000000
1,USSR-KV5,259,13.832209,13.831791,1,3.180542,8.171291,0.002459,0.112208,1.981917,5.029578,0.411916,0.000000,0.000000
1,USSR-KV5,260,9.264708,9.264417,0,0.000042,8.274333,0.001916,0.159833,0.579292,5.212703,0.393126,0.000000,0.000000
1,USSR-KV5,261,12.865167,12.864916,1,2.981958,8.681792,0.002334,0.093666,0.774875,5.456719,0.537291,0.000000,0.000000
1,USSR-KV5,262,10.710125,10.709708,0,0.000042,8.749375,0.002291,0.124042,1.485250,5.132838,0.376543,0.000000,0.000000
1,USSR-KV5,263,16.475000,16.474833,1,3.209000,7.982250,0.002291,0.106750,4.839041,5.030867,0.367834,0.000000,0.000000
1,USSR-KV5,264,9.265666,9.265375,0,0.000042,8.272917,0.001833,0.097209,0.610917,5.223206,0.377001,0.000000,0.000000
1,USSR-KV5,265,12.318291,12.317917,1,2.846416,8.408000,0.002208,0.112708,0.631625,5.260664,0.384834,0.000000,0.000000
1,USSR-KV5,266,10.381834,10.381458,0,0.000042,8.024042,0.001917,0.093959,1.999875,5.007508,0.363583,0.000000,0.000000
1,USSR-KV5,267,12.323000,12.322750,1,2.939791,8.228875,0.002250,0.092625,0.737083,5.154033,0.398751,0.000000,0.000000
1,USSR-KV5,268,11.775541,11.775250,0,0.000541,10.601250,0.002500,0.111708,0.714042,6.996007,0.612461,0.000000,0.000000
1,USSR-KV5,269,13.134458,13.133625,1,2.933375,8.935417,0.002500,0.107083,0.799167,5.354202,0.389958,0.000000,0.000000
1,USSR-KV5,270,12.783250,12.783042,0,0.000041,8.418625,0.001958,0.087125,3.965584,5.357253,0.367709,0.000000,0.000000
1,USSR-KV5,271,12.064125,12.064000,1,2.905917,8.020083,0.002042,0.101291,0.575791,5.029124,0.369749,0.000000,0.000000
1,USSR-KV5,272,9.470084,9.469625,0,0.000042,8.498416,0.001917,0.113875,0.589542,5.437580,0.408292,0.000000,0.000000
1,USSR-KV5,273,13.826167,13.826000,1,2.838000,8.318375,0.002416,0.084125,2.257625,5.168090,0.361540,0.000000,0.000000
1,USSR-KV5,274,9.305083,9.304959,0,0.000042,8.311125,0.001959,0.103625,0.626792,5.213287,0.363709,0.000000,0.000000
1,USSR-KV5,275,12.310292,12.310208,1,2.741500,8.337833,0.001834,0.091292,0.827541,5.223584,0.367334,0.000000,0.000000
1,USSR-KV5,276,10.403000,10.402791,0,0.000042,8.138208,0.002250,0.097708,1.889333,5.110249,0.368040,0.000000,0.000000
1,USSR-KV5,277,16.878208,16.877958,1,3.223792,9.173750,0.002333,0.098542,4.037667,5.886119,0.555875,0.000000,0.000000
1,USSR-KV5,278,9.769917,9.769667,0,0.000042,8.203125,0.002416,0.093750,1.191458,5.164633,0.355917,0.000000,0.000000
1,USSR-KV5,279,12.205792,12.205584,1,2.962500,8.242959,0.002292,0.105417,0.575708,5.081242,0.374375,0.000000,0.000000
1,USSR-KV5,280,11.012375,11.012042,0,0.000458,8.586625,0.001750,0.097250,2.070500,5.467264,0.384876,0.000000,0.000000
1,USSR-KV5,281,11.759292,11.759041,1,2.865042,7.924625,0.001916,0.092833,0.552042,4.927374,0.359291,0.000000,0.000000
1,USSR-KV5,282,9.293666,9.293500,0,0.000042,8.331416,0.001833,0.092416,0.623917,5.272874,0.389918,0.000000,0.000000
1,USSR-KV5,283,15.083208,15.083000,1,2.908125,8.086875,0.002291,0.099375,3.647042,5.004623,0.362293,0.000000,0.000000
1,USSR-KV5,284,18.140000,18.139833,0,0.000000,8.156041,0.001583,0.097125,9.608875,5.115336,0.366417,0.000000,0.000000
1,USSR-KV5,285,13.460417,13.460208,1,3.008292,8.364167,0.002083,0.102500,1.651833,5.193498,0.377457,0.000000,0.000000
1,USSR-KV5,286,9.266250,9.266167,0,0.000250,8.200750,0.001792,0.087458,0.719666,5.143174,0.377666,0.000000,0.000000
1,USSR-KV5,287,12.166125,12.166042,1,2.809042,8.343541,0.001833,0.089666,0.627833,5.246081,0.389250,0.000000,0.000000
1,USSR-KV5,288,14.093250,14.093125,0,0.000208,8.093041,0.001833,0.093541,5.631875,5.060926,0.364042,0.000000,0.000000
1,USSR-KV5,289,14.770791,14.770542,1,2.927125,8.175959,0.002375,0.114708,3.217125,4.967287,0.360001,0.000000,0.000000
1,USSR-KV5,290,9.245375,9.245291,0,0.000042,8.226666,0.002042,0.102459,0.653542,5.140330,0.368125,0.000000,0.000000
1,USSR-KV5,291,12.874791,12.874500,1,2.984333,8.192458,0.002250,0.181916,1.200000,5.205424,0.372543,0.000000,0.000000
1,USSR-KV5,292,10.369458,10.369334,0,0.000125,8.435959,0.001875,0.085750,1.587083,5.377544,0.370626,0.000000,0.000000
1,USSR-KV5,293,13.779125,13.778750,1,2.786125,7.924667,0.001792,0.092667,2.675750,4.956420,0.367377,0.000000,0.000000
1,USSR-KV5,294,9.167209,9.167125,0,0.000125,8.058459,0.001875,0.122333,0.750541,5.084251,0.364375,0.000000,0.000000
1,USSR-KV5,295,12.557708,12.557625,1,2.809166,8.236875,0.002250,0.119666,1.010542,5.207249,0.368709,0.000000,0.000000
1,USSR-KV5,296,13.426083,13.425875,0,0.000000,8.509250,0.001917,0.110791,4.557375,5.385364,0.394793,0.000000,0.000000
1,USSR-KV5,297,11.778167,11.777958,1,2.896292,7.903917,0.001958,0.104791,0.569833,4.938293,0.370042,0.000000,0.000000
1,USSR-KV5,298,9.283833,9.283667,0,0.000041,8.271708,0.002167,0.086584,0.662500,5.235129,0.386709,0.000000,0.000000
1,USSR-KV5,299,14.670459,14.670208,1,2.776500,8.395208,0.002125,0.123291,3.027500,5.139135,0.374875,0.000000,0.000000
1,USSR-KV5,300,14.256500,14.256417,0,0.000042,8.203500,0.001917,0.082208,5.689167,5.139870,0.363209,0.000000,0.000000
1,USSR-KV5,301,17.653709,17.653417,1,2.881292,8.172084,0.002042,0.093166,6.196375,5.073494,0.402542,0.000000,0.000000
1,USSR-KV5,302,10.727667,10.727583,0,0.000250,8.250583,0.002541,0.089125,2.090291,5.135838,0.373751,0.000000,0.000000
1,USSR-KV5,303,12.045708,12.045542,1,2.866250,7.993042,0.001750,0.095083,0.744041,5.020202,0.366209,0.000000,0.000000
1,USSR-KV5,304,12.033875,12.033625,0,0.000625,8.321916,0.002125,0.089792,3.357459,5.217259,0.428249,0.000000,0.000000
1,USSR-KV5,305,15.673667,15.673542,1,2.824375,8.286042,0.001916,0.097208,4.137500,5.145751,0.360084,0.000000,0.000000
1,USSR-KV5,306,9.027916,9.027834,0,0.000166,8.098459,0.002208,0.093292,0.544083,5.120419,0.363416,0.000000,0.000000
1,USSR-KV5,307,12.184417,12.184250,1,2.729084,8.401958,0.002208,0.106083,0.646334,5.319158,0.373124,0.000000,0.000000
1,USSR-KV5,308,10.090584,10.090458,0,0.000000,8.018417,0.001750,0.111041,1.694291,5.060374,0.366542,0.000000,0.000000
1,USSR-KV5,309,12.170250,12.170125,1,2.756250,8.334334,0.002083,0.100125,0.672792,5.236041,0.387374,0.000000,0.000000
1,USSR-KV5,310,10.008292,10.007958,0,0.000042,8.955583,0.002000,0.090500,0.676542,5.831084,0.412625,0.000000,0.000000
1,USSR-KV5,311,13.514250,13.514041,1,2.889291,8.187291,0.002250,0.106125,1.959375,5.038999,0.361290,0.000000,0.000000
1,USSR-KV5,312,9.006833,9.006709,0,0.000042,8.027958,0.001750,0.116750,0.589833,5.064784,0.369959,0.000000,0.000000
1,USSR-KV5,313,12.316125,12.315750,1,2.890875,8.367583,0.002291,0.090750,0.605500,5.207218,0.521333,0.000000,0.000000
1,USSR-KV5,314,12.887916,12.887500,0,0.000042,8.175250,0.002083,0.085500,4.322208,5.163620,0.360500,0.000000,0.000000
1,USSR-KV5,315,13.510833,13.510709,1,2.766250,7.738708,0.001750,0.086833,2.611667,4.811331,0.349250,0.000000,0.000000
1,USSR-KV5,316,9.043708,9.043500,0,0.000041,8.029666,0.001584,0.083291,0.683792,5.108871,0.389042,0.000000,0.000000
1,USSR-KV5,317,13.025875,13.025708,1,2.817500,7.926708,0.002042,0.086125,1.835667,4.960915,0.366207,0.000000,0.000000
1,USSR-KV5,318,15.683333,15.683250,0,0.000250,7.942333,0.001667,0.081750,7.408667,5.030712,0.360584,0.000000,0.000000
1,USSR-KV5,319,17.750042,17.749916,1,2.702916,7.999416,0.001833,0.084625,6.686375,5.036133,0.368459,0.000000,0.000000
1,USSR-KV5,320,12.573750,12.573583,0,0.000084,8.034250,0.001709,0.085000,4.232125,5.083958,0.383582,0.000000,0.000000
1,USSR-KV5,321,18.573291,18.573209,1,2.735084,7.719708,0.001750,0.079583,7.755166,4.873503,0.357000,0.000000,0.000000
1,USSR-KV5,322,8.689500,8.689375,0,0.000042,7.592583,0.001917,0.088625,0.762917,4.769664,0.337418,0.000000,0.000000
1,USSR-KV5,323,12.644417,12.644083,1,2.799792,8.578000,0.002417,0.100333,0.843125,5.156953,0.383542,0.000000,0.000000
1,USSR-KV5,324,12.291166,12.290959,0,0.000166,7.947958,0.001833,0.114000,3.928625,4.955329,0.364374,0.000000,0.000000
1,USSR-KV5,325,14.864000,14.863792,1,2.898708,8.021250,0.002166,0.102416,3.507333,4.992200,0.363499,0.000000,0.000000
1,USSR-KV5,326,10.252875,10.252542,0,0.000042,8.673500,0.002167,0.101875,1.112625,5.374450,0.419542,0.000000,0.000000
1,USSR-KV5,327,12.212667,12.212333,1,2.786209,8.343708,0.001917,0.116708,0.617458,5.238382,0.361832,0.000000,0.000000
1,USSR-KV5,328,10.223709,10.223458,0,0.000042,8.128208,0.002458,0.119208,1.616750,5.032596,0.354208,0.000000,0.000000
1,USSR-KV5,329,15.540583,15.540208,1,3.008750,8.138375,0.001875,0.102333,3.991333,5.226819,0.378292,0.000000,0.000000
1,USSR-KV5,330,9.069084,9.068875,0,0.000000,8.121083,0.002750,0.103292,0.538209,5.020750,0.381416,0.000000,0.000000
1,USSR-KV5,331,14.844125,14.843292,1,2.804541,8.323708,0.002167,0.100208,3.314292,5.253411,0.385415,0.000000,0.000000
1,USSR-KV5,332,10.553625,10.553208,0,0.000041,8.132083,0.002167,0.101208,2.012250,5.152747,0.374543,0.000000,0.000000
1,USSR-KV5,333,15.572083,15.571709,1,3.068667,8.222708,0.002041,0.088000,3.865333,5.112208,0.371750,0.000000,0.000000
1,USSR-KV5,334,9.426417,9.426125,0,0.000125,8.394833,0.001750,0.103917,0.594416,5.207336,0.369542,0.000000,0.000000
1,USSR-KV5,335,11.978584,11.978333,1,2.930083,7.989167,0.002250,0.135250,0.637334,5.066373,0.370123,0.000000,0.000000
1,USSR-KV5,336,10.848083,10.847792,0,0.000000,8.015375,0.001792,0.097750,2.476041,5.031330,0.413875,0.000000,0.000000
1,USSR-KV5,337,11.809917,11.809708,1,2.908292,7.895333,0.001750,0.104708,0.620750,4.957741,0.368582,0.000000,0.000000
1,USSR-KV5,338,10.320625,10.320541,0,0.000042,8.369041,0.001958,0.102208,1.538000,5.310960,0.381626,0.000000,0.000000
1,USSR-KV5,339,15.475959,15.475708,1,2.588625,8.822167,0.002208,0.122375,3.585042,4.903208,0.352123,0.000000,0.000000
1,USSR-KV5,340,14.093792,14.093541,0,0.000042,8.443458,0.002375,0.145833,5.166125,5.360256,0.371707,0.000000,0.000000
1,USSR-KV5,341,15.299500,15.299292,1,3.004042,8.304375,0.002167,0.090791,3.541250,5.242744,0.357792,0.000000,0.000000
1,USSR-KV5,342,9.331750,9.331542,0,0.000125,8.257334,0.002208,0.087583,0.680042,5.213249,0.375000,0.000000,0.000000
1,USSR-KV5,343,16.039291,16.039125,1,2.689208,7.888333,0.001917,0.183834,4.960916,4.865334,0.345710,0.000000,0.000000
1,USSR-KV5,344,9.963583,9.963500,0,0.000041,7.620625,0.002209,0.089834,1.986125,4.779205,0.350916,0.000000,0.000000
1,USSR-KV5,345,15.368875,15.368709,1,2.775292,7.820875,0.002334,0.087333,4.382459,4.821338,0.434166,0.000000,0.000000
1,USSR-KV5,346,8.847416,8.847167,0,0.000250,7.874875,0.001959,0.084000,0.619166,4.942845,0.369791,0.000000,0.000000
1,USSR-KV5,347,16.476958,16.476834,1,3.449208,8.017208,0.001958,0.093959,4.625500,5.014305,0.472208,0.000000,0.000000
1,USSR-KV5,348,9.139834,9.139667,0,0.000042,7.901750,0.002167,0.095458,0.882500,4.878380,0.387709,0.000000,0.000000
1,USSR-KV5,349,17.753292,17.753166,1,2.701625,7.894625,0.001709,0.074959,6.777708,4.891619,0.352625,0.000000,0.000000
1,USSR-KV5,350,19.088625,19.088333,0,0.000292,7.818791,0.001958,0.098834,10.884708,4.905291,0.343459,0.000000,0.000000
1,USSR-KV5,351,12.583542,12.583208,1,2.669291,7.905584,0.002500,0.106416,1.575208,4.987969,0.353833,0.000000,0.000000
1,USSR-KV5,352,9.144542,9.144292,0,0.000041,8.170125,0.002125,0.100000,0.600792,5.099295,0.420250,0.000000,0.000000
1,USSR-KV5,353,13.794833,13.794500,1,2.681208,8.165458,0.001750,0.092791,2.535125,5.220618,0.361376,0.000000,0.000000
1,USSR-KV5,354,13.158291,13.158125,0,0.000167,7.824375,0.001709,0.091583,4.985584,4.901932,0.354793,0.000000,0.000000
1,USSR-KV5,355,13.663250,13.663167,1,2.754792,7.625458,0.002042,0.112292,2.858875,4.679463,0.336082,0.000000,0.000000
1,USSR-KV5,356,8.896333,8.896125,0,0.000083,7.905667,0.001750,0.076917,0.679375,4.927503,0.395249,0.000000,0.000000
1,USSR-KV5,357,11.547000,11.546833,1,2.548125,7.676625,0.002375,0.129833,0.821834,4.808967,0.384209,0.000000,0.000000
1,USSR-KV5,358,12.268750,12.268625,0,0.000000,7.640792,0.001875,0.088792,4.294959,4.789709,0.386790,0.000000,0.000000
1,USSR-KV5,359,11.246250,11.246167,1,2.661333,7.621292,0.002167,0.099000,0.541708,4.737173,0.356875,0.000000,0.000000
1,USSR-KV5,360,8.703833,8.703708,0,0.000083,7.784125,0.001792,0.115125,0.558958,4.870534,0.352209,0.000000,0.000000
1,USSR-KV5,361,11.984459,11.984375,1,2.661708,7.607875,0.001917,0.086708,1.347708,4.721165,0.357874,0.000000,0.000000
1,USSR-KV5,362,9.112917,9.112792,0,0.000083,8.125167,0.002000,0.081041,0.665166,5.212371,0.366708,0.000000,0.000000
1,USSR-KV5,363,13.545375,13.545292,1,2.682375,7.621167,0.001917,0.084125,2.844958,4.777136,0.348875,0.000000,0.000000
1,USSR-KV5,364,16.785916,16.785750,0,0.000000,7.816084,0.001833,0.086291,8.626208,4.984046,0.352043,0.000000,0.000000
1,USSR-KV5,365,16.581292,16.581166,1,2.757583,7.324250,0.001625,0.074000,6.175584,4.625617,0.326166,0.000000,0.000000
1,USSR-KV5,366,16.682542,16.682458,0,0.000042,7.335334,0.001500,0.077209,9.044916,4.595875,0.337416,0.000000,0.000000
1,USSR-KV5,367,17.495708,17.495625,1,2.524417,7.278459,0.001542,0.068792,7.362000,4.555043,0.327334,0.000000,0.000000
1,USSR-KV5,368,13.088959,13.088792,0,0.000000,7.379375,0.001875,0.092459,5.391584,4.653876,0.343045,0.000000,0.000000
1,USSR-KV5,369,18.099666,18.099584,1,2.478500,7.460750,0.001667,0.100750,7.782333,4.645332,0.336541,0.000000,0.000000
1,USSR-KV5,370,13.445375,13.445250,0,0.000000,7.280167,0.001709,0.072458,5.869416,4.510085,0.333499,0.000000,0.000000
1,USSR-KV5,371,10.867375,10.867292,1,2.611625,7.213917,0.001583,0.072917,0.715666,4.495537,0.327583,0.000000,0.000000
1,USSR-KV5,372,9.603167,9.602917,0,0.000042,7.611541,0.001584,0.085083,1.678458,4.784171,0.353333,0.000000,0.000000
1,USSR-KV5,373,14.576917,14.576167,1,2.726875,7.810875,0.001959,0.094459,3.634000,4.897038,0.356375,0.000000,0.000000
1,USSR-KV5,374,8.541541,8.541417,0,0.000042,7.554667,0.001708,0.077666,0.661000,4.792839,0.345582,0.000000,0.000000
1,USSR-KV5,375,10.990083,10.989958,1,2.563459,7.532458,0.002083,0.114792,0.496500,4.663132,0.320669,0.000000,0.000000
1,USSR-KV5,376,13.158458,13.158292,0,0.000167,7.711917,0.001792,0.095458,5.121125,4.825543,0.349793,0.000000,0.000000
1,USSR-KV5,377,10.762834,10.762667,1,2.463625,7.286584,0.001500,0.065792,0.707458,4.593706,0.339208,0.000000,0.000000
1,USSR-KV5,378,10.736750,10.736667,0,0.000125,7.393458,0.001625,0.078958,2.904666,4.613537,0.324582,0.000000,0.000000
1,USSR-KV5,379,12.197375,12.197208,1,2.619375,7.735084,0.001792,0.082000,1.426167,4.827424,0.356084,0.000000,0.000000
1,USSR-KV5,380,8.823959,8.823875,0,0.000125,7.895000,0.001500,0.118750,0.561292,4.899906,0.537458,0.000000,0.000000
1,USSR-KV5,381,11.536667,11.536541,1,2.545625,7.779750,0.002417,0.085625,0.831000,4.875126,0.359002,0.000000,0.000000
1,USSR-KV5,382,11.032000,11.031917,0,0.000000,7.440166,0.001625,0.149917,3.213125,4.703262,0.341916,0.000000,0.000000
1,USSR-KV5,383,11.101083,11.101000,1,2.495583,7.662084,0.002083,0.120583,0.552750,4.786957,0.334333,0.000000,0.000000
1,USSR-KV5,384,10.575416,10.575334,0,0.000083,7.664708,0.001792,0.099917,2.539709,4.840658,0.373793,0.000000,0.000000
1,USSR-KV5,385,17.127209,17.126917,1,2.691500,7.669333,0.002458,0.091000,6.334916,4.735794,0.341042,0.000000,0.000000
1,USSR-KV5,386,16.546750,16.546625,0,0.000084,7.555125,0.001958,0.096125,8.650125,4.707164,0.354667,0.000000,0.000000
1,USSR-KV5,387,14.428750,14.428583,1,2.576208,7.336584,0.001667,0.075917,4.169584,4.613007,0.337249,0.000000,0.000000
1,USSR-KV5,388,8.339250,8.339125,0,0.000125,7.325167,0.001792,0.076916,0.715042,4.634297,0.357668,0.000000,0.000000
1,USSR-KV5,389,10.968916,10.968834,1,2.536625,7.460000,0.001583,0.077250,0.608375,4.666783,0.355207,0.000000,0.000000
1,USSR-KV5,390,10.677250,10.677125,0,0.000042,7.656083,0.001875,0.104333,2.669625,4.829007,0.359835,0.000000,0.000000
1,USSR-KV5,391,10.993041,10.992917,1,2.531625,7.359958,0.001917,0.173375,0.646791,4.672744,0.335709,0.000000,0.000000
1,USSR-KV5,392,8.405291,8.405209,0,0.000042,7.493667,0.001959,0.083917,0.584375,4.738874,0.361374,0.000000,0.000000
1,USSR-KV5,393,13.709667,13.709583,1,2.692292,7.393250,0.001500,0.102584,3.225500,4.650535,0.342248,0.000000,0.000000
1,USSR-KV5,394,8.467542,8.467458,0,0.000083,7.446917,0.001833,0.131417,0.660709,4.693589,0.351207,0.000000,0.000000
1,USSR-KV5,395,13.415875,13.415667,1,2.608250,7.537041,0.001833,0.084541,2.909250,4.775290,0.368376,0.000000,0.000000
1,USSR-KV5,396,17.277542,17.277458,0,0.000042,7.298000,0.001792,0.075666,9.672959,4.622651,0.349751,0.000000,0.000000
1,USSR-KV5,397,15.640834,15.640667,1,2.571833,7.343083,0.001541,0.081667,5.382667,4.629208,0.338126,0.000000,0.000000
1,USSR-KV5,398,16.136000,16.135917,0,0.000042,7.288166,0.001625,0.064708,8.580292,4.563838,0.324584,0.000000,0.000000
1,USSR-KV5,399,16.953042,16.952958,1,2.581625,7.369500,0.002000,0.067917,6.691667,4.664743,0.336708,0.000000,0.000000
1,USSR-KV5,400,13.610333,13.610208,0,0.000208,7.476708,0.001667,0.075917,5.821791,4.711626,0.333249,0.000000,0.000000
1,USSR-KV5,401,15.767042,15.766958,1,2.635916,7.329458,0.001709,0.073292,5.457375,4.588668,0.334793,0.000000,0.000000
1,USSR-KV5,402,8.506250,8.506125,0,0.000125,7.533708,0.001542,0.089584,0.650916,4.746790,0.348541,0.000000,0.000000
1,USSR-KV5,403,11.313333,11.312875,1,2.500458,7.432583,0.001709,0.085500,0.999041,4.634121,0.337583,0.000000,0.000000
1,USSR-KV5,404,14.651875,14.651625,0,0.000042,7.381041,0.001709,0.077417,6.957458,4.650163,0.334042,0.000000,0.000000
1,USSR-KV5,405,16.369792,16.369583,1,2.576916,7.539875,0.002042,0.120750,5.792292,4.620116,0.335959,0.000000,0.000000
1,USSR-KV5,406,9.682792,9.682667,0,0.000166,7.586500,0.001875,0.079417,1.751041,4.924996,0.353084,0.000000,0.000000
1,USSR-KV5,407,11.511208,11.510917,1,2.672750,7.629416,0.001750,0.108500,0.831208,4.938959,0.345583,0.000000,0.000000
1,USSR-KV5,408,8.723584,8.723083,0,0.000208,7.778125,0.002125,0.098417,0.546916,4.872627,0.331792,0.000000,0.000000
1,USSR-KV5,409,11.400375,11.400166,1,2.759792,7.444084,0.002042,0.089875,0.814375,4.666499,0.338083,0.000000,0.000000
1,USSR-KV5,410,10.548833,10.548500,0,0.000208,7.993250,0.001667,0.080458,2.227375,4.973671,0.358083,0.000000,0.000000
1,USSR-KV5,411,15.580208,15.580083,1,2.755875,7.375125,0.001708,0.092166,5.080791,4.621740,0.347498,0.000000,0.000000
1,USSR-KV5,412,8.409292,8.409042,0,0.000042,7.450375,0.001791,0.074959,0.657041,4.665003,0.333917,0.000000,0.000000
1,USSR-KV5,413,12.338375,12.338208,1,2.460084,7.592458,0.001791,0.098375,1.832667,4.687750,0.341042,0.000000,0.000000
1,USSR-KV5,414,11.866750,11.866666,0,0.000042,7.727166,0.001875,0.086208,3.835917,4.789909,0.454042,0.000000,0.000000
1,USSR-KV5,415,16.088958,16.088709,1,2.608167,7.391334,0.002125,0.079750,5.725875,4.644623,0.360709,0.000000,0.000000
1,USSR-KV5,416,8.915792,8.915625,0,0.000000,7.978875,0.001708,0.137792,0.553666,5.035002,0.436916,0.000000,0.000000
1,USSR-KV5,417,11.526208,11.526042,1,2.580625,7.515250,0.001875,0.141916,0.962250,4.645416,0.344167,0.000000,0.000000
26,German-Tiger,0,10.733125,10.733000,0,0.000083,7.846083,2.032417,0.086583,0.550500,1.514125,2.760332,0.044541,1.248466
26,German-Tiger,1,15.673792,15.673583,1,4.759083,7.786958,2.061708,0.088584,0.682000,1.488750,2.675965,0.045623,1.228758
26,German-Tiger,2,11.187209,11.187083,0,0.000125,8.047375,2.009958,0.206625,0.689667,1.608464,2.778544,0.046335,1.305291
26,German-Tiger,3,16.703250,16.703042,1,4.575750,7.643125,1.994334,0.077250,2.143250,1.447916,2.625292,0.044291,1.237834
26,German-Tiger,4,14.895292,14.895166,0,0.000042,7.709959,1.991791,0.077500,4.891250,1.482085,2.640710,0.043999,1.251708
26,German-Tiger,5,16.359250,16.359166,1,4.783875,7.873209,2.035125,0.083791,1.294125,1.522789,2.665623,0.049746,1.255788
26,German-Tiger,6,15.538208,15.538000,0,0.000000,7.565542,2.026583,0.082417,5.612875,1.516163,2.619618,0.041665,1.196502
26,German-Tiger,7,16.332667,16.332541,1,4.574083,7.638583,2.123208,0.082000,1.645500,1.430334,2.638795,0.045878,1.223790
26,German-Tiger,8,13.320208,13.319750,0,0.000042,8.188000,2.095750,0.113709,2.650458,1.688837,2.837794,0.060705,1.318465
26,German-Tiger,9,20.249167,20.248917,1,4.867042,8.079292,2.042583,0.093291,4.792584,1.677456,2.725960,0.046209,1.255295
26,German-Tiger,10,14.696917,14.696791,0,0.000000,7.930500,2.071917,0.086417,4.359000,1.563747,2.708373,0.045127,1.251878
26,German-Tiger,11,17.048916,17.048625,1,4.650250,8.238083,2.250208,0.103542,1.505584,1.559708,2.787292,0.045919,1.416584
26,German-Tiger,12,11.307625,11.307416,0,0.000000,8.356625,1.965458,0.083000,0.654542,1.570039,2.950297,0.054749,1.297125
26,German-Tiger,13,16.231083,16.230750,1,4.936833,8.252625,2.036667,0.096667,0.564750,1.598461,2.824580,0.046043,1.290541
26,German-Tiger,14,12.641083,12.640750,0,0.000042,8.275791,2.032500,0.089292,1.985792,1.731209,2.832208,0.047206,1.287001
26,German-Tiger,15,18.742791,18.742625,1,4.925416,8.200416,2.600916,0.102334,2.529959,1.524585,2.760251,0.048418,1.281755
26,German-Tiger,16,11.110917,11.110791,0,0.000041,8.074333,2.017375,0.088125,0.700584,1.559500,2.748208,0.045084,1.254371
26,German-Tiger,17,17.126083,17.125875,1,4.547042,8.023292,2.034333,0.102208,2.098667,1.537041,2.748577,0.045618,1.294622
26,German-Tiger,18,16.108917,16.108666,0,0.000000,8.246125,1.968708,0.148250,5.474542,1.751375,2.802541,0.048497,1.282828
26,German-Tiger,19,17.833458,17.833209,1,4.783125,8.355375,2.104375,0.194167,2.028583,1.559339,2.902752,0.048920,1.298041
26,German-Tiger,20,13.855458,13.855250,0,0.000041,7.964167,2.034166,0.162500,3.452250,1.719751,2.680877,0.046083,1.224995
26,German-Tiger,21,17.376459,17.376250,1,4.765458,8.043667,2.119208,0.088208,2.076167,1.480210,2.688085,0.049296,1.279837
26,German-Tiger,22,14.833791,14.833542,0,0.000042,8.195459,2.092125,0.088042,4.212833,1.563750,2.858998,0.047248,1.362126
26,German-Tiger,23,19.910666,19.910167,1,5.366416,8.121875,2.820583,0.102625,3.132000,1.585376,2.849499,0.046875,1.271753
26,German-Tiger,24,20.028458,20.028292,0,0.000667,8.608625,2.090083,0.113791,8.930834,1.872877,2.979205,0.046875,1.273202
26,German-Tiger,25,18.102875,18.102542,1,4.933584,9.865542,2.205167,0.119416,0.628958,2.411375,3.467213,0.052918,1.302335
26,German-Tiger,26,12.084208,12.083959,0,0.000000,8.639292,2.083916,0.132500,0.941791,1.747709,2.911211,0.071001,1.284629
26,German-Tiger,27,19.189916,19.189375,1,4.943000,8.479042,2.179041,0.094916,3.188583,1.667336,2.921837,0.047916,1.301121
26,German-Tiger,28,12.631959,12.631708,0,0.000042,8.135667,2.164416,0.096625,1.956042,1.661670,2.716668,0.049750,1.251499
26,German-Tiger,29,16.473875,16.473625,1,4.764500,7.985875,2.245667,0.097916,1.061708,1.512459,2.782420,0.046459,1.250161
26,German-Tiger,30,12.693208,12.692959,0,0.000125,7.947541,2.058834,0.092959,2.363708,1.619503,2.685290,0.046544,1.285167
26,German-Tiger,31,17.240333,17.240125,1,4.854500,8.162417,2.049875,0.147917,1.687750,1.499290,2.785327,0.045376,1.375495
26,German-Tiger,32,11.078708,11.078625,0,0.000041,8.082292,2.054000,0.090625,0.608166,1.642004,2.728005,0.048457,1.237130
26,German-Tiger,33,16.796000,16.795583,1,5.168834,8.448458,2.051833,0.097958,0.675125,1.719916,2.907834,0.047959,1.305540
26,German-Tiger,34,11.999584,11.999500,0,0.000041,8.527458,2.256208,0.097458,0.846083,1.654714,2.921208,0.048330,1.342290
26,German-Tiger,35,18.148333,18.148167,1,5.145000,8.287333,2.690000,0.109500,1.487542,1.618085,2.874331,0.048710,1.295459
26,German-Tiger,36,13.161208,13.161042,0,0.000041,8.296958,2.107250,0.121917,2.336666,1.620545,2.772538,0.048038,1.312332
26,German-Tiger,37,17.450084,17.449708,1,5.368250,8.601500,2.163334,0.100083,0.878542,1.664291,3.078249,0.047166,1.274753
26,German-Tiger,38,14.456292,14.455709,0,0.000334,8.894042,2.487708,0.108958,2.615583,1.631501,2.784918,0.048627,1.297046
26,German-Tiger,39,19.351375,19.351250,1,5.186333,9.367542,3.416416,0.126416,0.587083,1.742873,3.175455,0.048497,1.394163
26,German-Tiger,40,12.876208,12.875750,0,0.000041,8.704833,3.096958,0.114791,0.663500,1.800164,2.899622,0.049627,1.306255
26,German-Tiger,41,17.663875,17.663667,1,5.057125,8.697583,2.673916,0.123750,0.664708,1.639173,2.881544,0.049580,1.301588
26,German-Tiger,42,14.574750,14.574500,0,0.000042,8.863334,2.416208,0.125333,2.874042,1.882043,2.960920,0.049622,1.433294
26,German-Tiger,43,17.356042,17.355791,1,4.884666,8.844292,2.491833,0.120208,0.660000,1.691081,3.001833,0.051457,1.455207
26,German-Tiger,44,15.303291,15.303167,0,0.000041,9.064625,2.200625,0.112333,3.642583,1.946958,3.100163,0.052124,1.377541
26,German-Tiger,45,20.610917,20.610417,1,5.268000,9.209250,2.287500,0.120625,3.346333,1.933332,2.979372,0.050710,1.353961
26,German-Tiger,46,14.704334,14.703958,0,0.000167,9.029834,2.409625,0.111000,2.782500,1.796204,2.885499,0.050915,1.336000
26,German-Tiger,47,19.054834,19.054500,1,5.702625,9.041833,2.461708,0.103625,1.390333,1.687587,3.083420,0.048588,1.358550
26,German-Tiger,48,16.482375,16.482000,0,0.000166,8.875875,2.250084,0.129459,4.699000,1.854163,2.883872,0.048581,1.406958
26,German-Tiger,49,18.628542,18.627042,1,5.490208,9.347209,2.386542,0.122833,0.910458,1.877371,3.355331,0.050334,1.395290
26,German-Tiger,50,12.688000,12.687667,0,0.000042,8.756041,2.897375,0.113375,0.608459,1.696209,3.077209,0.049417,1.354750
26,German-Tiger,51,19.277000,19.276709,1,5.216542,10.318041,2.320000,0.178292,0.855042,2.318126,3.413833,0.054373,1.487789
26,German-Tiger,52,15.789375,15.789166,0,0.000000,10.115125,2.381875,0.113250,2.821125,1.799540,2.952796,0.049415,1.350535
26,German-Tiger,53,18.716541,18.716250,1,5.560166,9.823334,2.186750,0.109334,0.679208,2.091749,3.549424,0.052085,1.411834
26,German-Tiger,54,13.995750,13.995458,0,0.000042,9.732542,2.345834,0.114042,1.482000,1.782000,3.343209,0.051456,1.463413
26,German-Tiger,55,18.066791,18.066375,1,5.162834,9.393917,2.351709,0.105834,0.667292,1.672542,3.230041,0.050128,1.422328
26,German-Tiger,56,14.922167,14.921792,0,0.000042,8.850375,2.377958,0.119084,3.301833,1.690499,2.938665,0.052498,1.443540
26,German-Tiger,57,19.499583,19.499292,1,5.402208,9.972583,2.282958,0.117458,1.273292,1.924335,3.576667,0.058707,1.504376
26,German-Tiger,58,13.462875,13.462792,0,0.000125,8.875958,2.402375,0.120709,1.640958,1.719002,3.019004,0.051791,1.362212
26,German-Tiger,59,18.798459,18.798041,1,5.457416,9.012083,2.246584,0.118250,1.612917,1.699543,3.240664,0.050961,1.379879
26,German-Tiger,60,14.416792,14.416500,0,0.000958,10.658708,2.627375,0.110500,0.646583,1.923917,3.597547,0.051291,1.421420
26,German-Tiger,61,19.301333,19.301000,1,5.566750,10.105833,2.389875,0.118041,0.672667,2.249084,3.551083,0.064506,1.335417
26,German-Tiger,62,13.755792,13.755500,0,0.000000,9.715333,2.655000,0.113666,0.941542,1.808330,3.261997,0.049208,1.379206
26,German-Tiger,63,18.840959,18.840500,1,5.602042,9.707000,2.278583,0.121958,0.734375,1.781083,3.370042,0.051415,1.486580
26,German-Tiger,64,16.692542,16.692125,0,0.000042,10.433625,2.696208,0.117166,3.129542,2.464914,3.824163,0.063084,1.463035
26,German-Tiger,65,18.478875,18.478625,1,5.806875,8.980208,2.355417,0.129792,0.812667,1.739415,3.162670,0.055167,1.413293
26,German-Tiger,66,13.983291,13.982917,0,0.000125,10.009958,2.335375,0.119375,1.200708,2.112583,3.504539,0.051624,1.362247
26,German-Tiger,67,20.648500,20.648042,1,5.395500,10.066542,2.384084,0.109625,2.361833,2.202001,3.623953,0.065539,1.557543
26,German-Tiger,68,13.295375,13.294958,0,0.000041,9.029125,2.420583,0.245791,1.224542,1.782584,3.070081,0.050876,1.361333
26,German-Tiger,69,17.969125,17.968875,1,5.258750,9.146792,2.265625,0.185875,0.765958,1.728126,3.313413,0.052420,1.459835
26,German-Tiger,70,13.236709,13.236625,0,0.000209,9.708708,2.346834,0.158375,0.726375,1.756248,3.150912,0.049665,1.376704
26,German-Tiger,71,18.171125,18.170625,1,5.625875,9.063625,2.346042,0.116959,0.673542,1.918832,3.018165,0.050418,1.385000
26,German-Tiger,72,17.268541,17.268459,0,0.000042,8.553292,2.324417,0.192917,5.881250,1.648626,2.940919,0.048752,1.336460
26,German-Tiger,73,17.760584,17.760458,1,4.946458,9.268916,2.377083,0.108250,0.697125,1.888001,3.367459,0.062792,1.360544
26,German-Tiger,74,15.482833,15.482125,0,0.000041,8.966625,3.162292,0.123542,2.921750,1.753668,3.265084,0.051875,1.384784
26,German-Tiger,75,19.053167,19.052916,1,5.555833,9.411625,2.369500,0.113959,1.217833,2.109500,3.138875,0.052873,1.356205
26,German-Tiger,76,15.196875,15.196333,0,0.000042,10.559083,2.755625,0.118875,1.144667,1.809875,3.715835,0.053332,1.766793
26,German-Tiger,77,19.243167,19.242000,1,5.161875,10.466833,2.501041,0.121250,0.607625,2.142749,3.751250,0.055373,1.601296
26,German-Tiger,78,13.474750,13.474375,0,0.000041,9.661250,2.416375,0.104500,0.983000,2.330999,3.164584,0.051334,1.385834
26,German-Tiger,79,18.459542,18.459083,1,5.280375,9.711459,2.268083,0.103917,0.747791,2.316497,3.347547,0.050331,1.374122
26,German-Tiger,80,13.520667,13.520416,0,0.000041,9.030416,2.250292,0.100291,1.819709,1.692294,3.409506,0.054543,1.363750
26,German-Tiger,81,18.425459,18.425000,1,5.228417,9.288333,2.199208,0.101583,1.272875,1.720207,3.241089,0.051245,1.369839
26,German-Tiger,82,15.069583,15.069375,0,0.000042,9.472500,2.357250,0.131833,2.785417,1.785333,3.066997,0.051254,1.366667
26,German-Tiger,83,17.924625,17.924167,1,5.094375,9.128083,2.192792,0.111208,1.064333,1.648498,3.546873,0.053455,1.327873
26,German-Tiger,84,16.808750,16.808542,0,0.000042,8.907916,2.363875,0.099250,5.163291,1.721164,2.893500,0.049998,1.377413
26,German-Tiger,85,17.309333,17.309125,1,5.014208,8.608250,2.356667,0.124334,0.874125,1.595083,3.110880,0.048085,1.281706
26,German-Tiger,86,13.269500,13.269208,0,0.000125,9.400458,2.292500,0.110000,1.168416,1.753793,3.306040,0.050038,1.378371
26,German-Tiger,87,18.877125,18.876666,1,5.092958,8.971334,2.315500,0.120458,2.022417,1.797959,2.987580,0.049873,1.431505
26,German-Tiger,88,13.162209,13.162042,0,0.000042,8.850042,2.279375,0.095459,1.649375,1.671210,2.914419,0.050000,1.369500
26,German-Tiger,89,17.608959,17.608666,1,5.114917,8.445167,2.335041,0.095125,1.285833,1.574666,2.961043,0.049879,1.312248
26,German-Tiger,90,14.970791,14.970542,0,0.000167,8.371542,2.102459,0.105625,4.097542,1.778540,2.814535,0.047288,1.305206
26,German-Tiger,91,19.505875,19.505416,1,5.255459,8.339500,2.476542,0.116208,2.973791,1.594958,2.849499,0.048835,1.339877
26,German-Tiger,92,13.594375,13.594167,0,0.000041,8.376083,2.149708,0.125167,2.674917,1.716585,2.828213,0.049582,1.314079
26,German-Tiger,93,18.004541,18.004250,1,5.008750,8.226583,2.534625,0.187459,1.733166,1.583208,2.821660,0.047873,1.290505
26,German-Tiger,94,15.889708,15.889500,0,0.000125,8.876000,2.257500,0.366834,4.078167,1.802411,3.086790,0.051373,1.352874
26,German-Tiger,95,21.624667,21.623208,1,5.240209,8.573375,2.294666,0.138541,4.935417,1.681290,2.953620,0.051255,1.367416
26,German-Tiger,96,11.893542,11.892833,0,0.000208,8.319417,2.138500,0.145125,0.987667,1.630540,2.915414,0.049207,1.313289
26,German-Tiger,97,17.996208,17.995917,1,4.958583,8.580208,2.391959,0.104750,1.644208,1.692208,2.951754,0.051998,1.348376
26,German-Tiger,98,14.183791,14.183417,0,0.000042,8.134417,2.053667,0.098916,3.640084,1.634254,2.729748,0.047749,1.292739
26,German-Tiger,99,18.506833,18.506125,1,4.896334,8.164375,3.514458,0.119666,1.481291,1.538914,2.836337,0.049043,1.301628
26,German-Tiger,100,14.470375,14.470042,0,0.000375,8.891250,2.426167,0.130334,2.667709,1.745090,3.010126,0.050089,1.321915
26,German-Tiger,101,20.953333,20.953042,1,6.174542,8.912833,2.497250,0.122666,2.905833,1.646917,2.996958,0.049878,1.309090
26,German-Tiger,102,14.884000,14.883833,0,0.000042,8.355625,2.391708,0.093875,3.775958,1.738916,2.843330,0.049081,1.313121
26,German-Tiger,103,16.655000,16.654708,1,4.976166,8.409708,2.290500,0.099583,0.546833,1.528331,2.820214,0.048790,1.303292
26,German-Tiger,104,13.226458,13.226166,0,0.000041,8.212458,2.138959,0.119416,2.519375,1.654870,2.785128,0.046794,1.348625
26,German-Tiger,105,19.229375,19.228875,1,5.008458,8.569542,2.118375,0.095625,3.131000,1.798542,2.985959,0.047789,1.312922
26,German-Tiger,106,15.701791,15.701583,0,0.000000,8.253208,2.209292,0.091458,4.872500,1.640878,2.744207,0.047457,1.297418
26,German-Tiger,107,17.581000,17.580584,1,5.120709,8.105417,2.346209,0.105333,1.595333,1.531835,2.776414,0.047080,1.295706
26,German-Tiger,108,15.241375,15.241084,0,0.000000,8.281500,2.039625,0.084375,4.572500,1.632916,2.803212,0.047624,1.292504
26,German-Tiger,109,18.091709,18.091541,1,4.774125,8.084000,2.370125,0.112959,2.427333,1.536581,2.809298,0.045709,1.294292
26,German-Tiger,110,16.301125,16.301000,0,0.000041,8.657208,2.197417,0.112042,5.064833,1.909835,2.889375,0.048459,1.313167
26,German-Tiger,111,18.681000,18.680750,1,4.882333,8.954666,2.366000,0.109209,2.019000,1.580085,2.885625,0.048750,1.324418
26,German-Tiger,112,14.893584,14.892916,0,0.000000,8.478958,2.391334,0.274958,3.324625,1.764419,2.927708,0.047334,1.300251
26,German-Tiger,113,19.687750,19.687500,1,5.402208,9.821416,2.545625,0.122459,1.275750,1.642707,3.011209,0.050957,1.345288
26,German-Tiger,114,13.827584,13.827208,0,0.000041,8.481542,2.124250,0.111750,2.815167,1.809002,2.848915,0.049169,1.306460
26,German-Tiger,115,20.715250,20.714958,1,5.445916,9.706042,2.583750,0.123625,2.405625,1.847919,3.266086,0.051040,1.322172
26,German-Tiger,116,13.709167,13.708875,0,0.000042,8.490125,2.212875,0.103458,2.607959,1.845248,2.835084,0.050163,1.309835
26,German-Tiger,117,17.725792,17.725500,1,5.148583,8.701792,2.135917,0.175167,1.242667,1.596707,3.104581,0.046666,1.321498
26,German-Tiger,118,13.586125,13.585917,0,0.000042,8.260208,2.349666,0.098459,2.601250,1.638956,2.857581,0.048379,1.319005
26,German-Tiger,119,17.427709,17.427416,1,4.955709,8.453667,2.179083,0.090834,1.442042,1.573958,2.831122,0.047168,1.351081
26,German-Tiger,120,15.037500,15.037292,0,0.000084,8.126458,2.007292,0.181708,4.501375,1.600544,2.792040,0.046415,1.325546
26,German-Tiger,121,18.755417,18.755042,1,4.895791,8.725209,2.364458,0.124292,2.302125,1.654709,2.919536,0.047748,1.319163
26,German-Tiger,122,15.882834,15.882541,0,0.000500,9.446958,2.260875,0.146875,3.705375,2.267454,3.198624,0.050837,1.412332
26,German-Tiger,123,22.782583,22.782209,1,5.621125,8.756334,2.485542,0.152208,5.376458,1.816833,2.923832,0.049834,1.284207
26,German-Tiger,124,14.356125,14.355916,0,0.000084,8.933833,2.254875,0.109291,2.730875,1.827208,3.065088,0.050836,1.351705
26,German-Tiger,125,18.332875,18.332167,1,5.258083,8.817750,2.631667,0.134000,1.153167,1.653959,3.202122,0.051587,1.412913
26,German-Tiger,126,12.501708,12.501458,0,0.000042,9.215708,2.176000,0.115042,0.682375,1.703669,3.589707,0.048998,1.326299
26,German-Tiger,127,18.044875,18.044625,1,5.123792,9.356250,2.372750,0.103042,0.693000,1.813206,3.281126,0.057461,1.546003
26,German-Tiger,128,14.294958,14.294375,0,0.000291,9.085833,2.240416,0.113042,2.271708,1.818665,2.876124,0.051373,1.355127
26,German-Tiger,129,20.331833,20.331583,1,5.359959,8.751458,2.369625,0.111167,3.366333,1.676250,2.959874,0.049916,1.349049
26,German-Tiger,130,15.326292,15.325833,0,0.000375,9.027125,4.125333,0.138750,1.705917,1.719168,3.134293,0.051083,1.407871
26,German-Tiger,131,19.059708,19.059084,1,5.337875,9.767667,2.606333,0.122500,0.853708,1.685832,3.870161,0.062912,1.336914
26,German-Tiger,132,14.252500,14.252375,0,0.000041,8.506834,2.382208,0.132000,2.908750,1.748954,2.899164,0.047624,1.308791
26,German-Tiger,133,18.404541,18.404250,1,5.619167,8.542750,2.381708,0.143917,1.316000,1.597711,2.946125,0.049872,1.405462
26,German-Tiger,134,13.257791,13.257542,0,0.000250,8.416458,2.199084,0.113333,2.248584,1.712335,2.853293,0.048375,1.304124
26,German-Tiger,135,18.114958,18.114542,1,5.572042,8.726750,2.484375,0.128292,0.849916,1.618750,2.957499,0.049747,1.368874
26,German-Tiger,136,15.337875,15.337417,0,0.000083,8.859416,2.230041,0.170875,3.721750,1.858373,3.032544,0.050040,1.309832
26,German-Tiger,137,19.079250,19.078625,1,5.469417,9.702625,2.691292,0.116625,0.687833,1.765748,3.146498,0.052455,1.347291
26,German-Tiger,138,14.091500,14.091208,0,0.000042,9.228917,2.280333,0.258500,2.013541,1.963332,3.025129,0.049792,1.362755
26,German-Tiger,139,19.039375,19.038542,1,5.194917,9.843750,2.359083,0.127542,1.114750,1.637167,3.131252,0.050378,1.379956
26,German-Tiger,140,17.620166,17.619875,0,0.000250,9.141125,3.955750,0.111709,3.626084,1.836457,2.991586,0.049797,1.367582
26,German-Tiger,141,18.910375,18.909667,1,5.503459,9.749667,2.165458,0.113625,1.029916,2.044837,3.538500,0.057208,1.414999
26,German-Tiger,142,14.739833,14.739625,0,0.000500,10.520208,2.397000,0.120042,1.366084,1.862416,3.862997,0.058416,1.473337
26,German-Tiger,143,20.977875,20.977250,1,5.392083,10.830917,2.327334,0.138583,1.940541,2.846955,3.579541,0.054874,1.651837
26,German-Tiger,144,14.294917,14.294375,0,0.000750,10.929500,2.284041,0.103208,0.699292,2.508001,3.713585,0.072996,1.975626
26,German-Tiger,145,18.096708,18.096542,1,5.228750,9.408791,2.244917,0.120417,0.709291,1.896918,3.239921,0.051662,1.446657
26,German-Tiger,146,13.291917,13.291625,0,0.000333,9.526334,2.632459,0.126417,0.681291,1.992044,3.141874,0.053169,1.498623
26,German-Tiger,147,19.176834,19.175958,1,6.164833,9.598667,2.195666,0.113875,0.754500,2.088876,3.190126,0.052665,1.368540
26,German-Tiger,148,23.451834,23.451333,0,0.000042,11.523125,2.428208,0.115291,9.057292,2.397835,4.752127,0.063079,1.421711
26,German-Tiger,149,21.644166,21.643584,1,5.573042,9.806500,2.259959,0.118958,3.405917,1.853792,3.637705,0.060211,1.413250
26,German-Tiger,150,16.249416,16.249042,0,0.000167,9.948167,2.662250,0.114625,3.216875,1.959122,3.373877,0.052959,1.395665
26,German-Tiger,151,21.052542,21.052208,1,5.316959,11.372000,2.381792,0.136375,1.468083,2.515792,3.765122,0.060295,1.580452
26,German-Tiger,152,15.785875,15.785709,0,0.000041,10.125625,2.832666,0.164917,2.298334,2.179336,3.460500,0.050584,1.399789
26,German-Tiger,153,28.570459,28.570000,1,8.777625,9.608833,2.772083,0.118875,6.837625,1.909168,3.436207,0.052333,1.394210
26,German-Tiger,154,17.129500,17.129084,0,0.000125,9.333458,2.313041,0.124250,5.020625,2.005708,3.145912,0.051331,1.385544
26,German-Tiger,155,25.134959,25.134292,1,5.408708,11.562625,2.350000,0.114083,5.119458,2.484544,4.228874,0.111126,1.733579
26,German-Tiger,156,15.612041,15.611167,0,0.000500,10.023333,2.941458,0.124833,2.084291,1.822915,3.893333,0.053415,1.545204
26,German-Tiger,157,27.570458,27.570125,1,9.044792,13.769875,2.808625,0.124375,1.381958,3.021249,4.183334,0.091210,1.897255
26,German-Tiger,158,14.857417,14.856334,0,0.000459,10.440292,2.718042,0.536541,0.371125,1.827708,3.019334,0.054004,1.387465
26,German-Tiger,159,25.089416,25.089084,1,6.250125,14.453667,2.727833,0.139583,1.129833,2.936910,6.486501,0.083045,2.236999
26,German-Tiger,160,16.066958,16.065125,0,0.000334,10.672792,3.207666,0.266208,1.488875,2.524373,4.027837,0.053962,1.354958
26,German-Tiger,161,28.024667,28.024208,1,7.893833,10.524166,2.658125,0.111042,6.249459,2.241667,3.187125,0.065208,1.311250
26,German-Tiger,162,16.486084,16.485500,0,0.000084,10.302583,3.096583,0.122083,2.376375,1.955208,3.043414,0.051958,1.335128
26,German-Tiger,163,21.842500,21.842250,1,5.424459,10.216000,2.555625,0.116750,3.067292,2.109504,3.680205,0.050919,1.476498
26,German-Tiger,164,17.871125,17.870625,0,0.000167,10.473334,2.466375,0.113292,4.445083,2.204710,3.355339,0.091750,1.686795
26,German-Tiger,165,23.302292,23.301916,1,7.913041,9.177125,2.246791,0.113750,3.515666,1.861918,3.167332,0.051086,1.341831
26,German-Tiger,166,16.589958,16.589709,0,0.000208,9.003458,2.229667,0.118084,4.926041,1.948620,3.040001,0.050125,1.362665
26,German-Tiger,167,20.078209,20.077791,1,5.455958,8.756833,2.334875,0.110917,2.995209,1.627082,2.937498,0.049296,1.344539
26,German-Tiger,168,18.357625,18.356958,0,0.000041,8.887750,3.118250,0.114625,5.877208,1.823331,3.069958,0.050000,1.349624
26,German-Tiger,169,18.413167,18.412250,1,5.211750,9.368459,2.340959,0.116833,1.037875,1.884085,3.107748,0.053330,1.410583
26,German-Tiger,170,14.760667,14.760416,0,0.000042,9.553000,2.954500,0.135125,1.739333,1.756418,2.932374,0.050752,1.358499
26,German-Tiger,171,19.769250,19.768667,1,5.533583,10.886291,2.244792,0.101292,0.641083,2.194837,4.198205,0.058545,1.690957
26,German-Tiger,172,13.363875,13.363500,0,0.000041,9.652750,2.406541,0.105375,0.867250,1.803001,3.076087,0.050791,1.406993
26,German-Tiger,173,18.609833,18.609583,1,5.302708,9.878625,2.268167,0.117750,0.724375,1.717461,3.792834,0.056918,1.607174
26,German-Tiger,174,16.171042,16.170750,0,0.000042,9.713417,2.651292,0.143042,3.352709,1.837129,3.222415,0.050833,1.406256
26,German-Tiger,175,18.701250,18.701083,1,5.485583,9.417625,2.532542,0.108958,0.805292,1.760916,3.225914,0.054249,1.474788
26,German-Tiger,176,13.587291,13.587167,0,0.000667,10.208792,2.255500,0.108208,0.736500,2.165249,3.789373,0.052082,1.511416
26,German-Tiger,177,19.080167,19.079958,1,5.294125,9.898792,2.372208,0.113000,1.049542,2.278835,3.335956,0.068954,1.569251
26,German-Tiger,178,12.787666,12.787458,0,0.000042,9.260042,2.220083,0.101208,0.902584,1.833124,3.285750,0.054042,1.427039
26,German-Tiger,179,18.816292,18.816042,1,5.345084,10.079500,2.322459,0.112458,0.632917,2.063332,3.612207,0.052922,1.574120
26,German-Tiger,180,13.618166,13.617958,0,0.000042,10.305166,2.299750,0.100084,0.625000,1.839708,3.583791,0.052877,1.451419
26,German-Tiger,181,19.100083,19.099833,1,5.343166,9.971875,2.668292,0.114250,0.655000,2.346543,3.304963,0.054791,1.514831
26,German-Tiger,182,13.205083,13.204709,0,0.000083,9.575959,2.450458,0.110916,0.744291,1.878336,3.121748,0.052998,1.444792
26,German-Tiger,183,18.579250,18.579000,1,5.370792,9.527416,2.416542,0.113917,0.799500,1.864250,3.455747,0.055671,1.451916
26,German-Tiger,184,17.030125,17.029792,0,0.000000,10.063375,2.418000,0.129500,4.034125,1.964457,3.297379,0.052124,1.519752
26,German-Tiger,185,21.450667,21.450250,1,5.765958,12.252000,2.294917,0.119666,0.661458,2.915005,4.467838,0.054790,1.717545
26,German-Tiger,186,15.117542,15.117167,0,0.000041,11.747875,2.329583,0.120125,0.616167,2.791458,4.522874,0.056252,1.709416
26,German-Tiger,187,19.898250,19.898000,1,5.563625,9.265042,2.323792,0.102167,2.282625,1.816753,3.203707,0.053211,1.457547
26,German-Tiger,188,14.574916,14.574750,0,0.000041,10.238584,2.301250,0.118250,1.594458,2.333917,3.355625,0.057872,1.616171
26,German-Tiger,189,24.632625,24.632042,1,6.344958,9.401708,2.361292,0.118167,6.035042,2.028083,3.236086,0.054039,1.403037
26,German-Tiger,190,15.765584,15.765250,0,0.000125,9.562125,4.176542,0.326000,1.155584,2.058415,3.219667,0.052583,1.430917
26,German-Tiger,191,21.018125,21.017917,1,5.691375,10.797667,2.599334,0.120666,1.451125,1.741457,3.822501,0.054003,1.428215
26,German-Tiger,192,15.468958,15.468625,0,0.000042,10.605208,2.687833,0.102666,1.762750,1.856166,3.111541,0.051167,1.428580
26,German-Tiger,193,20.310000,20.309875,1,5.575417,10.284125,2.349459,0.107209,1.635875,1.960794,3.680706,0.052792,1.429461
26,German-Tiger,194,13.744792,13.744542,0,0.000041,10.317541,2.372583,0.121375,0.607917,1.879998,3.635915,0.052665,1.448213
26,German-Tiger,195,19.826500,19.826083,1,5.784250,10.260292,2.409542,0.126000,0.851250,2.417791,3.517453,0.060838,1.690040
26,German-Tiger,196,15.289833,15.288541,0,0.000041,10.626500,3.301250,0.162750,0.831667,2.032873,3.553750,0.063378,1.501336
26,German-Tiger,197,22.797708,22.797333,1,5.936125,12.260375,3.155334,0.118375,0.728000,2.539461,5.094166,0.061293,1.887161
26,German-Tiger,198,14.049333,14.048166,0,0.000625,10.352375,2.296042,0.155333,0.806292,2.053541,3.561423,0.058620,1.604585
26,German-Tiger,199,24.457042,24.456833,1,7.755667,10.841250,2.509917,0.117709,2.828084,2.001959,4.379544,0.089165,1.626915
26,German-Tiger,200,16.521041,16.520875,0,0.000000,8.758667,2.245583,0.091542,5.141709,1.705956,2.968585,0.052746,1.384542
26,German-Tiger,201,19.106875,19.105958,1,5.574916,9.063625,2.796875,0.104584,1.199791,1.677085,3.147872,0.052209,1.409751
26,German-Tiger,202,15.069583,15.069334,0,0.000083,8.971583,2.362792,0.093292,3.352708,1.808544,3.024045,0.051623,1.461125
26,German-Tiger,203,18.442000,18.441666,1,5.574125,9.267334,2.329875,0.106375,0.757000,1.703080,3.218585,0.052583,1.441756
26,German-Tiger,204,13.501625,13.501292,0,0.000041,9.211041,2.237083,0.095542,1.697875,1.842875,3.188746,0.052747,1.482036
26,German-Tiger,205,19.849208,19.848958,1,5.428291,9.261916,2.607708,0.110459,2.086292,1.675083,3.086798,0.052210,1.503376
26,German-Tiger,206,14.571834,14.571625,0,0.000041,9.043667,2.285833,0.088625,2.882584,1.760416,3.153326,0.051953,1.433752
26,German-Tiger,207,18.525750,18.525500,1,5.268875,8.721042,2.485750,0.107500,1.614666,1.596333,2.941547,0.050415,1.390741
26,German-Tiger,208,14.990208,14.989958,0,0.000042,8.776708,2.245375,0.091417,3.614125,1.751747,2.929662,0.052333,1.449415
26,German-Tiger,209,19.565041,19.564875,1,5.196084,9.039375,2.793833,0.104416,2.090167,1.679465,3.167495,0.051373,1.436246
26,German-Tiger,210,14.161250,14.160833,0,0.000208,8.833541,2.746500,0.125708,2.139834,1.803707,2.951249,0.050542,1.362335
26,German-Tiger,211,19.453500,19.453167,1,5.237166,9.579250,2.197500,0.167625,1.874083,1.862494,3.238330,0.061124,1.418042
26,German-Tiger,212,15.335542,15.335333,0,0.000042,8.696750,2.480834,0.110250,3.765625,1.658084,2.871166,0.048503,1.346207
26,German-Tiger,213,18.843667,18.843209,1,5.173042,9.162375,2.232375,0.116083,1.814917,1.688666,3.067749,0.061290,1.579166
26,German-Tiger,214,14.027834,14.027625,0,0.000042,9.093708,2.257500,0.099583,2.332416,1.752374,3.019962,0.049955,1.417581
26,German-Tiger,215,19.984250,19.984083,1,5.427208,8.822667,2.298666,0.110542,3.022625,1.645790,3.040212,0.057461,1.437748
26,German-Tiger,216,12.318375,12.318084,0,0.000042,8.992292,2.308667,0.113042,0.592500,1.769416,3.253545,0.049500,1.417422
26,German-Tiger,217,17.506625,17.506541,1,5.112292,8.503375,2.457875,0.098125,1.020542,1.545498,2.906375,0.048422,1.297547
26,German-Tiger,218,15.299917,15.299708,0,0.000125,8.898209,2.379459,0.099666,3.640417,1.714455,3.071166,0.050289,1.404673
26,German-Tiger,219,19.620875,19.620666,1,5.277042,8.789916,2.331791,0.093791,2.719875,1.660497,3.038248,0.050457,1.416619
26,German-Tiger,220,14.116125,14.115750,0,0.000042,8.832292,2.268833,0.122916,2.596584,1.668084,3.020250,0.051455,1.343961
26,German-Tiger,221,19.154917,19.154750,1,5.193125,8.442000,2.271000,0.111125,2.792583,1.568669,2.934336,0.047954,1.332080
26,German-Tiger,222,14.400459,14.400167,0,0.000041,8.810500,2.730541,0.110375,2.445083,1.750211,3.078955,0.048792,1.340963
26,German-Tiger,223,19.600417,19.600125,1,5.337416,9.257042,2.266125,0.121125,2.200667,1.664791,3.212589,0.060207,1.359666
26,German-Tiger,224,17.815583,17.815417,0,0.000084,8.759709,2.253250,0.113750,6.414666,1.605292,3.029004,0.047919,1.306578
26,German-Tiger,225,19.274500,19.274375,1,4.889167,8.374083,2.128458,0.091875,3.490625,1.685665,2.905544,0.048747,1.287290
26,German-Tiger,226,14.917833,14.917500,0,0.000125,8.600709,2.035791,0.083458,3.963083,1.663002,2.965497,0.047626,1.432917
26,German-Tiger,227,17.600500,17.600250,1,4.923875,8.311125,2.188750,0.096458,1.773667,1.693832,2.871002,0.048877,1.295957
26,German-Tiger,228,11.723541,11.723209,0,0.000250,8.586333,2.047917,0.093334,0.666583,1.649373,2.883585,0.047416,1.502328
26,German-Tiger,229,16.473834,16.473042,1,4.800208,8.090958,2.185625,0.092208,1.029750,1.511418,2.775583,0.046045,1.379669
26,German-Tiger,230,19.359583,19.359500,0,0.000042,8.243959,2.032459,0.093584,8.766666,1.579831,2.827292,0.061874,1.342655
26,German-Tiger,231,16.197292,16.196959,1,4.849750,8.246583,2.119083,0.091166,0.565208,1.540873,2.867794,0.047375,1.294748
26,German-Tiger,232,14.448000,14.447750,0,0.000042,8.675583,2.169625,0.109667,3.178125,1.564130,2.862664,0.048954,1.352293
26,German-Tiger,233,16.498958,16.498584,1,4.796834,8.057959,2.233792,0.137042,0.918250,1.601044,2.705832,0.046708,1.250503
26,German-Tiger,234,14.388417,14.388208,0,0.000042,8.303458,2.241709,0.115167,3.454750,1.766250,2.820502,0.050043,1.303462
26,German-Tiger,235,17.834084,17.833708,1,5.437708,8.150708,2.227541,0.106958,1.594417,1.540208,2.744498,0.047415,1.365291
26,German-Tiger,236,15.633917,15.633833,0,0.000042,8.379084,2.132584,0.111958,4.656167,1.843124,2.830373,0.048248,1.279796
26,German-Tiger,237,18.645375,18.645083,1,5.042459,8.212958,2.309083,0.139792,2.599791,1.503497,2.692124,0.050377,1.271206
26,German-Tiger,238,14.535625,14.535333,0,0.000000,8.235834,2.351083,0.112083,3.576125,1.701463,2.818710,0.054209,1.258956
26,German-Tiger,239,17.567583,17.567292,1,5.053125,8.248958,2.185375,0.111292,1.636041,1.503835,2.748960,0.046251,1.357836
26,German-Tiger,240,15.888667,15.888500,0,0.000000,8.600708,2.065916,0.249875,4.702333,1.794083,2.985246,0.049461,1.338290
26,German-Tiger,241,17.025042,17.024666,1,4.926459,8.466833,2.253667,0.104375,0.819334,1.576919,2.896751,0.055296,1.262036
26,German-Tiger,242,11.042333,11.042167,0,0.000042,8.020792,2.041958,0.089792,0.636416,1.597207,2.741624,0.048000,1.275877
26,German-Tiger,243,15.886417,15.886208,1,4.800500,8.045959,2.009708,0.099334,0.625500,1.512459,2.821420,0.047292,1.252413
26,German-Tiger,244,11.966958,11.966709,0,0.000042,8.242959,2.527834,0.114708,0.849291,1.607790,2.883334,0.048419,1.277334
26,German-Tiger,245,16.380708,16.380417,1,4.810334,8.499375,2.074375,0.080125,0.610083,1.632165,2.897330,0.047708,1.316212
26,German-Tiger,246,12.032208,12.032000,0,0.000042,8.109042,2.527000,0.085667,1.076042,1.552916,2.821457,0.045713,1.295172
26,German-Tiger,247,17.341625,17.341292,1,4.680750,7.860375,2.163042,0.107333,2.225584,1.486834,2.658579,0.045212,1.243332
26,German-Tiger,248,14.844167,14.843917,0,0.000042,7.974042,2.204250,0.125000,4.295250,1.546293,2.819039,0.046334,1.242541
26,German-Tiger,249,21.967959,21.967833,1,5.012209,9.544708,2.098500,0.116541,4.840542,1.721497,3.062580,0.053626,1.356329
26,German-Tiger,250,15.411708,15.411375,0,0.000125,8.428667,2.130292,0.101500,4.463458,1.769253,2.789961,0.047417,1.283004
26,German-Tiger,251,17.558458,17.558042,1,5.027875,8.161333,2.087375,1.453791,0.522625,1.553249,2.717256,0.069664,1.271999
26,German-Tiger,252,12.227959,12.227750,0,0.001166,8.062291,2.050792,0.110750,1.750417,1.557500,2.796876,0.045749,1.305334
26,German-Tiger,253,16.357916,16.357708,1,5.049959,8.039916,2.085916,0.086458,0.789209,1.511792,2.771963,0.049126,1.351670
26,German-Tiger,254,11.126750,11.126584,0,0.000125,8.083958,2.071458,0.092709,0.649167,1.628501,2.753333,0.047376,1.301422
26,German-Tiger,255,22.359000,22.358875,1,5.721417,8.201584,2.091416,0.100750,5.890708,1.652626,2.797002,0.048123,1.264914
26,German-Tiger,256,16.192166,16.191250,0,0.000000,8.305042,2.100542,0.098750,5.414584,1.723791,2.781668,0.047292,1.292500
26,German-Tiger,257,18.453333,18.452958,1,4.840000,8.663250,2.321125,0.109750,2.161750,1.582207,2.871165,0.047371,1.302002
26,German-Tiger,258,15.771750,15.771583,0,0.000042,8.660667,2.268500,0.122959,4.409417,1.787831,2.890539,0.050748,1.404998
26,German-Tiger,259,17.257750,17.257333,1,4.886875,8.324333,2.350875,0.092250,1.277166,1.613458,2.907421,0.050123,1.321956
26,German-Tiger,260,15.012958,15.012792,0,0.000041,8.623542,2.076167,0.106916,3.932958,1.617667,3.070584,0.057961,1.446335
26,German-Tiger,261,18.043500,18.043083,1,4.883000,8.551500,2.574208,0.120625,1.544833,1.609708,2.874791,0.049790,1.321871
26,German-Tiger,262,15.416791,15.416709,0,0.000666,8.242292,2.234375,0.155375,4.426000,1.578290,2.835500,0.049624,1.301543
26,German-Tiger,263,18.454250,18.453833,1,5.055083,8.884167,2.474583,0.110292,1.510167,1.784835,2.857334,0.048205,1.354331
26,German-Tiger,264,17.189542,17.189167,0,0.000833,8.878292,2.433375,0.235833,5.322958,1.874709,3.092414,0.058250,1.339492
26,German-Tiger,265,19.140459,19.140208,1,5.298416,8.815833,2.509292,0.102875,2.060333,1.570540,2.921749,0.050042,1.342910
26,German-Tiger,266,17.215500,17.215167,0,0.000041,8.463958,3.504750,0.370166,4.459708,1.742169,2.796581,0.048209,1.302963
26,German-Tiger,267,18.266792,18.266125,1,5.045583,9.338000,2.311708,0.112208,1.105292,1.839750,3.254667,0.050915,1.458627
26,German-Tiger,268,14.753875,14.753542,0,0.000041,10.040375,2.301667,0.175292,1.884375,1.804583,3.031126,0.059081,1.402209
26,German-Tiger,269,18.820166,18.819750,1,5.502541,9.978042,2.152250,0.112000,0.700459,2.214419,3.726708,0.051209,1.379371
26,German-Tiger,270,13.388041,13.387709,0,0.000042,9.191542,2.638042,0.119791,1.081958,1.943168,3.164999,0.052910,1.385748
26,German-Tiger,271,19.887917,19.887417,1,5.412250,10.858459,2.405958,0.118167,0.738541,2.374871,3.923285,0.075836,1.702461
26,German-Tiger,272,14.263125,14.262625,0,0.000000,10.244667,2.439833,0.111417,1.102417,2.422374,3.185749,0.062587,1.576663
26,German-Tiger,273,19.577375,19.577000,1,5.446375,10.333292,2.698333,0.124625,0.596250,1.696294,2.892248,0.051372,1.302080
26,German-Tiger,274,14.679833,14.679417,0,0.000000,9.376750,2.282375,0.114667,2.608083,2.062333,3.161668,0.051955,1.399461
26,German-Tiger,275,18.506458,18.505959,1,5.211292,9.735209,2.269542,0.115167,0.666792,2.141540,3.114211,0.050375,1.422703
26,German-Tiger,276,13.051334,13.051041,0,0.000625,9.366583,2.432250,0.123833,0.778500,1.833208,3.170044,0.052622,1.486377
26,German-Tiger,277,19.101833,19.101083,1,5.295583,10.177833,2.375875,0.110084,0.703250,2.232915,3.499791,0.071333,1.682461
26,German-Tiger,278,13.323792,13.322875,0,0.000041,9.572750,2.411625,0.122667,0.869334,1.978168,3.347920,0.064124,1.448004
26,German-Tiger,279,17.805833,17.805416,1,5.287334,8.886125,2.549500,0.101667,0.661584,1.631958,3.086002,0.051919,1.410668
26,German-Tiger,280,14.562416,14.562208,0,0.000041,9.358958,2.437125,0.113125,2.358834,1.703540,2.903999,0.049044,1.342786
26,German-Tiger,281,17.867875,17.867250,1,5.296708,9.177250,2.335750,0.105916,0.620125,1.697788,3.074160,0.056001,1.609843
26,German-Tiger,282,13.009917,13.009542,0,0.000042,8.568208,2.400584,0.120166,1.621250,1.712957,2.869378,0.049879,1.346789
26,German-Tiger,283,18.000500,18.000042,1,5.159917,8.888750,2.436458,0.127334,1.036750,1.722128,3.036876,0.057177,1.386750
26,German-Tiger,284,15.488459,15.488125,0,0.000042,8.570667,2.199041,0.113625,4.344459,1.645001,2.932124,0.047252,1.326209
26,German-Tiger,285,19.578250,19.577583,1,5.232208,8.643625,2.798416,0.154750,2.400375,1.663335,2.958870,0.050835,1.394750
26,German-Tiger,286,14.574250,14.573958,0,0.000666,8.680167,2.214542,0.122625,3.220625,1.791462,2.955255,0.056548,1.337292
26,German-Tiger,287,17.719333,17.719042,1,5.682084,8.323625,2.459291,0.119625,0.771417,1.577920,2.882707,0.048709,1.309834
26,German-Tiger,288,15.399583,15.399125,0,0.000167,8.677375,2.565917,0.109666,3.770125,1.820163,2.924460,0.050085,1.313293
26,German-Tiger,289,19.166667,19.166208,1,5.642000,9.921417,2.423041,0.121459,0.678750,1.862252,3.394124,0.063911,1.483005
26,German-Tiger,290,13.871666,13.871167,0,0.000041,8.886875,2.272125,0.147584,2.148250,1.776958,2.961083,0.050708,1.363246
26,German-Tiger,291,17.658000,17.657625,1,5.330084,8.534459,2.446583,0.118958,0.825916,1.622541,2.941581,0.050288,1.318084
26,German-Tiger,292,15.534125,15.533959,0,0.000041,8.651542,2.333041,0.176750,3.958125,1.740166,2.993711,0.049878,1.359376
26,German-Tiger,293,20.222750,20.222542,1,5.250583,8.727458,2.580667,0.100375,3.242208,1.579040,2.871083,0.049128,1.334288
26,German-Tiger,294,13.843750,13.843292,0,0.000041,8.699334,2.906542,0.152000,1.796958,1.823585,3.046876,0.050454,1.334417
26,German-Tiger,295,17.909583,17.909334,1,5.127042,8.992750,2.298750,0.101291,0.987000,1.579127,3.038208,0.047372,1.408125
26,German-Tiger,296,14.460583,14.460291,0,0.000042,8.587792,3.143542,0.116417,2.331875,1.837335,2.921541,0.053543,1.336036
26,German-Tiger,297,20.360583,20.360250,1,5.132459,8.920291,2.496125,0.125375,3.330084,1.585330,2.866793,0.049915,1.342214
26,USA-T95,0,13.972833,13.972583,0,0.000292,8.323084,2.205834,0.097750,3.063417,1.610874,2.761416,0.047375,1.318504
26,USA-T95,1,18.921541,18.921167,1,5.558250,8.716459,2.840583,0.249958,1.211583,1.582293,2.903332,0.048537,1.298335
26,USA-T95,2,14.268042,14.267834,0,0.000041,9.420292,2.392625,0.098167,2.028000,1.870040,2.839375,0.049249,1.292745
26,USA-T95,3,17.892959,17.892542,1,5.166250,8.914708,2.300458,0.127500,1.036875,1.609082,3.059333,0.105170,1.399003
26,USA-T95,4,14.458875,14.458458,0,0.000000,8.858333,2.284209,0.124875,2.740833,1.692501,2.961376,0.051207,1.378541
26,USA-T95,5,17.795250,17.794875,1,5.436083,8.467042,2.291541,0.102000,1.198042,1.687708,2.826164,0.048666,1.371787
26,USA-T95,6,14.373209,14.373041,0,0.000000,9.340208,2.225667,0.101250,2.442709,1.715832,3.584328,0.050835,1.345045
26,USA-T95,7,20.362917,20.362583,1,5.491709,8.458792,2.508583,0.125208,3.460958,1.648792,2.836464,0.047753,1.402504
26,USA-T95,8,13.558375,13.558041,0,0.000041,8.421875,2.367875,0.111625,2.389583,1.641668,2.818583,0.050045,1.306878
26,USA-T95,9,18.480667,18.479958,1,5.408084,8.290833,2.149041,0.090000,2.230833,1.537292,2.769044,0.048292,1.294584
26,USA-T95,10,14.174459,14.173583,0,0.000000,8.436500,2.182000,0.091209,3.201584,1.660084,2.834418,0.049120,1.366078
26,USA-T95,11,17.817708,17.817250,1,5.064958,8.341875,2.196542,0.091083,1.811209,1.550251,2.814787,0.056211,1.289253
26,USA-T95,12,15.611541,15.611334,0,0.000000,8.598542,2.082333,0.096583,4.577167,1.824704,2.813542,0.048417,1.329080
26,USA-T95,13,19.183458,19.183334,1,4.936084,8.488000,2.240375,0.138708,2.995709,1.579248,2.828751,0.048627,1.301583
26,USA-T95,14,15.117666,15.117459,0,0.000125,8.959625,2.135875,0.111625,3.628875,1.814289,2.940916,0.048623,1.323663
26,USA-T95,15,17.160625,17.160333,1,5.072125,8.424333,2.214917,0.092500,1.052375,1.524917,2.893583,0.046747,1.320504
26,USA-T95,16,15.177584,15.177292,0,0.000041,8.406625,2.064959,0.082917,4.357958,1.649917,2.815752,0.048374,1.316754
26,USA-T95,17,17.876167,17.875958,1,5.076375,8.322500,2.244833,0.103125,1.796334,1.523247,2.782126,0.047791,1.318256
26,USA-T95,18,15.952792,15.952500,0,0.000166,8.355333,2.085416,0.084958,5.178417,1.655664,2.797624,0.047542,1.308207
26,USA-T95,19,21.425084,21.424875,1,5.047625,8.708083,2.154750,0.111250,5.092917,1.644128,2.856330,0.047211,1.298709
26,USA-T95,20,13.211792,13.211584,0,0.000125,8.573125,2.152250,0.119583,2.075125,1.770539,2.766873,0.051332,1.297252
26,USA-T95,21,18.635875,18.635583,1,5.272792,8.418292,2.339959,0.095667,2.149583,1.527045,2.778713,0.047417,1.291502
26,USA-T95,22,13.043084,13.042875,0,0.000000,8.621709,2.171250,0.124333,1.818125,1.599623,2.949542,0.048298,1.343626
26,USA-T95,23,19.765334,19.765042,1,5.456792,8.549208,2.411875,0.130375,2.857542,1.572331,2.801590,0.048086,1.293788
26,USA-T95,24,13.866958,13.866708,0,0.000000,8.727291,2.286291,0.092292,2.497333,1.651001,3.000960,0.049000,1.401253
26,USA-T95,25,20.419625,20.419375,1,5.255750,8.988042,2.246917,0.105917,3.444667,1.673790,2.890163,0.050164,1.383078
26,USA-T95,26,13.218791,13.218542,0,0.000042,8.979750,2.068375,0.099750,1.786708,1.776959,3.072502,0.047998,1.378540
26,USA-T95,27,20.280084,20.279833,1,5.391417,8.513041,2.248541,0.127209,3.670084,1.566708,2.921249,0.049126,1.323838
26,USA-T95,28,13.297500,13.297292,0,0.000041,8.482833,2.275167,0.100625,2.144917,1.659454,2.839960,0.047794,1.301210
26,USA-T95,29,18.587584,18.587083,1,5.156333,8.514833,2.338917,0.128791,2.044833,1.650960,2.886088,0.048671,1.298457
26,USA-T95,30,15.130708,15.130542,0,0.000541,8.498500,2.125959,0.112333,4.104041,1.671920,2.905580,0.048589,1.285710
26,USA-T95,31,17.792875,17.792667,1,5.362916,8.430167,2.248959,0.111375,1.308125,1.567254,2.827505,0.048838,1.292585
26,USA-T95,32,14.901584,14.901000,0,0.000042,8.843875,2.169625,0.099541,3.527250,1.797957,3.041793,0.053414,1.389499
26,USA-T95,33,18.258708,18.258375,1,5.253292,8.769583,2.207916,0.135459,1.582500,1.575919,2.978668,0.049543,1.337330
26,USA-T95,34,15.534208,15.533667,0,0.000167,8.663167,2.141500,0.097166,4.383917,1.839169,2.899916,0.048541,1.376870
26,USA-T95,35,18.499667,18.499000,1,5.464000,8.457792,2.455333,0.139292,1.453167,1.535876,2.830836,0.049792,1.309458
26,USA-T95,36,14.889750,14.889458,0,0.000041,8.806334,2.148125,0.099083,3.530167,1.727170,2.865207,0.050831,1.418539
26,USA-T95,37,17.405125,17.404709,1,5.120834,8.607833,2.437209,0.109333,0.798541,1.603666,2.863788,0.050875,1.355169
26,USA-T95,38,14.957083,14.956750,0,0.000042,8.593042,2.222750,0.104875,3.776667,1.668499,2.902293,0.048999,1.361578
26,USA-T95,39,18.440417,18.440125,1,5.297584,8.535250,2.355792,0.094917,1.826125,1.566040,2.808497,0.050417,1.319413
26,USA-T95,40,15.171250,15.171042,0,0.000000,8.561125,2.190500,0.113291,4.025250,1.653291,2.893664,0.048954,1.301706
26,USA-T95,41,18.022625,18.022250,1,5.352500,8.859834,2.135583,0.095959,1.240416,1.564208,2.990297,0.049794,1.340576
26,USA-T95,42,15.711625,15.711542,0,0.000208,8.793416,2.507000,0.119541,3.970458,1.748085,3.005040,0.051168,1.357911
26,USA-T95,43,18.481042,18.480708,1,5.181875,9.143167,2.309083,0.105000,1.245000,1.642712,3.099167,0.054912,1.390832
26,USA-T95,44,13.765834,13.765750,0,0.000125,8.753458,2.226084,0.102209,2.404542,1.759251,2.917048,0.050417,1.342784
26,USA-T95,45,17.610958,17.610833,1,5.015000,8.785500,2.395209,0.118208,0.875166,1.561544,2.825832,0.049128,1.311214
26,USA-T95,46,15.311584,15.311291,0,0.000000,8.474417,2.199709,0.112917,4.276167,1.675872,2.827000,0.049498,1.322500
26,USA-T95,47,17.606917,17.606625,1,5.107042,8.306125,2.299417,0.103583,1.470166,1.517874,2.745209,0.047542,1.299164
26,USA-T95,48,15.795125,15.794959,0,0.000000,8.712667,2.135708,0.127958,4.553375,1.716834,2.919002,0.048167,1.328086
26,USA-T95,49,17.694042,17.693625,1,5.167208,8.363833,2.183500,0.095750,1.544083,1.634915,2.767166,0.047205,1.294792
26,USA-T95,50,15.482083,15.481875,0,0.000042,8.867291,2.312417,0.096791,3.740667,1.713292,2.939548,0.050664,1.361329
26,USA-T95,51,16.819709,16.819375,1,5.011292,8.589500,2.208667,0.103042,0.581625,1.575210,2.833212,0.048710,1.358459
26,USA-T95,52,11.730167,11.730041,0,0.000042,8.477708,2.182208,0.116542,0.688292,1.666916,2.834172,0.049622,1.330042
26,USA-T95,53,21.131750,21.131667,1,5.307125,9.076625,2.238291,0.126291,4.079167,1.624371,3.573249,0.048293,1.324587
26,USA-T95,54,12.654042,12.653833,0,0.000042,8.424625,2.081875,0.086500,0.663833,1.628083,2.856545,0.046583,1.290547
26,USA-T95,55,21.448583,21.448333,1,5.125625,8.557500,2.235167,0.106000,5.102083,1.809790,2.835881,0.047626,1.347499
26,USA-T95,56,12.094917,12.094583,0,0.000042,8.885875,2.100291,0.108500,0.678917,1.806794,3.103623,0.046955,1.308918
26,USA-T95,57,20.792417,20.792208,1,5.529292,8.429875,2.191292,0.294375,3.942958,1.575914,2.823626,0.048417,1.316082
26,USA-T95,58,11.742708,11.742334,0,0.000000,8.715834,2.049625,0.092125,0.611583,1.798750,2.866297,0.047920,1.368792
26,USA-T95,59,17.400458,17.400292,1,5.413333,8.621292,2.099666,0.094917,0.852166,1.847918,2.867501,0.046339,1.304792
26,USA-T95,60,11.794542,11.794333,0,0.000000,8.752666,2.126167,0.091292,0.564208,1.785539,2.980249,0.049041,1.384868
26,USA-T95,61,17.234000,17.233792,1,5.234625,8.758750,2.146292,0.098916,0.610125,1.801332,2.899540,0.049252,1.353496
26,USA-T95,62,11.735709,11.735542,0,0.000042,8.586250,2.175541,0.095667,0.605833,1.646291,2.768337,0.045916,1.287585
26,USA-T95,63,16.957750,16.957208,1,4.893541,8.890250,2.019875,0.109167,0.727166,1.731169,2.898453,0.049745,1.389918
26,USA-T95,64,12.891667,12.891458,0,0.000042,8.345209,2.216416,0.093542,1.983333,1.600547,2.812003,0.047664,1.295494
26,USA-T95,65,20.216625,20.216459,1,5.232666,8.103208,2.237000,0.092000,4.249625,1.506750,2.730456,0.047627,1.294006
26,USA-T95,66,12.971959,12.971875,0,0.000000,8.041125,2.016708,0.087417,2.597208,1.543251,2.751087,0.047621,1.284041
26,USA-T95,67,17.752792,17.752625,1,5.109916,8.153625,2.148667,0.094333,1.948666,1.563458,2.741914,0.047254,1.294791
26,USA-T95,68,11.569583,11.569250,0,0.000000,8.178458,2.189750,0.105167,0.839167,1.583372,2.724615,0.047957,1.300213
26,USA-T95,69,21.099167,21.099000,1,5.227750,8.485625,2.175875,0.106875,4.750792,1.666961,2.865747,0.053955,1.301502
26,USA-T95,70,11.771709,11.771375,0,0.000125,8.486500,2.086917,0.101209,0.798417,1.812710,2.818753,0.046537,1.291049
26,USA-T95,71,16.698958,16.698833,1,5.321833,8.352459,2.046000,0.081959,0.608000,1.624207,2.832623,0.049540,1.349750
26,USA-T95,72,12.882958,12.882750,0,0.000042,8.259667,2.789084,0.086459,1.496458,1.627460,2.790755,0.046128,1.295005
26,USA-T95,73,21.439542,21.439417,1,4.881708,8.214291,2.046709,0.083625,5.931458,1.567040,2.791507,0.046375,1.304626
26,USA-T95,74,11.090125,11.090042,0,0.000083,8.165500,2.057375,0.090833,0.537708,1.577000,2.741375,0.045960,1.288210
26,USA-T95,75,16.583167,16.583041,1,4.851167,8.757416,2.010458,0.088250,0.603250,1.587413,2.971331,0.047585,1.329499
26,USA-T95,76,11.946458,11.946375,0,0.000000,8.141792,2.172959,0.082291,1.306250,1.555668,2.666377,0.044499,1.283331
26,USA-T95,77,16.323583,16.323375,1,5.064042,8.123417,2.069500,0.127375,0.660584,1.503125,2.745079,0.045040,1.257206
26,USA-T95,78,12.355417,12.355292,0,0.000000,8.223958,2.063375,0.087458,1.749958,1.613502,2.741832,0.047332,1.339289
26,USA-T95,79,18.314167,18.313834,1,4.804875,8.171875,2.063875,0.085167,2.893083,1.556876,2.747037,0.046207,1.290501
26,USA-T95,80,11.396917,11.396625,0,0.000000,8.459250,2.052667,0.088208,0.560125,1.715545,2.822329,0.047794,1.314249
26,USA-T95,81,16.088625,16.088542,1,4.802125,8.253750,2.120375,0.088125,0.521709,1.612585,2.800293,0.045041,1.288954
26,USA-T95,82,11.513959,11.513833,0,0.000000,8.478500,2.124750,0.116375,0.571167,1.609794,2.905164,0.047708,1.341124
26,USA-T95,83,16.347708,16.347625,1,4.912208,8.316916,2.149375,0.090709,0.574708,1.554873,2.774084,0.046665,1.288755
26,USA-T95,84,12.380375,12.380167,0,0.000041,8.190292,2.143625,0.090042,1.719792,1.604082,2.751502,0.046499,1.294381
26,USA-T95,85,17.039708,17.039500,1,4.990916,8.118167,2.237292,0.140625,1.228917,1.490082,2.733543,0.046838,1.301508
26,USA-T95,86,15.773583,15.773500,0,0.000000,8.466541,2.068167,0.091625,4.896250,1.726791,2.857083,0.048540,1.316499
26,USA-T95,87,18.276125,18.275708,1,5.381750,8.927875,2.259917,0.095250,1.278833,1.643001,2.977204,0.061712,1.336665
26,USA-T95,88,14.459792,14.459625,0,0.000000,8.508459,2.225958,0.109250,3.373417,1.610832,3.022372,0.046833,1.310205
26,USA-T95,89,21.294125,21.293833,1,4.917000,8.088208,2.209208,0.092000,5.690667,1.509498,2.706414,0.048208,1.274036
26,USA-T95,90,13.893875,13.893750,0,0.000000,8.493750,2.148750,0.105292,2.863708,1.752543,2.816006,0.058046,1.422412
26,USA-T95,91,17.170958,17.170542,1,5.235666,8.714417,2.146333,0.090125,0.616000,1.640752,2.891210,0.049209,1.312664
26,USA-T95,92,14.070125,14.069875,0,0.000000,8.239292,1.990625,0.112084,3.482459,1.614378,2.886709,0.045915,1.269834
26,USA-T95,93,18.127250,18.127000,1,5.028791,8.514708,2.171542,0.096750,2.008250,1.668207,2.849751,0.046878,1.302499
26,USA-T95,94,11.271583,11.271333,0,0.000000,8.123459,2.050000,0.094750,0.763167,1.700501,2.685327,0.045630,1.242666
26,USA-T95,95,16.257625,16.257500,1,5.079250,8.223459,2.065959,0.084875,0.517334,1.508875,2.913624,0.046213,1.262499
26,USA-T95,96,13.572875,13.572833,0,0.000000,8.544625,3.216000,0.088584,1.467750,1.704963,2.886295,0.047375,1.291531
26,USA-T95,97,17.190875,17.190750,1,4.625458,8.053416,3.359500,0.157625,0.702208,1.521417,2.690249,0.046039,1.278669
26,USA-T95,98,11.452625,11.452250,0,0.000000,8.451208,2.026917,0.107625,0.615542,1.651502,2.837170,0.046957,1.304004
26,USA-T95,99,19.014250,19.014083,1,4.848834,8.431458,2.099917,0.095125,3.255292,1.554662,2.934911,0.046503,1.304457
26,USA-T95,100,11.362375,11.362209,0,0.000042,7.972791,2.080167,0.091250,0.923792,1.554003,2.698998,0.044581,1.244999
26,USA-T95,101,20.085958,20.085750,1,4.995375,8.267458,2.148542,0.096542,4.280125,1.525041,2.789127,0.048377,1.300628
26,USA-T95,102,13.395041,13.394875,0,0.000042,8.614833,2.203667,0.094125,2.190959,1.809873,2.818421,0.049373,1.319877
26,USA-T95,103,20.071750,20.071500,1,5.024000,8.552125,2.146875,0.095833,3.963125,1.599543,2.874125,0.049504,1.301622
26,USA-T95,104,11.954125,11.953708,0,0.000000,8.132500,1.932125,0.089125,1.568417,1.594957,2.784709,0.047627,1.302709
26,USA-T95,105,17.259042,17.258791,1,4.886000,8.333250,2.137750,0.100375,1.493041,1.514166,2.864253,0.049046,1.302418
26,USA-T95,106,11.269375,11.269208,0,0.000042,8.159708,2.101583,0.092583,0.682625,1.529540,2.861337,0.046293,1.288122
26,USA-T95,107,15.859584,15.859375,1,4.914333,7.891750,2.083334,0.090333,0.610667,1.481333,2.666666,0.045206,1.255626
26,USA-T95,108,21.339209,21.338917,0,0.000041,8.245125,2.859041,0.091167,9.910875,1.580456,2.795039,0.046499,1.323500
26,USA-T95,109,19.164042,19.163667,1,5.073375,8.198375,2.154416,0.156167,3.209167,1.603747,2.749956,0.046036,1.281459
26,USA-T95,110,15.593000,15.592750,0,0.000250,8.642041,2.016250,0.101042,4.556750,1.687371,3.126879,0.076166,1.272455
26,USA-T95,111,17.702875,17.702666,1,4.869625,8.317708,2.145209,0.092875,1.961667,1.515043,2.720048,0.048297,1.305499
26,USA-T95,112,15.338417,15.338208,0,0.000083,8.153875,2.053708,0.122708,4.756125,1.578916,2.742540,0.047297,1.268877
26,USA-T95,113,17.517208,17.517041,1,4.978458,8.113750,2.114958,0.087875,1.801209,1.518622,2.728707,0.046084,1.253626
26,USA-T95,114,15.385500,15.385208,0,0.000042,8.165459,2.071333,0.171792,4.717334,1.573290,2.753290,0.047249,1.297296
26,USA-T95,115,17.281291,17.281000,1,4.651667,8.167750,2.185250,0.121334,1.836042,1.543000,2.752169,0.046666,1.285744
26,USA-T95,116,11.152834,11.152625,0,0.000041,8.155209,2.041500,0.094583,0.613750,1.690081,2.695669,0.050539,1.263167
26,USA-T95,117,16.554416,16.554084,1,5.028958,8.500292,2.007792,0.095000,0.594875,1.735794,2.844584,0.047378,1.301756
26,USA-T95,118,11.933000,11.932625,0,0.000000,8.799667,2.130083,0.089875,0.634084,1.656750,2.850455,0.046787,1.569329
26,USA-T95,119,16.360625,16.360500,1,4.885709,8.447542,2.067583,0.097625,0.579416,1.638960,2.888082,0.047965,1.289450
26,USA-T95,120,13.472500,13.472250,0,0.000000,9.177291,2.442916,0.109500,1.292875,1.619165,2.834625,0.046414,1.307831
26,USA-T95,121,19.170000,19.169625,1,5.283708,10.241667,2.496000,0.107583,0.684833,2.239126,3.701543,0.051708,1.307339
26,USA-T95,122,13.135500,13.135250,0,0.000000,8.556416,2.410625,0.205500,1.656917,1.827584,2.860872,0.047752,1.295879
26,USA-T95,123,17.276875,17.276792,1,4.998041,8.625958,2.275125,0.117500,0.929625,1.637833,2.834789,0.049132,1.309294
26,USA-T95,124,14.573833,14.573500,0,0.000042,8.353667,2.148166,0.103542,3.690333,1.676791,2.774498,0.048668,1.304504
26,USA-T95,125,17.658208,17.657875,1,5.634625,8.535584,2.282750,0.125417,0.747333,1.566122,2.934835,0.048662,1.300372
26,USA-T95,126,13.031584,13.031333,0,0.000042,8.503333,2.062584,0.095000,2.095750,1.709081,2.904787,0.047959,1.301836
26,USA-T95,127,20.088916,20.088667,1,5.383625,8.680000,2.182417,0.104625,3.408250,1.816919,2.973960,0.049001,1.316421
26,USA-T95,128,16.585583,16.585292,0,0.000083,8.604875,2.393583,0.125625,5.185833,1.762917,2.873372,0.048957,1.332047
26,USA-T95,129,17.898291,17.898042,1,5.495667,8.738250,2.558500,0.116667,0.641291,1.708166,3.011587,0.050917,1.345127
26,USA-T95,130,16.454000,16.453541,0,0.000042,8.596792,2.109834,0.220834,5.250958,1.724083,2.878038,0.049708,1.354038
26,USA-T95,131,18.077000,18.076708,1,5.328750,8.599125,2.132958,0.090083,1.594084,1.520831,2.869250,0.047665,1.258704
26,USA-T95,132,14.463584,14.463417,0,0.000083,8.133208,2.300625,0.101166,3.653875,1.552917,2.751879,0.049286,1.252915
26,USA-T95,133,16.953917,16.953750,1,5.287084,8.262666,2.320292,0.103917,0.652708,1.511837,2.804501,0.048498,1.308036
26,USA-T95,134,19.068792,19.068666,0,0.000042,8.629291,2.160208,0.176208,7.795750,1.705331,2.958671,0.050374,1.297502
26,USA-T95,135,17.614000,17.613833,1,5.074708,8.575083,2.110916,0.095458,1.452916,1.616920,2.925373,0.047497,1.276837
26,USA-T95,136,13.175542,13.175416,0,0.000042,8.306000,2.146833,0.112417,2.353625,1.566457,2.819621,0.046790,1.294419
26,USA-T95,137,16.429125,16.428666,1,5.037917,8.176958,2.177292,0.098542,0.639417,1.537708,2.805580,0.045786,1.263920
26,USA-T95,138,13.979084,13.978875,0,0.000000,7.984333,2.041125,0.089541,3.637625,1.550088,2.698589,0.045956,1.243172
26,USA-T95,139,17.445375,17.444834,1,4.905125,8.108917,2.076875,0.104292,1.962709,1.560752,2.715418,0.046784,1.273082
26,USA-T95,140,12.169625,12.169292,0,0.000291,8.686833,2.330625,0.117583,0.700375,1.808456,2.953000,0.047081,1.295454
26,USA-T95,141,22.626167,22.625833,1,6.098208,8.705083,2.169792,0.120333,5.185875,1.898290,2.876623,0.054501,1.313417
26,USA-T95,142,16.537667,16.537209,0,0.000041,8.772916,2.111042,0.109750,5.256959,1.840377,2.999003,0.050080,1.310338
26,USA-T95,143,20.378042,20.377625,1,5.082375,8.777583,2.384542,0.119917,3.637209,1.576706,3.201463,0.048999,1.354000
26,USA-T95,144,13.115292,13.115042,0,0.000042,8.483875,2.112208,0.108042,2.127083,1.709789,2.738336,0.049537,1.256498
26,USA-T95,145,18.024375,18.023916,1,5.112542,8.668416,2.419042,0.123333,1.349125,1.886291,2.829125,0.047543,1.353089
26,USA-T95,146,16.462500,16.462291,0,0.000041,8.692375,2.223375,0.106833,5.150917,1.620709,2.862959,0.047792,1.285964
26,USA-T95,147,19.007875,19.007125,1,5.198875,8.697708,2.303584,0.123167,2.346667,1.654456,3.009164,0.048328,1.301206
26,USA-T95,148,14.839459,14.839041,0,0.000167,8.810834,3.569417,0.118167,1.947541,1.660208,2.931543,0.047791,1.294585
26,USA-T95,149,21.659542,21.659250,1,5.288458,8.741833,2.556958,0.104125,4.486375,1.905750,2.835707,0.052708,1.298669
26,USA-T95,150,12.622834,12.622708,0,0.000000,9.008500,2.448541,0.106459,0.752375,1.746794,2.968625,0.057545,1.348208
26,USA-T95,151,17.979541,17.979084,1,5.322417,9.077792,2.416916,0.115667,0.666542,1.625419,3.225748,0.071789,1.337748
26,USA-T95,152,13.066125,13.065792,0,0.000042,8.802708,2.435083,0.113542,1.437500,1.847503,2.931961,0.051544,1.351328
26,USA-T95,153,21.567208,21.566667,1,5.949792,9.788084,2.260459,0.108708,3.058291,1.699708,3.343623,0.048584,1.404876
26,USA-T95,154,13.342833,13.342625,0,0.000333,8.829250,2.356667,0.098083,1.760834,1.809832,2.893497,0.052794,1.312663
26,USA-T95,155,19.005042,19.004875,1,5.003958,9.676625,2.626458,0.164708,1.188000,1.668627,3.644211,0.050788,1.410167
26,USA-T95,156,13.033791,13.033625,0,0.000042,9.201416,2.306584,0.114792,1.110333,1.851003,3.003002,0.050876,1.404627
26,USA-T95,157,18.791625,18.791208,1,5.619333,8.712875,2.964250,0.109334,1.044041,1.563914,3.082084,0.049165,1.338293
26,USA-T95,158,13.643792,13.643583,0,0.000041,8.997833,2.250167,0.117708,1.951208,1.895543,3.033458,0.049792,1.356956
26,USA-T95,159,18.637458,18.637333,1,5.089209,8.575333,2.287708,0.104458,2.262750,1.618004,2.885832,0.050292,1.344127
26,USA-T95,160,14.062708,14.062459,0,0.000000,9.121125,2.163708,0.111333,2.374833,1.891083,3.007258,0.049082,1.358875
26,USA-T95,161,18.686584,18.686250,1,5.030375,8.409750,2.274334,0.117917,2.476458,1.556996,2.796961,0.053211,1.293836
26,USA-T95,162,14.103292,14.103125,0,0.000041,8.344791,2.164500,0.091833,3.257417,1.624879,2.778582,0.048673,1.309957
26,USA-T95,163,18.177000,18.176792,1,5.092083,8.391625,2.313958,0.105584,1.980209,1.598498,2.801166,0.046839,1.364710
26,USA-T95,164,15.359500,15.359375,0,0.000041,8.359417,2.124833,0.100042,4.536333,1.593665,2.846505,0.046543,1.286122
26,USA-T95,165,19.745500,19.745208,1,5.338667,8.814000,2.372708,0.148041,2.678250,1.582125,2.798204,0.048165,1.295716
26,USA-T95,166,14.796542,14.796375,0,0.000125,8.442416,2.420209,0.088458,3.566584,1.746789,2.805126,0.048907,1.321291
26,USA-T95,167,18.736334,18.736083,1,5.053750,8.903250,2.284542,0.125417,2.046875,1.594045,3.096456,0.049871,1.344377
26,USA-T95,168,14.641541,14.641417,0,0.000000,8.513708,2.321292,0.101458,3.428958,1.714170,2.791172,0.049711,1.329782
26,USA-T95,169,17.818333,17.818042,1,5.245166,8.486250,2.211917,0.251042,1.288167,1.579791,2.799999,0.053708,1.380372
26,USA-T95,170,13.803000,13.802791,0,0.000041,8.442125,2.079000,0.097917,2.942667,1.696584,2.864213,0.047415,1.326503
26,USA-T95,171,20.173000,20.172750,1,5.136500,8.260542,2.180084,0.098917,4.176667,1.525540,2.734838,0.048119,1.261792
26,USA-T95,172,16.900625,16.900000,0,0.000000,8.585875,2.163583,0.520250,5.347958,1.785666,2.867916,0.048295,1.346332
26,USA-T95,173,17.570542,17.570417,1,5.240041,8.558625,2.206584,0.090500,1.147792,1.589875,2.953214,0.048376,1.337789
26,USA-T95,174,13.216291,13.216125,0,0.000208,9.031083,2.150334,0.099416,1.265667,1.724582,3.081458,0.046962,1.332661
26,USA-T95,175,17.035708,17.035334,1,5.007208,8.207125,2.173292,0.093750,1.246500,1.524208,2.714747,0.046463,1.310328
26,USA-T95,176,16.407166,16.406959,0,0.000000,8.367708,2.367750,0.186500,5.165834,1.638502,2.865082,0.049039,1.303830
26,USA-T95,177,19.734917,19.734333,1,5.171667,9.197833,2.347125,0.098833,2.571250,1.640083,3.250791,0.058292,1.405918
26,USA-T95,178,13.480541,13.480250,0,0.000000,8.813250,2.165709,0.098083,2.140250,1.570708,3.210541,0.046998,1.319796
26,USA-T95,179,18.393583,18.393333,1,5.178417,8.300584,2.171041,0.107625,2.331167,1.567043,2.817084,0.048837,1.327214
26,USA-T95,180,13.201125,13.200833,0,0.000042,8.228625,2.066958,0.113125,2.561708,1.563292,2.807751,0.046122,1.287544
26,USA-T95,181,18.686250,18.685875,1,4.899167,8.524333,2.234875,0.095417,2.643125,1.715000,2.899293,0.047168,1.362918
26,USA-T95,182,14.618666,14.618458,0,0.000000,8.511084,2.044792,0.088500,3.716334,1.662460,2.865662,0.049585,1.371503
26,USA-T95,183,20.793917,20.793583,1,5.187583,7.934625,2.238583,0.088292,5.045083,1.504129,2.655580,0.045912,1.252792
26,USA-T95,184,13.683417,13.683166,0,0.000042,8.330792,2.316334,0.090750,2.692666,1.614292,2.865169,0.046497,1.289877
26,USA-T95,185,20.693833,20.693625,1,4.976083,8.423667,2.143583,0.148083,4.689708,1.601997,2.780664,0.048212,1.281917
26,USA-T95,186,12.394875,12.394750,0,0.000000,8.403875,2.059292,0.096042,1.573167,1.603795,2.847043,0.048536,1.369247
26,USA-T95,187,18.476959,18.476625,1,4.996042,8.103541,2.114166,0.125834,2.825083,1.480917,2.704374,0.047543,1.283916
26,USA-T95,188,15.261208,15.261000,0,0.000042,8.387292,2.066125,0.101125,4.464125,1.597672,2.914040,0.047165,1.276589
26,USA-T95,189,19.238333,19.237750,1,5.382667,8.644334,2.367209,0.144042,2.310250,1.552083,2.876201,0.048000,1.312161
26,USA-T95,190,16.494583,16.494291,0,0.000042,8.426625,2.626583,0.120958,5.012625,1.693748,2.794874,0.049998,1.288754
26,USA-T95,191,18.331375,18.330542,1,5.382667,9.507708,2.143916,0.097417,0.800583,1.614044,3.796584,0.048710,1.363667
26,USA-T95,192,13.038750,13.038417,0,0.000000,8.436334,2.192375,0.108666,2.019458,1.668127,2.756418,0.045665,1.305254
26,USA-T95,193,17.321042,17.320750,1,5.029000,8.541708,2.472959,0.106833,0.812875,1.520039,2.893491,0.048831,1.296541
26,USA-T95,194,14.278834,14.278625,0,0.000291,8.204959,2.353500,0.105750,3.309625,1.646250,2.789620,0.047919,1.288620
26,USA-T95,195,17.645792,17.645542,1,5.082334,8.296959,2.206833,0.107334,1.642542,1.550835,2.837460,0.047502,1.278205
26,USA-T95,196,11.421375,11.421125,0,0.000542,8.293500,2.091125,0.092875,0.664917,1.697585,2.752257,0.049132,1.288502
26,USA-T95,197,21.158083,21.157792,1,5.631125,8.510334,2.026667,0.090084,4.605875,1.671125,2.885246,0.047583,1.345668
26,USA-T95,198,11.379500,11.379291,0,0.000041,8.401625,2.037834,0.103750,0.576458,1.722791,2.821961,0.046130,1.285541
26,USA-T95,199,16.792084,16.791500,1,5.335959,8.437375,2.023375,0.094375,0.608292,1.720670,2.799584,0.046161,1.323136
26,USA-T95,200,12.323125,12.322875,0,0.000000,9.043584,2.058250,0.133750,0.836833,1.657668,3.082751,0.047791,1.590463
26,USA-T95,201,16.867959,16.867625,1,5.103417,8.573208,2.183292,0.094417,0.603875,1.610669,2.954501,0.048254,1.395703
26,USA-T95,202,11.761042,11.760792,0,0.000041,8.355791,2.114542,0.215375,0.789125,1.553832,2.944001,0.045499,1.306755
26,USA-T95,203,17.965125,17.964625,1,5.038000,9.057042,2.105667,0.093834,1.301917,1.570247,3.086503,0.063084,1.591503
26,USA-T95,204,13.434917,13.434833,0,0.000042,8.525083,2.249041,0.111875,2.248125,1.801584,2.796207,0.047827,1.264580
26,USA-T95,205,17.088541,17.088417,1,5.170083,8.486125,2.174667,0.106709,0.824583,1.626377,2.841412,0.048381,1.332376
26,USA-T95,206,15.672666,15.672459,0,0.000042,8.505083,2.126459,0.234375,4.535959,1.596209,2.856418,0.049124,1.387881
26,USA-T95,207,17.170667,17.170083,1,5.248667,8.758583,2.163625,0.113458,0.534334,1.578836,2.808334,0.048712,1.293961
26,USA-T95,208,11.417958,11.417583,0,0.000041,8.393250,2.068500,0.093625,0.607916,1.640499,2.809962,0.050036,1.363244
26,USA-T95,209,17.164583,17.164375,1,5.348417,8.449834,2.057500,0.093834,0.888625,1.588710,3.004750,0.052872,1.292043
26,USA-T95,210,13.030958,13.030584,0,0.000041,8.552834,2.400500,0.111667,1.663875,1.703080,2.858744,0.049995,1.301464
26,USA-T95,211,17.451708,17.451375,1,5.344209,8.604500,2.127292,0.099125,0.920167,1.583087,2.904629,0.047205,1.275453
26,USA-T95,212,12.674292,12.674042,0,0.000000,8.890542,2.107791,0.109708,1.288833,1.827501,3.161123,0.047542,1.320575
26,USA-T95,213,17.679917,17.679542,1,5.490667,8.617792,2.376125,0.120584,0.711209,1.617125,2.893291,0.085542,1.369990
26,USA-T95,214,16.637375,16.637250,0,0.000208,9.415250,2.043291,0.101000,4.788291,1.766706,3.183042,0.050626,1.405001
26,USA-T95,215,21.088375,21.088125,1,5.093500,8.775625,2.445167,0.205083,4.267292,1.672209,3.009797,0.046959,1.344634
26,USA-T95,216,12.480125,12.479792,0,0.000041,9.019792,2.225875,0.109584,0.797292,1.837125,3.119498,0.046628,1.250202
26,USA-T95,217,19.312792,19.312750,1,5.825416,9.669667,2.228458,0.117666,1.086958,1.915833,3.576661,0.051957,1.470291
26,USA-T95,218,13.021458,13.021292,0,0.000917,8.999833,2.477625,0.117583,1.091583,1.742084,3.109164,0.050581,1.385088
26,USA-T95,219,17.825750,17.825417,1,5.557250,8.934084,2.196583,0.102458,0.598084,1.816832,3.036495,0.050122,1.341539
26,USA-T95,220,12.635875,12.635750,0,0.000042,9.392792,2.107916,0.114583,0.713041,1.812246,3.386869,0.049918,1.332541
26,USA-T95,221,19.557708,19.557375,1,5.091750,9.545667,2.181416,0.102542,2.308459,1.670880,3.160003,0.050580,1.617997
26,USA-T95,222,14.649875,14.649500,0,0.000042,8.989500,2.201125,0.111458,3.035834,1.733794,2.876663,0.048585,1.317919
26,USA-T95,223,17.551458,17.550959,1,5.269167,8.852250,2.262333,0.198416,0.628916,1.755376,3.022585,0.050208,1.355000
26,USA-T95,224,13.348584,13.348417,0,0.000041,8.497500,2.347417,0.111750,2.076417,1.677081,2.795337,0.049253,1.294251
26,USA-T95,225,20.421583,20.421375,1,5.708500,9.145250,2.364833,0.107917,2.712375,1.803126,3.095961,0.053371,1.337463
26,USA-T95,226,14.463958,14.463709,0,0.000000,8.919625,2.417625,0.098125,2.724166,1.925830,2.850793,0.050540,1.313167
26,USA-T95,227,18.171375,18.171125,1,5.321542,8.681750,2.124666,0.111959,1.581333,1.683580,2.918579,0.049581,1.259668
26,USA-T95,228,13.236416,13.235917,0,0.000000,8.677541,2.227625,0.158708,1.878417,1.697960,3.031253,0.047794,1.313998
26,USA-T95,229,17.068166,17.067875,1,5.211667,8.510584,2.221625,0.116958,0.648167,1.698749,2.871543,0.052214,1.321204
26,USA-T95,230,15.663500,15.663042,0,0.000041,8.464292,2.197208,0.106667,4.611291,1.633418,2.828913,0.047838,1.309288
26,USA-T95,231,17.727042,17.726625,1,5.381541,8.862000,2.246916,0.112333,0.719417,1.676500,3.039131,0.048791,1.346791
26,USA-T95,232,12.998125,12.997875,0,0.000000,8.362750,2.069250,0.097125,2.208042,1.672792,2.780831,0.050873,1.304209
26,USA-T95,233,18.093000,18.092833,1,5.137250,8.191375,2.214750,0.108833,2.113084,1.535252,2.722873,0.047704,1.310949
26,USA-T95,234,11.998750,11.998500,0,0.000042,8.688041,2.060042,0.092833,0.903542,1.615252,3.065920,0.048622,1.343543
26,USA-T95,235,16.770583,16.770208,1,5.143291,8.509084,2.053875,0.094042,0.638709,1.690540,2.958039,0.049622,1.290119
26,USA-T95,236,12.108500,12.108417,0,0.000000,8.685375,2.256583,0.238375,0.657208,1.791961,2.924455,0.048497,1.348748
26,USA-T95,237,20.397500,20.397291,1,5.063791,8.373500,2.203416,0.082334,4.371792,1.707835,2.815453,0.046378,1.284667
26,USA-T95,238,11.437708,11.437542,0,0.000125,8.405667,2.053708,0.086750,0.626958,1.626913,2.882166,0.047709,1.318669
26,USA-T95,239,17.151292,17.151125,1,5.053292,8.934083,2.131917,0.097083,0.598125,1.781123,3.116875,0.049790,1.403501
26,USA-T95,240,15.891333,15.891042,0,0.000000,8.564500,2.191667,0.105500,4.771083,1.667752,2.828876,0.047375,1.301833
26,USA-T95,241,16.906500,16.906166,1,5.094375,8.735709,2.102000,0.098791,0.578208,1.686043,3.017040,0.048374,1.296204
26,USA-T95,242,12.339083,12.338917,0,0.000042,8.770208,2.164917,0.099084,1.056084,1.746496,2.863586,0.046496,1.367499
26,USA-T95,243,18.982416,18.982167,1,5.347375,8.325208,3.777000,0.098833,1.130750,1.551209,2.896124,0.047502,1.300752
26,USA-T95,244,13.353542,13.353209,0,0.000042,8.458542,2.083417,0.095667,2.418125,1.682250,2.819124,0.048209,1.283417
26,USA-T95,245,17.422958,17.422625,1,4.924167,8.331917,2.135750,0.099208,1.623250,1.588957,2.864413,0.068455,1.325704
26,USA-T95,246,15.545042,15.544750,0,0.000000,8.365500,2.091708,0.080875,4.749334,1.713295,2.771167,0.049331,1.301460
26,USA-T95,247,18.591000,18.590584,1,5.231458,8.309208,2.438000,0.103375,2.176958,1.542748,2.763499,0.046999,1.271709
26,USA-T95,248,15.666833,15.666375,0,0.000167,8.648458,2.419625,0.122209,4.185583,1.753003,2.823293,0.047541,1.311496
26,USA-T95,249,17.802625,17.802250,1,5.264333,8.740667,2.169584,0.107333,1.184041,1.547585,2.891371,0.048171,1.327371
26,USA-T95,250,14.531458,14.530917,0,0.000292,8.255042,2.054875,0.117667,3.794834,1.612083,2.785422,0.048334,1.296454
26,USA-T95,251,18.792541,18.792417,1,4.852292,8.752416,2.332916,0.105333,2.415208,1.557583,2.808581,0.050040,1.332337
26,USA-T95,252,14.617375,14.617209,0,0.000000,8.405458,2.193709,0.105583,3.631333,1.677749,2.804167,0.048833,1.337170
26,USA-T95,253,17.367500,17.367250,1,5.282500,8.528917,2.247792,0.131584,0.852333,1.543248,2.846712,0.048667,1.335541
26,USA-T95,254,13.816583,13.816458,0,0.000042,8.325042,2.093000,0.100125,3.054000,1.678670,2.779208,0.047041,1.324580
26,USA-T95,255,20.050334,20.050041,1,5.261708,8.608416,2.228750,0.100333,3.487541,1.850122,2.857411,0.048918,1.319539
26,USA-T95,256,15.448417,15.448209,0,0.000125,8.715792,2.037708,0.107875,4.304625,1.702082,3.008835,0.048964,1.341497
26,USA-T95,257,17.685917,17.685625,1,5.229084,8.396959,2.139625,0.122250,1.486792,1.519167,2.820377,0.047872,1.344247
26,USA-T95,258,15.463500,15.463208,0,0.000000,8.341875,2.089958,0.155584,4.610333,1.666791,2.798420,0.047998,1.318255
26,USA-T95,259,20.726084,20.725417,1,5.228791,8.624625,2.156792,0.092000,4.300625,1.599709,2.835172,0.050163,1.370913
26,USA-T95,260,14.873208,14.873041,0,0.000000,8.624125,2.375042,0.101708,3.488209,1.689205,2.865251,0.047501,1.293084
26,USA-T95,261,18.368542,18.368167,1,5.187333,9.348041,2.363667,0.101500,1.023250,1.651709,3.315163,0.049915,1.384332
26,USA-T95,262,13.178125,13.178000,0,0.000041,8.680417,2.143292,0.131208,1.800625,1.654460,2.987500,0.050998,1.328826
26,USA-T95,263,19.100375,19.100167,1,4.988250,8.605583,2.273875,0.111250,2.811458,1.691875,2.858583,0.047753,1.322671
26,USA-T95,264,17.813333,17.813000,0,0.000042,8.657250,2.510792,0.097333,6.285458,1.681749,2.996623,0.048213,1.302374
26,USA-T95,265,17.830667,17.830500,1,5.164125,8.691208,2.086167,0.092291,1.498792,1.722584,3.082417,0.059746,1.294789
26,USA-T95,266,12.181416,12.181167,0,0.000000,8.489958,2.155084,0.093000,1.185083,1.590415,2.809704,0.044581,1.240001
26,USA-T95,267,16.632500,16.632166,1,4.980875,8.146875,2.208375,0.161084,0.841917,1.523875,2.712041,0.047041,1.278041
26,USA-T95,268,11.389959,11.389750,0,0.000292,8.250584,2.160875,0.103667,0.559083,1.549251,2.845704,0.049166,1.276834
26,USA-T95,269,16.746209,16.746083,1,5.078708,8.414750,2.189000,0.090833,0.676000,1.615046,2.823418,0.048879,1.299879
26,USA-T95,270,11.869708,11.869500,0,0.000000,8.530166,2.209542,0.111417,0.775209,1.723667,2.889874,0.046499,1.326669
26,USA-T95,271,16.222208,16.222000,1,4.862542,8.272083,1.996916,0.091750,0.713750,1.624958,2.845379,0.046253,1.282325
26,USA-T95,272,15.188959,15.188833,0,0.000000,8.103667,2.070458,0.092625,4.687084,1.535207,2.720456,0.045750,1.291417
26,USA-T95,273,17.440667,17.440458,1,4.847167,7.904334,2.128458,0.080875,2.201916,1.505248,2.671465,0.046043,1.256999
26,USA-T95,274,14.950292,14.949958,0,0.000042,8.205125,2.110875,0.103209,4.274584,1.539918,2.779745,0.046375,1.288210
26,USA-T95,275,16.967125,16.966708,1,4.895792,8.590125,2.318500,0.101250,0.709750,1.571333,2.906245,0.049998,1.343245
26,USA-T95,276,12.893375,12.892958,0,0.000375,8.658875,2.167750,0.088125,1.708000,1.698793,2.785543,0.049041,1.290959
26,USA-T95,277,17.235625,17.235542,1,5.119375,8.149083,2.127750,0.098666,1.457833,1.518747,2.744046,0.046549,1.284165
26,USA-T95,278,15.423250,15.423000,0,0.000042,8.387333,2.072542,0.100209,4.625667,1.630874,2.868327,0.048170,1.344709
26,USA-T95,279,16.902375,16.901958,1,5.346292,8.127000,2.143125,0.092708,0.906500,1.526501,2.707959,0.045339,1.324207
26,USA-T95,280,11.464666,11.464584,0,0.000041,8.283209,2.044209,0.136667,0.758666,1.640747,2.808084,0.046542,1.338080
26,USA-T95,281,25.208666,25.208584,1,5.183958,8.072458,2.167208,0.078166,9.388750,1.511795,2.727334,0.047209,1.273213
26,USA-T95,282,12.984459,12.984208,0,0.000041,8.144000,2.098709,0.085792,2.419792,1.520541,2.768789,0.046538,1.312129
26,USA-T95,283,21.569000,21.568667,1,5.131291,8.448167,2.066125,0.099959,5.519042,1.594748,2.890255,0.054042,1.341629
26,USA-T95,284,12.931709,12.931292,0,0.000000,8.577917,2.203083,0.113333,1.757417,1.688792,2.856166,0.050202,1.328833
26,USA-T95,285,17.895541,17.895167,1,5.202584,8.394625,2.375208,0.218792,1.361875,1.575503,2.839831,0.049754,1.317041
26,USA-T95,286,14.765916,14.765625,0,0.000041,8.782000,2.357042,0.417584,1.881375,1.623369,2.849502,0.048121,1.316954
26,USA-T95,287,18.000333,18.000000,1,5.339042,8.596792,3.040292,0.126125,0.529458,1.640374,2.928086,0.050123,1.428661
26,USA-T95,288,15.390875,15.390500,0,0.000042,8.893334,2.203125,0.119042,3.874500,1.750877,3.060713,0.053127,1.328749
26,USA-T95,289,18.366542,18.366417,1,5.475166,8.511792,2.381459,0.115875,1.541292,1.580666,2.892378,0.048081,1.312261
26,USA-T95,290,14.415333,14.415208,0,0.000042,8.847375,2.288791,0.109250,2.896917,1.735539,2.951210,0.055001,1.362373
26,USA-T95,291,18.140208,18.139500,1,5.371792,8.962541,2.290875,0.171291,0.997375,1.673587,2.989545,0.050128,1.342077
26,USA-T95,292,14.671500,14.671083,0,0.000041,8.760292,2.321750,0.108959,3.179959,1.696043,2.887794,0.051790,1.356792
26,USA-T95,293,17.675208,17.675125,1,5.250000,9.077750,2.298333,0.130709,0.571416,1.710417,3.121291,0.052584,1.414171
26,USA-T95,294,15.866625,15.866375,0,0.000000,8.900000,2.222500,0.110750,4.337375,1.780540,2.993997,0.052955,1.424674
26,USA-T95,295,18.959625,18.959208,1,5.223125,9.896875,2.510167,0.123541,0.811375,1.704331,3.069417,0.052250,1.406621
26,USA-T95,296,15.194042,15.193916,0,0.000042,9.098000,3.202792,0.129625,2.433458,1.781921,3.044372,0.054126,1.417166
26,USA-T95,297,17.526541,17.526250,1,5.378125,8.858125,2.239875,0.096250,0.633917,1.647917,3.003499,0.051997,1.386372
26,USA-T95,298,16.227708,16.227500,0,0.000000,9.387791,2.302917,0.104208,4.154250,1.807957,3.353458,0.051126,1.377883
26,USA-T95,299,19.023583,19.023292,1,5.328250,9.133333,2.706000,0.112125,1.380500,1.685707,3.110504,0.053125,1.408127
26,USA-T95,300,14.065417,14.065166,0,0.000042,9.285541,2.830833,0.137833,1.503250,1.922000,3.047707,0.054127,1.430583
26,USA-T95,301,18.291291,18.291083,1,5.567417,9.133291,2.481125,0.108750,0.629875,1.713212,3.045124,0.052872,1.429708
26,USA-T95,302,13.902042,13.901833,0,0.000042,9.094166,2.275291,0.088834,2.167458,1.813667,3.033375,0.053206,1.426960
26,USA-T95,303,22.076792,22.076541,1,5.658375,9.045583,2.332375,0.103792,4.589250,1.718332,3.056540,0.052169,1.436623
26,USA-T95,304,16.618792,16.618541,0,0.000042,8.859958,2.299916,0.096500,5.084083,1.694876,3.005379,0.053789,1.366002
26,USA-T95,305,18.168333,18.168166,1,5.679083,9.035834,2.267125,0.099666,0.737458,1.781500,3.043129,0.051538,1.396456
26,USA-T95,306,16.210500,16.210042,0,0.000000,9.056417,2.306042,0.093875,4.473792,1.760834,3.027962,0.054544,1.425504
26,USA-T95,307,19.446833,19.446250,1,5.396375,9.033250,2.274458,0.101208,2.298292,1.718754,3.068374,0.053296,1.428210
26,USA-T95,308,15.066292,15.065958,0,0.000041,9.339167,2.910167,0.191708,2.323000,1.745834,3.278875,0.052625,1.426294
26,USSR-KV5,0,20.509792,20.509667,1,5.560000,9.969166,2.498500,0.144875,1.801916,1.984164,3.299167,0.081790,1.810160
26,USSR-KV5,1,14.192459,14.191708,0,0.000250,9.056208,2.371125,0.116417,2.294667,1.835917,3.021750,0.053998,1.385532
26,USSR-KV5,2,19.321000,19.320750,1,5.753084,10.088208,2.350166,0.116292,0.637458,1.776043,3.201459,0.053791,1.507589
26,USSR-KV5,3,16.855708,16.855458,0,0.000042,11.533625,2.563750,0.117042,2.037459,1.866744,4.176916,0.055916,1.420542
26,USSR-KV5,4,19.549125,19.548667,1,5.760125,10.296125,2.319917,0.107708,0.657250,2.208705,3.441584,0.054588,1.455300
26,USSR-KV5,5,13.609875,13.609500,0,0.000250,9.561208,2.331250,0.103875,1.317500,1.922163,3.222166,0.054292,1.433952
26,USSR-KV5,6,18.875625,18.875375,1,5.434417,10.008208,2.281834,0.108709,0.680583,2.265502,3.343541,0.051877,1.543748
26,USSR-KV5,7,13.102000,13.101792,0,0.000042,9.578083,2.324791,0.121666,0.755583,1.926875,3.378626,0.054378,1.425922
26,USSR-KV5,8,19.238042,19.237791,1,5.483667,10.239459,2.339500,0.110042,0.716291,1.909128,3.913580,0.054458,1.611960
26,USSR-KV5,9,15.392334,15.392250,0,0.000042,11.272166,2.396208,0.113750,1.291666,1.927958,4.101506,0.067043,1.437878
26,USSR-KV5,10,18.628209,18.628125,1,5.694458,9.495417,2.301334,0.120958,0.654500,1.823416,3.485541,0.055127,1.427581
26,USSR-KV5,11,14.037708,14.037584,0,0.000042,9.535875,2.332667,0.105375,1.635833,1.934833,3.141662,0.053872,1.530420
26,USSR-KV5,12,19.147333,19.147000,1,5.902084,9.705291,2.331542,0.095792,0.744208,2.098919,3.212585,0.053459,1.447871
26,USSR-KV5,13,14.908541,14.908375,0,0.000042,9.663875,2.407000,0.110208,2.405750,1.966919,3.122458,0.052834,1.414084
26,USSR-KV5,14,18.556333,18.556125,1,5.314250,9.699458,2.282125,0.111666,0.790250,1.859083,3.508827,0.052792,1.404374
26,USSR-KV5,15,13.218417,13.218167,0,0.000042,9.433708,2.375917,0.108500,0.984541,1.796208,3.106129,0.053250,1.476163
26,USSR-KV5,16,19.274916,19.274667,1,5.595625,10.047292,2.345125,0.122916,0.597166,2.149622,3.474708,0.053120,1.394045
26,USSR-KV5,17,13.590291,13.589958,0,0.000000,9.159542,2.283459,0.117666,1.685500,1.784871,3.174209,0.052748,1.368087
26,USSR-KV5,18,17.495958,17.495667,1,5.368750,9.019916,2.122500,0.090583,0.577959,1.714919,3.084006,0.051503,1.441205
26,USSR-KV5,19,15.572625,15.572375,0,0.000042,8.872833,2.290208,0.104209,3.923834,1.775794,2.943916,0.050295,1.448165
26,USSR-KV5,20,18.039208,18.038959,1,5.053458,8.981375,2.185583,0.092250,1.431750,1.692582,3.014542,0.051830,1.367078
26,USSR-KV5,21,15.913500,15.913208,0,0.000042,9.039917,2.301500,0.156333,4.136500,1.652707,3.033749,0.057832,1.383753
26,USSR-KV5,22,18.045459,18.044916,1,5.207208,8.900917,2.161833,0.957666,0.506916,1.713958,3.141379,0.057956,1.395783
26,USSR-KV5,23,12.943458,12.943292,0,0.000042,8.437750,2.555292,0.101209,1.588542,1.653292,2.804241,0.047418,1.309341
26,USSR-KV5,24,17.650417,17.650209,1,5.105292,8.656458,2.314375,0.096375,1.166542,1.568168,2.915003,0.049086,1.351166
26,USSR-KV5,25,17.523458,17.523292,0,0.000042,8.901416,2.326750,0.112167,5.933000,1.702001,3.124043,0.063334,1.467206
26,USSR-KV5,26,16.912875,16.912000,1,4.846833,8.708958,2.290959,0.096708,0.594709,1.608170,2.985040,0.049621,1.362083
26,USSR-KV5,27,15.888292,15.888083,0,0.000000,8.849791,2.617625,0.105333,4.017375,1.741459,3.014209,0.052712,1.416751
26,USSR-KV5,28,18.507792,18.507542,1,5.113500,10.039667,2.260709,0.101917,0.651125,2.038666,3.510500,0.053958,1.381784
26,USSR-KV5,29,14.849292,14.849166,0,0.000125,9.724667,2.832208,0.113625,1.860541,1.807829,2.957125,0.050420,1.357793
26,USSR-KV5,30,17.346083,17.345917,1,5.245042,8.901166,2.155666,0.098541,0.581458,1.676711,3.030791,0.051871,1.408497
26,USSR-KV5,31,13.673750,13.673584,0,0.000041,8.487958,2.205667,0.115208,2.617667,1.688248,2.885546,0.048251,1.340669
26,USSR-KV5,32,16.938209,16.938125,1,5.067250,8.546292,2.256416,0.089334,0.681125,1.579331,2.835500,0.048876,1.339378
26,USSR-KV5,33,15.674625,15.674417,0,0.000042,8.509916,2.152209,0.100792,4.617875,1.716206,2.827873,0.048127,1.342292
26,USSR-KV5,34,17.782625,17.782125,1,5.146958,8.475500,2.346416,0.100250,1.380750,1.605380,2.860256,0.049789,1.350673
26,USSR-KV5,35,15.097917,15.097625,0,0.000166,8.837666,2.245667,0.110542,3.573625,1.779539,3.015586,0.053038,1.418669
26,USSR-KV5,36,22.012250,22.011875,1,5.303625,8.631959,2.197625,0.105792,5.427750,1.743377,2.897500,0.048705,1.365169
26,USSR-KV5,37,12.340791,12.340542,0,0.000083,8.258666,2.236833,0.090125,1.465042,1.635627,2.752251,0.049082,1.297831
26,USSR-KV5,38,16.686375,16.686125,1,5.156542,8.255959,2.234500,0.105083,0.643333,1.600668,2.786626,0.047878,1.317584
26,USSR-KV5,39,13.572625,13.572458,0,0.000041,8.356417,2.056041,0.092583,2.838709,1.598541,2.881748,0.048959,1.367460
26,USSR-KV5,40,18.402208,18.402084,1,5.092834,8.481875,2.235250,0.123541,2.162042,1.666084,2.901043,0.051579,1.365833
26,USSR-KV5,41,17.543958,17.543792,0,0.000166,9.227333,2.158792,0.158959,5.717375,1.849376,3.137002,0.050498,1.401957
26,USSR-KV5,42,17.765042,17.764750,1,5.365250,8.709042,2.321583,0.267375,0.773916,1.707250,2.846627,0.049334,1.351457
26,USSR-KV5,43,12.985000,12.984750,0,0.000042,8.374708,2.282959,0.106375,1.898458,1.641331,2.850417,0.050919,1.306121
26,USSR-KV5,44,18.867042,18.866792,1,5.201833,8.626291,2.223041,0.102375,2.392792,1.744165,2.923711,0.047039,1.304749
26,USSR-KV5,45,16.625917,16.625542,0,0.000250,8.660084,2.461792,0.144417,4.276167,1.776332,2.911835,0.047874,1.342335
26,USSR-KV5,46,19.366375,19.366125,1,5.085542,8.533458,2.384375,0.110500,2.912334,1.565502,2.942459,0.050668,1.340586
26,USSR-KV5,47,13.757583,13.757250,0,0.000000,8.453958,2.107541,0.094917,2.838709,1.683958,2.833413,0.047998,1.301877
26,USSR-KV5,48,18.048000,18.047500,1,5.150083,8.399667,2.353041,0.102125,1.741375,1.624335,2.883953,0.048041,1.374171
26,USSR-KV5,49,15.611625,15.611333,0,0.000041,8.505125,2.148833,0.109583,4.321000,1.595711,2.817251,0.048005,1.372629
26,USSR-KV5,50,17.780917,17.780583,1,4.988875,8.475875,2.240208,0.100042,1.657291,1.685207,2.791248,0.046750,1.305542
26,USSR-KV5,51,15.191583,15.191417,0,0.000125,8.176250,2.099959,0.078459,4.596875,1.623749,2.753085,0.049913,1.288211
26,USSR-KV5,52,21.439542,21.439333,1,5.029750,8.316958,2.072375,0.092000,5.623625,1.602495,2.837954,0.049457,1.321210
26,USSR-KV5,53,13.503375,13.503250,0,0.000042,8.653584,2.453833,0.128375,1.732750,1.623376,3.101294,0.047045,1.286659
26,USSR-KV5,54,19.251667,19.251541,1,5.214208,9.249791,2.131917,0.097958,2.118417,1.600171,2.924917,0.051251,1.527534
26,USSR-KV5,55,12.950958,12.950791,0,0.000041,8.375417,2.149167,0.111333,2.048209,1.603293,2.882995,0.047749,1.318242
26,USSR-KV5,56,17.091625,17.091291,1,4.796875,8.596542,2.196917,0.083708,1.123959,1.847914,2.860753,0.047960,1.305455
26,USSR-KV5,57,15.085333,15.085291,0,0.000000,8.047291,2.167666,0.089292,3.128833,1.502131,2.741043,0.046210,1.286380
26,USSR-KV5,58,17.434709,17.434458,1,4.975875,7.997166,2.120000,0.086625,1.966708,1.504918,2.731874,0.048877,1.299712
26,USSR-KV5,59,11.512625,11.512375,0,0.000041,8.353875,2.244958,0.146250,0.472375,1.599002,2.892499,0.048124,1.351749
26,USSR-KV5,60,17.103958,17.103708,1,4.899500,8.461958,2.087666,0.275042,0.594792,1.509087,2.751795,0.047212,1.342212
26,USSR-KV5,61,12.478333,12.477458,0,0.000083,8.264958,2.047000,0.105375,1.779292,1.640250,2.849453,0.046625,1.314912
26,USSR-KV5,62,16.345334,16.345250,1,4.813583,7.985875,2.057541,0.084875,1.130459,1.505876,2.722962,0.047499,1.288164
26,USSR-KV5,63,11.273833,11.273583,0,0.000000,8.227375,2.046709,0.087833,0.667209,1.545042,2.757540,0.046834,1.327338
26,USSR-KV5,64,16.045375,16.045208,1,4.742625,8.183333,2.061333,0.084708,0.690292,1.584872,2.751086,0.046167,1.333381
26,USSR-KV5,65,15.913500,15.913250,0,0.000042,7.981750,2.069916,0.141292,5.463292,1.541913,2.727792,0.047381,1.294421
26,USSR-KV5,66,19.875375,19.875041,1,5.436750,8.645500,2.399500,0.109291,2.931583,1.541209,2.798294,0.048541,1.303210
26,USSR-KV5,67,13.964458,13.964167,0,0.000833,9.229958,2.307542,0.114125,1.951167,1.820669,2.846872,0.049790,1.301000
26,USSR-KV5,68,20.888708,20.888583,1,5.063916,9.079708,2.418833,0.101041,3.837334,1.679163,3.190832,0.052418,1.426166
26,USSR-KV5,69,12.333459,12.333375,0,0.000292,8.448917,2.210667,0.193166,1.186708,1.683912,2.826247,0.048252,1.294958
26,USSR-KV5,70,17.547625,17.547458,1,5.037125,8.623250,2.594792,0.108416,0.781666,1.599918,3.051336,0.049547,1.343292
26,USSR-KV5,71,18.551208,18.550750,0,0.000000,8.426959,2.063500,0.103209,7.688709,1.677667,2.868165,0.050294,1.333371
26,USSR-KV5,72,20.034292,20.033875,1,4.843209,8.395292,2.131083,0.088042,4.272667,1.599330,2.838582,0.049126,1.346550
26,USSR-KV5,73,11.618000,11.617625,0,0.000333,8.391417,2.194625,0.100667,0.652709,1.647165,2.865006,0.047746,1.299000
26,USSR-KV5,74,19.957042,19.956833,1,4.928250,8.396333,2.073042,0.090458,4.175000,1.633916,2.869663,0.051128,1.348623
26,USSR-KV5,75,12.426791,12.426584,0,0.000042,8.522000,2.154750,0.094666,1.357166,1.596498,2.875710,0.046329,1.392209
26,USSR-KV5,76,19.849541,19.849083,1,4.788666,8.348667,2.159708,0.094125,4.175667,1.577668,2.873549,0.050166,1.341458
26,USSR-KV5,77,17.018917,17.018583,0,0.000000,8.072208,2.036750,0.091875,6.574875,1.494751,2.730789,0.046706,1.291210
26,USSR-KV5,78,18.171625,18.171417,1,4.816583,8.108834,2.144292,0.103916,2.679000,1.532458,2.751544,0.045919,1.268580
26,USSR-KV5,79,13.996917,13.996541,0,0.000000,8.333125,2.271000,0.107542,2.892416,1.623041,2.855212,0.047040,1.302538
26,USSR-KV5,80,18.875041,18.874708,1,4.936125,8.550958,2.102209,0.090916,2.858292,1.618208,2.849705,0.048171,1.291459
26,USSR-KV5,81,11.964541,11.964250,0,0.000041,8.198791,2.130000,0.091625,1.263667,1.631540,2.732956,0.048666,1.303046
26,USSR-KV5,82,16.711625,16.711416,1,4.850333,8.229958,2.197750,0.208792,0.868792,1.527707,2.803748,0.048497,1.329415
26,USSR-KV5,83,19.565625,19.565500,0,0.000000,8.015458,2.027417,0.094375,9.181333,1.535497,2.711714,0.048793,1.300087
26,USSR-KV5,84,18.017459,18.016542,1,4.773625,8.035959,2.106750,0.087417,2.737291,1.518542,2.750877,0.046339,1.318291
26,USSR-KV5,85,13.822667,13.822458,0,0.000042,7.873958,2.013458,0.078166,3.636417,1.513704,2.661961,0.046496,1.282796
26,USSR-KV5,86,15.895375,15.895250,1,4.779542,7.948000,2.167875,0.104625,0.604833,1.495166,2.689875,0.045707,1.266667
26,USSR-KV5,87,17.316292,17.316125,0,0.000041,8.156917,2.058583,0.076542,6.762583,1.536212,2.804834,0.047205,1.299878
26,USSR-KV5,88,16.066917,16.066583,1,4.930000,8.206667,1.984500,0.088292,0.588250,1.598540,2.720461,0.046208,1.300753
26,USSR-KV5,89,16.020917,16.020666,0,0.000042,8.142209,2.039083,0.088875,5.521875,1.547830,2.786632,0.047211,1.318167
26,USSR-KV5,90,17.995125,17.994833,1,4.898333,7.977167,2.050084,0.085458,2.695584,1.506336,2.730000,0.047290,1.278622
26,USSR-KV5,91,14.513417,14.513167,0,0.000083,8.185459,2.057292,0.099541,3.928541,1.640250,2.839874,0.047295,1.301914
26,USSR-KV5,92,17.131750,17.131458,1,5.108875,8.398000,2.385292,0.128125,0.793209,1.562205,2.925080,0.048915,1.328165
26,USSR-KV5,93,17.720625,17.720500,0,0.000000,8.147417,2.063042,0.105417,7.153541,1.646918,2.715458,0.049912,1.269966
26,USSR-KV5,94,18.640625,18.640458,1,5.086333,7.901292,2.276958,0.088833,3.007042,1.486295,2.715460,0.046753,1.269537
26,USSR-KV5,95,13.613958,13.613750,0,0.000875,8.171625,2.137083,0.093541,2.925458,1.609290,2.794539,0.050790,1.279752
26,USSR-KV5,96,17.068917,17.068625,1,4.890041,8.254458,2.199458,0.093125,1.289750,1.632168,2.817290,0.047297,1.334873
26,USSR-KV5,97,14.204209,14.204000,0,0.000125,8.402166,2.053375,0.121625,3.368208,1.676333,2.817914,0.047250,1.298670
26,USSR-KV5,98,20.064167,20.064000,1,4.747042,8.110542,2.703167,0.126542,4.061584,1.552375,2.771834,0.048369,1.284705
26,USSR-KV5,99,15.367292,15.366833,0,0.000208,8.496541,2.703583,0.129791,3.701625,1.764666,2.913418,0.048252,1.274539
26,USSR-KV5,100,17.399541,17.399334,1,5.151875,8.371542,2.309750,0.136708,0.976875,1.576750,2.859957,0.051334,1.310833
26,USSR-KV5,101,15.958791,15.958209,0,0.000334,8.161833,2.078958,0.100750,5.353042,1.644124,2.783003,0.048287,1.281789
26,USSR-KV5,102,18.508292,18.507791,1,5.178792,8.684708,2.558041,0.111875,1.441500,1.789001,2.856293,0.047247,1.288703
26,USSR-KV5,103,16.133250,16.132875,0,0.000208,8.960542,3.800750,0.134792,2.913584,1.929541,2.986751,0.050085,1.300376
26,USSR-KV5,104,18.178125,18.177708,1,5.179208,8.584417,2.308375,0.210000,1.563875,1.575792,2.999117,0.049124,1.335042
26,USSR-KV5,105,15.892583,15.892459,0,0.000417,8.674042,2.177583,0.112084,4.603292,1.917295,2.868962,0.050792,1.328498
26,USSR-KV5,106,17.846250,17.845875,1,5.382750,8.821083,2.514625,0.103250,0.626000,1.759750,2.955502,0.048795,1.294670
26,USSR-KV5,107,15.411542,15.411000,0,0.000291,8.628167,2.241042,0.112125,4.131625,1.633208,2.776374,0.049086,1.305126
26,USSR-KV5,108,17.379958,17.379709,1,5.407959,8.568000,2.268292,0.114416,0.660500,1.635957,2.939000,0.050621,1.320086
26,USSR-KV5,109,13.612583,13.612375,0,0.000042,8.450542,2.188000,0.100459,2.582958,1.694998,2.845379,0.047835,1.309122
26,USSR-KV5,110,17.466625,17.466209,1,5.330875,8.618375,2.393500,0.102625,0.697959,1.660043,2.905210,0.057626,1.345123
26,USSR-KV5,111,16.667708,16.667459,0,0.000000,8.678833,2.178916,0.116875,5.400042,1.722542,2.953706,0.048377,1.341373
26,USSR-KV5,112,19.735583,19.734625,1,5.539000,10.419000,2.480500,0.134667,0.759416,1.768585,3.070254,0.053208,1.383497
26,USSR-KV5,113,14.610084,14.609584,0,0.000000,9.873000,2.683625,0.121084,1.587291,1.849499,3.148546,0.051378,1.374043
26,USSR-KV5,114,17.837917,17.837667,1,5.374875,8.714416,2.625875,0.108583,0.648958,1.593539,2.972961,0.064915,1.420333
26,USSR-KV5,115,14.570833,14.570542,0,0.000000,8.782625,2.657625,0.116791,2.709917,1.783335,2.917706,0.052543,1.366911
26,USSR-KV5,116,18.875125,18.874750,1,5.579083,9.745333,2.359542,0.111333,0.685625,2.103673,3.271667,0.087375,1.546786
26,USSR-KV5,117,15.521000,15.520750,0,0.000000,8.983167,2.851750,0.151167,3.211833,1.945750,2.949962,0.052249,1.357000
26,USSR-KV5,118,18.401667,18.400666,1,5.408542,9.407583,2.363417,0.108458,0.756250,1.755081,3.225793,0.053169,1.429418
26,USSR-KV5,119,13.933291,13.932833,0,0.000875,8.930959,2.505250,0.129125,1.997625,1.805625,3.031914,0.050665,1.416247
26,USSR-KV5,120,19.332000,19.331667,1,5.434584,9.481333,2.377750,0.131209,1.525792,1.765666,3.272127,0.055914,1.472965
26,USSR-KV5,121,14.089625,14.089458,0,0.000042,8.821333,2.407458,0.103542,2.465459,1.764705,2.961206,0.055498,1.358833
26,USSR-KV5,122,18.431750,18.431500,1,5.400833,9.196375,2.543083,0.122291,0.772833,1.699670,3.151503,0.051746,1.400916
26,USSR-KV5,123,16.115000,16.114542,0,0.000208,10.368666,2.525500,0.116750,2.732834,1.981543,3.176415,0.080783,1.421630
26,USSR-KV5,124,20.520291,20.520042,1,5.412708,9.787875,2.292250,0.130416,2.542750,1.890247,3.350419,0.071795,1.478747
26,USSR-KV5,125,15.134375,15.133875,0,0.000042,11.697917,2.207916,0.111916,0.794250,1.985249,4.790755,0.068835,1.396666
26,USSR-KV5,126,17.912584,17.912166,1,5.301208,9.170459,2.405333,0.107250,0.590084,1.800167,3.151457,0.052620,1.457000
26,USSR-KV5,127,13.232292,13.232167,0,0.000000,9.305959,2.213917,0.095958,1.334250,1.815584,3.062291,0.050208,1.386663
26,USSR-KV5,128,18.400917,18.400708,1,5.461625,9.238500,2.515917,0.170334,0.663292,1.737041,3.140168,0.053294,1.426255
26,USSR-KV5,129,13.287042,13.286583,0,0.000041,8.916625,2.911417,0.176459,0.972458,1.875502,2.922583,0.050667,1.355751
26,USSR-KV5,130,22.734125,22.734000,1,5.502709,9.079000,2.584917,0.100292,4.995750,1.794460,3.041453,0.052125,1.366411
26,USSR-KV5,131,12.225583,12.225417,0,0.000042,8.816167,2.386667,0.182792,0.499625,1.850461,2.905586,0.051043,1.405593
26,USSR-KV5,132,17.670000,17.669542,1,5.140917,9.081625,2.248084,0.121458,0.726667,1.716169,3.055081,0.050796,1.382041
26,USSR-KV5,133,14.147625,14.147292,0,0.000041,9.273500,3.229459,0.114833,1.220167,1.855751,3.129457,0.050998,1.376125
26,USSR-KV5,134,20.184208,20.183667,1,5.753875,10.915000,2.388458,0.120500,0.630583,1.890206,4.233581,0.052251,1.756834
26,USSR-KV5,135,14.827917,14.827833,0,0.000042,10.893916,2.285791,0.101209,1.231250,1.893083,3.784792,0.054374,1.466249
26,USSR-KV5,136,18.927125,18.926833,1,5.377166,9.846375,2.391250,0.304958,0.630459,1.926622,3.661712,0.054502,1.518254
26,USSR-KV5,137,12.668000,12.667875,0,0.000041,9.098709,2.430166,0.115458,0.712000,1.805708,3.141629,0.052540,1.370080
26,USSR-KV5,138,20.789625,20.789375,1,5.341417,9.880583,2.532542,0.121459,2.532667,1.672250,3.276462,0.062457,1.446248
26,USSR-KV5,139,15.475625,15.475500,0,0.000041,9.322583,2.663167,0.117708,3.080292,1.717708,3.274546,0.064495,1.355705
26,USSR-KV5,140,18.883500,18.883209,1,5.146125,9.519291,2.188333,0.123917,1.552333,2.337623,3.207789,0.049875,1.348708
26,USSR-KV5,141,12.232750,12.232375,0,0.000041,8.745250,2.449541,0.100083,0.593083,1.681497,3.068123,0.047504,1.315495
26,USSR-KV5,142,17.633208,17.632750,1,5.200667,8.991916,2.293333,0.167000,0.622958,1.632834,3.105252,0.050124,1.372287
26,USSR-KV5,143,14.277791,14.277417,0,0.000000,8.808000,2.150750,0.297583,2.489541,1.842834,2.994715,0.052000,1.367917
26,USSR-KV5,144,18.796042,18.795166,1,5.059500,9.202667,2.363042,0.102667,1.705875,1.589874,2.937326,0.048663,1.315835
26,USSR-KV5,145,14.083708,14.083083,0,0.000041,8.485041,2.305375,0.109750,2.906542,1.688334,2.869828,0.051501,1.352326
26,USSR-KV5,146,17.575583,17.575291,1,5.301084,8.969208,2.191500,0.113542,0.661250,1.710545,3.035792,0.051793,1.362955
26,USSR-KV5,147,15.519625,15.519167,0,0.000084,8.670292,2.626500,0.174541,3.738209,1.713831,2.926833,0.050463,1.452214
26,USSR-KV5,148,18.288084,18.287833,1,5.261125,9.480625,2.426291,0.117750,0.670375,1.747712,3.160046,0.066955,1.440961
26,USSR-KV5,149,12.732292,12.732125,0,0.000209,8.632833,2.284209,0.120750,1.383583,1.806628,2.919922,0.049124,1.296461
26,USSR-KV5,150,20.509417,20.508750,1,5.193208,9.304750,2.468125,0.118500,3.049334,1.715706,3.087746,0.051418,1.475996
26,USSR-KV5,151,15.797583,15.797417,0,0.000042,8.717750,2.620334,0.129625,4.030083,1.754291,2.943375,0.050167,1.400337
26,USSR-KV5,152,18.025916,18.025584,1,5.195542,9.046375,2.174583,0.096041,1.147708,1.691292,3.095621,0.050709,1.390879
26,USSR-KV5,153,13.971083,13.970708,0,0.000041,8.803583,2.265250,0.107375,2.520792,1.872418,2.950546,0.049585,1.359291
26,USSR-KV5,154,19.909083,19.908875,1,5.145875,8.744083,2.334500,0.131833,3.223667,1.585417,2.888713,0.048456,1.323712
26,USSR-KV5,155,14.701500,14.701208,0,0.000000,8.366708,2.322584,0.101458,3.641416,1.738211,2.820794,0.050334,1.314916
26,USSR-KV5,156,19.000084,18.999667,1,5.480667,8.399500,2.389916,0.108167,2.270541,1.632664,2.868579,0.049917,1.294458
26,USSR-KV5,157,12.982709,12.982292,0,0.000042,8.595167,2.256958,0.106000,1.734708,1.760000,2.948458,0.048458,1.325085
26,USSR-KV5,158,18.017708,18.017459,1,5.082750,8.443917,2.556459,0.137125,1.408333,1.669792,2.891128,0.050290,1.353287
26,USSR-KV5,159,16.026792,16.026708,0,0.000041,10.060250,2.497250,0.099125,3.053958,2.757959,3.142542,0.050253,1.403707
26,USSR-KV5,160,18.390750,18.390542,1,5.091167,9.367167,2.295583,0.116375,0.965000,1.666997,2.942253,0.048339,1.317668
26,USSR-KV5,161,14.938167,14.938000,0,0.000000,9.071459,2.397750,0.114125,3.033375,1.722294,3.448958,0.068249,1.359001
26,USSR-KV5,162,18.122209,18.121917,1,5.079375,9.309792,2.290500,0.101000,0.998500,1.690666,3.193581,0.051289,1.347002
26,USSR-KV5,163,16.402584,16.402458,0,0.000041,8.792708,2.426417,0.221417,4.679208,1.954584,2.903996,0.049537,1.362252
26,USSR-KV5,164,16.988375,16.988000,1,5.114250,8.328542,2.319541,0.094917,0.801875,1.556791,2.837502,0.047249,1.248880
26,USSR-KV5,165,14.119458,14.119250,0,0.000000,8.411958,2.095375,0.103792,3.175125,1.822336,2.853875,0.047545,1.324959
26,USSR-KV5,166,16.980750,16.980375,1,5.129375,8.419750,2.188042,0.122375,0.653875,1.579420,2.881960,0.050040,1.330423
26,USSR-KV5,167,16.293000,16.292709,0,0.000042,8.764542,2.272208,0.098041,4.841916,2.004875,2.876086,0.049500,1.331249
26,USSR-KV5,168,20.176917,20.176375,1,5.269833,8.361458,2.181375,0.101167,3.915334,1.612330,2.903210,0.047168,1.315168
26,USSR-KV5,169,16.083750,16.083375,0,0.000459,8.222792,2.220125,0.103542,5.194708,1.600127,2.768163,0.055206,1.342124
26,USSR-KV5,170,18.811208,18.811000,1,4.984250,8.153834,2.180833,0.097625,3.022583,1.509789,2.744875,0.046915,1.255957
26,USSR-KV5,171,12.875625,12.875333,0,0.000000,8.458334,2.340375,0.115625,1.653583,1.677791,2.781874,0.049875,1.297960
26,USSR-KV5,172,18.219667,18.219417,1,5.222917,8.777958,2.724500,0.127083,0.890166,1.783671,3.008077,0.051211,1.348500
26,USSR-KV5,173,15.124708,15.124417,0,0.000125,8.787167,2.270625,0.129584,3.539000,1.853374,2.865667,0.050708,1.304918
26,USSR-KV5,174,21.084167,21.083542,1,6.093333,9.147291,3.079125,0.174667,2.221125,1.775211,3.166416,0.049626,1.298466
26,USSR-KV5,175,14.643625,14.643041,0,0.000000,10.185500,2.545833,0.127291,1.448834,2.541331,3.370000,0.077290,1.387497
26,USSR-KV5,176,18.762417,18.761625,1,6.103250,8.869167,2.602208,0.122083,0.697459,1.656167,3.156005,0.048706,1.306752
26,USSR-KV5,177,13.706458,13.706167,0,0.000041,8.863458,2.269584,0.111583,2.167875,1.765001,3.041955,0.049920,1.326875
26,USSR-KV5,178,17.835250,17.834333,1,5.458042,8.604375,2.555250,0.116958,0.612125,1.620498,2.935920,0.050545,1.293251
26,USSR-KV5,179,14.922917,14.922625,0,0.000084,8.664209,2.215750,0.126542,3.634375,1.786290,2.810750,0.048626,1.319002
26,USSR-KV5,180,17.820542,17.820291,1,5.342625,8.857375,2.167834,0.112750,1.003709,1.682789,2.982493,0.109878,1.369798
26,USSR-KV5,181,14.434667,14.434541,0,0.000000,8.538833,2.361583,0.095875,3.167792,1.683290,2.908624,0.049750,1.350500
26,USSR-KV5,182,17.446833,17.446417,1,5.265000,8.502333,2.513917,0.105500,0.727458,1.575956,2.928536,0.049002,1.331372
26,USSR-KV5,183,15.445042,15.444667,0,0.000167,8.849625,2.175292,0.115584,4.021625,1.768331,3.013913,0.052879,1.333962
26,USSR-KV5,184,17.656792,17.656292,1,5.220000,8.923667,2.261792,0.330292,0.560916,1.795123,2.928876,0.048624,1.318672
26,USSR-KV5,185,15.370958,15.370584,0,0.000042,8.561458,2.235333,0.126875,4.169292,1.805331,2.860247,0.051042,1.307206
26,USSR-KV5,186,17.817000,17.816500,1,5.155875,8.774750,2.532166,0.100459,0.929583,1.593791,2.939789,0.050540,1.362748
26,USSR-KV5,187,15.044709,15.044458,0,0.000042,8.831416,2.242208,0.112708,3.573875,1.769335,2.890336,0.051374,1.373414
26,USSR-KV5,188,18.252333,18.252125,1,5.856875,8.786000,2.252042,0.180625,0.855042,1.613998,3.251460,0.048874,1.313627
26,USSR-KV5,189,15.288875,15.288792,0,0.000041,8.528417,2.346417,0.107083,4.028584,1.718123,2.891960,0.049922,1.322795
26,USSR-KV5,190,17.441000,17.440417,1,5.031000,8.380542,2.501458,0.121875,1.080250,1.571958,2.854168,0.049624,1.353043
26,USSR-KV5,191,16.101833,16.101625,0,0.000000,8.879459,2.239875,0.132625,4.526834,1.786002,3.006536,0.054087,1.360213
26,USSR-KV5,192,19.795083,19.794709,1,5.296875,9.241792,2.176416,0.097167,2.631333,1.842873,3.059918,0.051208,1.470751
26,USSR-KV5,193,13.315625,13.315250,0,0.000041,8.639000,2.444958,0.106333,1.850292,1.670087,2.980376,0.049463,1.347035
26,USSR-KV5,194,19.417250,19.417042,1,5.182834,8.989667,2.360541,0.113916,2.428792,1.838417,3.004835,0.051585,1.390332
26,USSR-KV5,195,13.846250,13.846083,0,0.000000,8.259292,2.174458,0.090917,3.051250,1.672293,2.825376,0.050214,1.285712
26,USSR-KV5,196,18.344167,18.343875,1,5.039083,8.228875,2.198042,0.110375,2.418292,1.573003,2.773212,0.046876,1.333964
26,USSR-KV5,197,16.445458,16.445250,0,0.000084,8.853208,2.315625,0.115834,4.858666,1.829499,3.072710,0.050380,1.353374
26,USSR-KV5,198,18.784500,18.783875,1,5.755375,8.316333,2.396458,0.125166,1.823667,1.588958,2.817040,0.048580,1.291329
26,USSR-KV5,199,14.367625,14.367375,0,0.000042,8.623792,2.261125,0.114000,3.077500,1.677626,2.926631,0.050754,1.350248
26,USSR-KV5,200,19.523125,19.522583,1,5.393000,9.314958,2.406167,0.110500,1.940167,1.735915,2.975494,0.049129,1.323417
26,USSR-KV5,201,15.124416,15.124084,0,0.000000,8.432084,2.453166,0.123125,3.823084,1.642170,2.868756,0.049085,1.307829
26,USSR-KV5,202,17.715000,17.714416,1,5.316208,8.633375,2.553125,0.170666,0.640958,1.646791,2.926666,0.056048,1.339005
26,USSR-KV5,203,16.858083,16.857834,0,0.000291,8.523750,2.200250,0.123500,5.601250,1.743040,2.789580,0.047543,1.320994
26,USSR-KV5,204,17.733000,17.732792,1,5.263042,9.111458,2.237667,0.112834,0.664333,1.756086,3.043669,0.049123,1.355121
26,USSR-KV5,205,13.939459,13.939291,0,0.000125,8.880833,2.498208,0.114958,2.143792,1.764373,2.931421,0.049210,1.342546
26,USSR-KV5,206,17.378250,17.377750,1,5.514250,8.624417,2.117875,0.102750,0.676083,1.588541,2.886745,0.049206,1.343205
26,USSR-KV5,207,15.116875,15.116667,0,0.000000,8.529292,2.326708,0.102083,3.877167,1.695253,2.866833,0.049998,1.351622
26,USSR-KV5,208,18.912250,18.911959,1,5.244417,9.195042,2.353666,0.103334,1.644792,1.643542,3.017828,0.050542,1.401957
26,USSR-KV5,209,13.325750,13.325625,0,0.000416,8.486417,2.554708,0.119458,1.864625,1.822668,2.824040,0.051997,1.317125
26,USSR-KV5,210,18.077000,18.076708,1,5.284250,8.744875,2.310750,0.107417,1.279583,1.630953,3.019872,0.050502,1.375085
26,USSR-KV5,211,14.488458,14.488125,0,0.000042,8.756750,2.212417,0.103125,3.135333,1.690124,3.051705,0.050500,1.351876
26,USSR-KV5,212,18.803458,18.803250,1,5.131125,8.713458,2.285333,0.202750,2.138292,1.592543,2.907079,0.051206,1.349876
26,USSR-KV5,213,14.826792,14.826500,0,0.000000,8.411334,2.131250,0.102666,3.899750,1.866168,2.782750,0.049502,1.292704
26,USSR-KV5,214,20.309333,20.308959,1,5.427208,8.316583,2.387792,0.104417,3.754250,1.569626,2.817214,0.048453,1.310294
26,USSR-KV5,215,12.974333,12.974000,0,0.000041,8.467791,2.251167,0.234875,1.664459,1.726290,2.837920,0.057585,1.313253
26,USSR-KV5,216,18.743417,18.743167,1,5.071458,8.148667,2.325250,0.099083,2.784042,1.526876,2.788834,0.047670,1.311790
26,USSR-KV5,217,17.693541,17.693375,0,0.000042,8.525417,2.204459,0.107709,6.605084,1.651124,2.973832,0.048542,1.327214
26,USSR-KV5,218,19.150375,19.150000,1,5.169625,8.734709,2.197833,0.107625,2.624042,1.623832,2.973584,0.050631,1.321327
26,USSR-KV5,219,15.622917,15.622708,0,0.000042,10.061666,2.884334,0.110958,2.260208,1.676666,3.972499,0.049796,1.328710
26,USSR-KV5,220,18.458958,18.458625,1,5.451167,9.174708,2.449958,0.297000,0.696875,1.688836,3.211507,0.050791,1.362792
26,USSR-KV5,221,15.177084,15.176791,0,0.000042,9.180750,2.388833,0.128500,3.160708,1.913539,3.172000,0.054247,1.376789
26,USSR-KV5,222,21.424666,21.424584,1,5.922500,12.248333,2.094000,0.106375,0.693292,2.847085,4.267164,0.066292,2.154167
26,USSR-KV5,223,12.110916,12.110792,0,0.000084,8.842417,2.286084,0.107375,0.573625,1.748787,3.091537,0.051504,1.308366
26,USSR-KV5,224,17.050833,17.050625,1,5.066291,8.604208,2.336875,0.102375,0.624541,1.664374,2.995158,0.049416,1.341209
26,USSR-KV5,225,11.893041,11.892917,0,0.000000,8.604000,2.116917,0.090542,0.817333,1.730498,2.975957,0.048124,1.365293
26,USSR-KV5,226,17.222084,17.221875,1,5.065875,8.640875,2.265167,0.120250,0.790833,1.715586,2.859456,0.048625,1.375753
26,USSR-KV5,227,15.508292,15.507959,0,0.000042,8.487250,2.278959,0.127541,4.271792,1.690749,2.832546,0.052330,1.298371
26,USSR-KV5,228,18.913250,18.912542,1,5.053750,8.349875,2.277250,0.110709,2.791667,1.596375,2.757042,0.048290,1.295290
26,USSR-KV5,229,14.581917,14.581583,0,0.000041,8.486125,2.122333,0.111875,3.542709,1.675877,2.927498,0.048211,1.305880
26,USSR-KV5,230,17.547916,17.547584,1,4.967041,8.674375,2.239500,0.101875,1.239333,1.725043,2.971630,0.049165,1.346332
26,USSR-KV5,231,15.236833,15.236584,0,0.000042,8.376958,2.238875,0.102458,4.236958,1.651792,2.822291,0.048667,1.301708
26,USSR-KV5,232,18.063042,18.062708,1,5.055459,8.328000,2.291875,0.093666,1.948083,1.579543,2.828954,0.049084,1.308877
26,USSR-KV5,233,14.545042,14.544791,0,0.000000,8.298708,2.041791,0.096084,3.820667,1.662165,2.799205,0.049043,1.307084
26,USSR-KV5,234,17.880750,17.880416,1,4.961125,8.114792,2.417208,0.099167,1.959292,1.557253,2.774333,0.047045,1.297502
26,USSR-KV5,235,15.721750,15.721500,0,0.000042,8.710709,2.055000,0.089709,4.598917,1.816958,2.918415,0.050003,1.354919
26,USSR-KV5,236,21.884875,21.884666,1,5.237041,8.669417,2.238584,0.120083,5.258416,1.724584,2.922252,0.047210,1.267046
26,USSR-KV5,237,13.122416,13.122000,0,0.000334,8.496417,2.243625,0.110958,1.953166,1.805167,2.817582,0.048253,1.316582
26,USSR-KV5,238,20.108250,20.108000,1,5.478250,8.604584,2.379917,0.115541,3.179875,1.774289,2.955041,0.049623,1.314290
26,USSR-KV5,239,16.061375,16.061000,0,0.000208,9.120500,2.278625,0.116209,4.235625,1.872166,3.024163,0.050412,1.325081
26,USSR-KV5,240,18.991542,18.990792,1,5.314417,8.664583,2.569583,0.388250,1.723750,1.665999,2.960541,0.061333,1.433166
26,USSR-KV5,241,13.031792,13.031583,0,0.000042,8.806917,2.214875,0.114875,1.596083,1.777204,2.856917,0.047289,1.467956
26,USSR-KV5,242,17.592833,17.592750,1,5.062125,8.509584,2.437625,0.127000,1.061500,1.569250,2.909705,0.047959,1.314169
26,USSR-KV5,243,14.901459,14.901250,0,0.000000,8.512084,2.256708,0.241750,3.540417,1.671248,2.824744,0.048333,1.301210
26,USSR-KV5,244,18.561125,18.560625,1,5.272334,8.837875,2.412209,0.106333,1.518292,1.908040,2.920502,0.049747,1.338705
26,USSR-KV5,245,14.117458,14.117208,0,0.000125,8.431583,2.127709,0.112000,3.155209,1.674793,2.877213,0.047871,1.312253
26,USSR-KV5,246,17.053292,17.052916,1,5.118333,8.380416,2.213750,0.110916,0.887792,1.617205,2.875420,0.049458,1.327334
26,USSR-KV5,247,15.047875,15.047750,0,0.000042,8.300958,2.103250,0.120959,4.250666,1.671625,2.743579,0.049000,1.323751
26,USSR-KV5,248,19.806792,19.806083,1,5.026584,8.560167,2.217334,0.121083,3.572959,1.921668,2.839086,0.048005,1.295087
26,USSR-KV5,249,14.103750,14.103500,0,0.000209,8.482583,2.552000,0.146083,2.555875,1.739750,2.884708,0.051456,1.276955
26,USSR-KV5,250,20.000166,19.999750,1,4.959542,8.569542,2.107375,0.097500,3.947500,1.607042,2.917832,0.049753,1.369123
26,USSR-KV5,251,15.796708,15.796500,0,0.000041,8.306666,2.168500,0.089375,4.957584,1.706249,2.788123,0.049251,1.309921
26,USSR-KV5,252,17.440958,17.440709,1,5.011584,8.462875,2.315084,0.096625,1.126792,1.595961,2.957038,0.050500,1.295748
26,USSR-KV5,253,12.339917,12.339750,0,0.000041,8.373834,2.094250,0.111209,1.504208,1.750248,2.785502,0.048583,1.309661
26,USSR-KV5,254,17.550750,17.550542,1,4.984083,8.133834,2.198333,0.083375,1.864834,1.533581,2.778457,0.048835,1.284879
26,USSR-KV5,255,15.354042,15.353834,0,0.000000,8.241584,2.114834,0.120459,4.572833,1.622958,2.811540,0.047460,1.325418
26,USSR-KV5,256,18.038708,18.038333,1,5.064042,8.474167,2.258542,0.097709,1.779083,1.685252,2.881831,0.048875,1.340297
26,USSR-KV5,257,15.039667,15.039416,0,0.000042,8.350500,2.126583,0.091542,4.204625,1.666586,2.798049,0.048751,1.297206
26,USSR-KV5,258,18.353333,18.352834,1,5.044500,8.171959,2.304167,0.110208,2.410708,1.558250,2.816334,0.047583,1.316662
26,USSR-KV5,259,15.291875,15.291708,0,0.000000,8.693083,2.169791,0.139666,3.212959,1.539919,2.785165,0.046374,1.312501
26,USSR-KV5,260,17.881708,17.881459,1,5.076542,8.738875,2.091208,0.104292,1.528916,1.612583,3.081875,0.047912,1.302706
26,USSR-KV5,261,15.285792,15.285542,0,0.000167,8.318875,2.079250,0.160833,4.463625,1.732333,2.766748,0.049666,1.287253
26,USSR-KV5,262,16.584833,16.584625,1,4.947250,8.340375,2.133667,0.103500,0.724708,1.559417,2.767627,0.047417,1.293670
26,USSR-KV5,263,11.595084,11.594833,0,0.000125,8.454500,2.222666,0.101833,0.563916,1.732757,2.880711,0.053122,1.340507
26,USSR-KV5,264,17.182167,17.181459,1,5.337417,8.313334,2.239000,0.098833,0.881333,1.641918,2.897041,0.047294,1.347462
26,USSR-KV5,265,11.942458,11.942208,0,0.000042,8.840084,2.057750,0.099333,0.661375,1.758000,3.058587,0.048000,1.306789
26,USSR-KV5,266,16.375500,16.375208,1,4.848542,8.307709,2.214125,0.104958,0.549750,1.597208,2.876627,0.045583,1.260377
26,USSR-KV5,267,16.223625,16.223375,0,0.000042,8.476042,2.265250,0.120875,5.061167,1.767872,2.830122,0.047335,1.318202
26,USSR-KV5,268,18.189666,18.189083,1,5.155250,8.470459,2.165292,0.100291,1.970917,1.659580,2.861874,0.048997,1.289463
26,USSR-KV5,269,11.866000,11.865834,0,0.000625,8.285834,2.414584,0.117125,0.749667,1.642416,2.822004,0.046963,1.273295
26,USSR-KV5,270,17.493916,17.493834,1,4.835375,8.523417,2.275791,0.104875,1.377042,1.595543,2.942329,0.049125,1.331088
26,USSR-KV5,271,13.280292,13.280166,0,0.000041,8.192083,2.086875,0.103000,2.646625,1.665789,2.801876,0.047000,1.264420
26,USSR-KV5,272,17.160625,17.160000,1,4.943250,8.073333,2.175125,0.092458,1.553583,1.633665,2.690664,0.048418,1.272373
26,USSR-KV5,273,16.371417,16.371041,0,0.000042,8.340709,2.100709,0.094458,5.538625,1.744918,2.797915,0.048999,1.296832
26,USSR-KV5,274,18.059500,18.059000,1,5.275750,8.599041,2.224083,0.144791,1.470958,1.645916,3.128954,0.047163,1.294740
26,USSR-KV5,275,15.094167,15.093958,0,0.000583,8.580458,2.175958,0.107083,3.927833,1.813958,2.841539,0.049170,1.306629
26,USSR-KV5,276,20.871500,20.871291,1,4.968542,8.716750,2.306334,0.112750,4.420833,1.574581,2.833832,0.047791,1.304916
26,USSR-KV5,277,13.536375,13.536166,0,0.000000,8.097875,2.091917,0.096875,2.992291,1.610290,2.714413,0.048746,1.270584
26,USSR-KV5,278,18.801667,18.801416,1,5.083000,8.369667,2.153000,0.094584,2.780625,1.685377,2.836170,0.051586,1.304039
26,USSR-KV5,279,13.622208,13.621959,0,0.000000,8.367458,2.087291,0.098916,2.778542,1.690372,2.820500,0.047836,1.289420
26,USSR-KV5,280,20.648292,20.648000,1,4.946125,8.011750,2.152709,0.156125,5.071083,1.524085,2.722413,0.047705,1.263957
26,USSR-KV5,281,14.260708,14.260458,0,0.000042,8.178125,2.159208,0.120041,3.505209,1.545499,2.946833,0.045959,1.248581
26,USSR-KV5,282,20.763750,20.763416,1,5.091500,8.149417,2.177542,0.103667,4.898417,1.518332,2.785664,0.046791,1.259375
26,USSR-KV5,283,12.970042,12.969833,0,0.000000,8.286667,2.145833,0.155208,2.106708,1.738164,2.707914,0.047084,1.256912
26,USSR-KV5,284,18.223042,18.222708,1,4.808625,8.628125,2.270917,0.096250,2.085291,1.767665,2.961955,0.049084,1.333290
26,USSR-KV5,285,12.478458,12.478000,0,0.000000,8.591875,2.103209,0.109625,1.384333,1.639003,2.939043,0.046542,1.288786
26,USSR-KV5,286,17.950708,17.950334,1,5.088292,8.244833,2.274083,0.109000,1.899292,1.554669,2.737328,0.046958,1.250675
26,USSR-KV5,287,16.367500,16.367250,0,0.000042,8.475333,2.288083,0.203375,5.032167,1.759834,2.919499,0.049209,1.294536
26,USSR-KV5,288,18.773125,18.772916,1,5.869250,8.592500,2.350334,0.110958,1.475875,1.692628,2.989206,0.048749,1.276291
26,USSR-KV5,289,14.689833,14.689583,0,0.000291,8.724083,2.190917,0.115666,3.298042,1.797629,3.041918,0.050044,1.348297
26,USSR-KV5,290,17.643291,17.643209,1,4.959542,8.556375,2.283708,0.106375,1.407667,1.667005,2.896996,0.047877,1.310332
26,USSR-KV5,291,15.041167,15.040958,0,0.000042,8.423291,2.126792,0.136375,4.074709,1.752208,2.852291,0.061833,1.287539
26,USSR-KV5,292,17.341125,17.340792,1,5.094166,8.202750,2.136750,0.088000,1.491667,1.559791,2.788797,0.050540,1.292866
26,USSR-KV5,293,15.388750,15.388625,0,0.000000,8.193875,2.117792,0.079958,4.747875,1.640500,2.788037,0.048498,1.292251
26,USSR-KV5,294,18.202291,18.202084,1,5.020041,8.052209,2.164042,0.101750,2.536708,1.560042,2.724625,0.048337,1.272755
26,USSR-KV5,295,16.668541,16.668417,0,0.000000,8.470834,2.099458,0.116542,5.704542,1.699626,2.975420,0.046042,1.272250
26,USSR-KV5,296,18.725041,18.724834,1,5.197333,8.856958,2.403958,0.097000,1.765208,1.616753,2.977792,0.053872,1.304248
26,USSR-KV5,297,14.205417,14.205125,0,0.000084,8.660542,2.194417,0.119958,2.944667,1.809419,2.849710,0.051419,1.348454
26,USSR-KV5,298,17.161417,17.161000,1,4.974459,8.655958,2.326958,0.312084,0.558458,1.623500,2.944833,0.050205,1.334919
26,USSR-KV5,299,16.216584,16.216459,0,0.000041,8.478666,2.330667,0.108917,5.020625,1.754207,2.897878,0.050591,1.332750
26,USSR-KV5,300,17.367584,17.367458,1,5.072375,8.840125,2.229833,0.105459,0.784291,1.617748,3.029206,0.058457,1.345002
26,USSR-KV5,301,15.714583,15.714250,0,0.000042,8.615459,2.292917,0.105958,4.441417,1.745377,2.968793,0.050628,1.332001
26,USSR-KV5,302,18.334958,18.334625,1,5.180959,8.284292,2.185334,0.116500,2.203792,1.580252,2.792254,0.048586,1.294501
